2026-06-29 07:48:37 | === BENCHMARK STARTED ===
2026-06-29 07:48:37 | MODEL STARTED | ministral-3:3b
2026-06-29 07:48:37 | MODE STARTED | model=ministral-3:3b | mode=vocabulary_definition
2026-06-29 07:48:37 | RUN | model=ministral-3:3b | mode=vocabulary_definition | attempt=1
2026-06-29 07:48:49 | RUN | model=ministral-3:3b | mode=vocabulary_definition | attempt=2
2026-06-29 07:49:03 | RUN | model=ministral-3:3b | mode=vocabulary_definition | attempt=3
2026-06-29 07:49:15 | RUN | model=ministral-3:3b | mode=vocabulary_definition | attempt=4
2026-06-29 07:49:26 | RUN | model=ministral-3:3b | mode=vocabulary_definition | attempt=5
2026-06-29 07:49:40 | RUN | model=ministral-3:3b | mode=vocabulary_definition | attempt=6
2026-06-29 07:49:55 | RUN | model=ministral-3:3b | mode=vocabulary_definition | attempt=7
2026-06-29 07:50:07 | RUN | model=ministral-3:3b | mode=vocabulary_definition | attempt=8
2026-06-29 07:50:20 | RUN | model=ministral-3:3b | mode=vocabulary_definition | attempt=9
2026-06-29 07:50:33 | RUN | model=ministral-3:3b | mode=vocabulary_definition | attempt=10
2026-06-29 07:50:45 | RUN | model=ministral-3:3b | mode=vocabulary_definition | attempt=11
2026-06-29 07:50:58 | RUN | model=ministral-3:3b | mode=vocabulary_definition | attempt=12
2026-06-29 07:51:11 | RUN | model=ministral-3:3b | mode=vocabulary_definition | attempt=13
2026-06-29 07:51:25 | RUN | model=ministral-3:3b | mode=vocabulary_definition | attempt=14
2026-06-29 07:51:38 | RUN | model=ministral-3:3b | mode=vocabulary_definition | attempt=15
2026-06-29 07:51:52 | RUN | model=ministral-3:3b | mode=vocabulary_definition | attempt=16
2026-06-29 07:52:04 | RUN | model=ministral-3:3b | mode=vocabulary_definition | attempt=17
2026-06-29 07:52:16 | RUN | model=ministral-3:3b | mode=vocabulary_definition | attempt=18
2026-06-29 07:52:28 | RUN | model=ministral-3:3b | mode=vocabulary_definition | attempt=19
2026-06-29 07:52:42 | RUN | model=ministral-3:3b | mode=vocabulary_definition | attempt=20
2026-06-29 07:52:54 | RUN | model=ministral-3:3b | mode=vocabulary_definition | attempt=21
2026-06-29 07:53:08 | RUN | model=ministral-3:3b | mode=vocabulary_definition | attempt=22
2026-06-29 07:53:21 | RUN | model=ministral-3:3b | mode=vocabulary_definition | attempt=23
2026-06-29 07:53:34 | RUN | model=ministral-3:3b | mode=vocabulary_definition | attempt=24
2026-06-29 07:53:46 | RUN | model=ministral-3:3b | mode=vocabulary_definition | attempt=25
2026-06-29 07:53:59 | RUN | model=ministral-3:3b | mode=vocabulary_definition | attempt=26
2026-06-29 07:54:10 | RUN | model=ministral-3:3b | mode=vocabulary_definition | attempt=27
2026-06-29 07:54:23 | RUN | model=ministral-3:3b | mode=vocabulary_definition | attempt=28
2026-06-29 07:54:35 | RUN | model=ministral-3:3b | mode=vocabulary_definition | attempt=29
2026-06-29 07:54:49 | RUN | model=ministral-3:3b | mode=vocabulary_definition | attempt=30
2026-06-29 07:55:02 | RUN | model=ministral-3:3b | mode=vocabulary_definition | attempt=31
2026-06-29 07:55:14 | RUN | model=ministral-3:3b | mode=vocabulary_definition | attempt=32
2026-06-29 07:55:27 | RUN | model=ministral-3:3b | mode=vocabulary_definition | attempt=33
2026-06-29 07:55:40 | RUN | model=ministral-3:3b | mode=vocabulary_definition | attempt=34
2026-06-29 07:55:52 | RUN | model=ministral-3:3b | mode=vocabulary_definition | attempt=35
2026-06-29 07:56:05 | RUN | model=ministral-3:3b | mode=vocabulary_definition | attempt=36
2026-06-29 07:56:17 | RUN | model=ministral-3:3b | mode=vocabulary_definition | attempt=37
2026-06-29 07:56:30 | RUN | model=ministral-3:3b | mode=vocabulary_definition | attempt=38
2026-06-29 07:56:42 | RUN | model=ministral-3:3b | mode=vocabulary_definition | attempt=39
2026-06-29 07:56:55 | RUN | model=ministral-3:3b | mode=vocabulary_definition | attempt=40
2026-06-29 07:57:09 | RUN | model=ministral-3:3b | mode=vocabulary_definition | attempt=41
2026-06-29 07:57:22 | RUN | model=ministral-3:3b | mode=vocabulary_definition | attempt=42
2026-06-29 07:57:34 | RUN | model=ministral-3:3b | mode=vocabulary_definition | attempt=43
2026-06-29 07:57:48 | RUN | model=ministral-3:3b | mode=vocabulary_definition | attempt=44
2026-06-29 07:58:01 | RUN | model=ministral-3:3b | mode=vocabulary_definition | attempt=45
2026-06-29 07:58:15 | RUN | model=ministral-3:3b | mode=vocabulary_definition | attempt=46
2026-06-29 07:58:27 | RUN | model=ministral-3:3b | mode=vocabulary_definition | attempt=47
2026-06-29 07:58:39 | RUN | model=ministral-3:3b | mode=vocabulary_definition | attempt=48
2026-06-29 07:58:53 | RUN | model=ministral-3:3b | mode=vocabulary_definition | attempt=49
2026-06-29 07:59:05 | RUN | model=ministral-3:3b | mode=vocabulary_definition | attempt=50
2026-06-29 07:59:18 | RUN | model=ministral-3:3b | mode=vocabulary_definition | attempt=51
2026-06-29 07:59:31 | RUN | model=ministral-3:3b | mode=vocabulary_definition | attempt=52
2026-06-29 07:59:44 | RUN | model=ministral-3:3b | mode=vocabulary_definition | attempt=53
2026-06-29 07:59:56 | RUN | model=ministral-3:3b | mode=vocabulary_definition | attempt=54
2026-06-29 08:00:08 | RUN | model=ministral-3:3b | mode=vocabulary_definition | attempt=55
2026-06-29 08:00:21 | RUN | model=ministral-3:3b | mode=vocabulary_definition | attempt=56
2026-06-29 08:00:34 | RUN | model=ministral-3:3b | mode=vocabulary_definition | attempt=57
2026-06-29 08:00:47 | RUN | model=ministral-3:3b | mode=vocabulary_definition | attempt=58
2026-06-29 08:00:59 | RUN | model=ministral-3:3b | mode=vocabulary_definition | attempt=59
2026-06-29 08:01:12 | RUN | model=ministral-3:3b | mode=vocabulary_definition | attempt=60
2026-06-29 08:01:24 | RUN | model=ministral-3:3b | mode=vocabulary_definition | attempt=61
2026-06-29 08:01:37 | RUN | model=ministral-3:3b | mode=vocabulary_definition | attempt=62
2026-06-29 08:01:51 | RUN | model=ministral-3:3b | mode=vocabulary_definition | attempt=63
2026-06-29 08:02:03 | RUN | model=ministral-3:3b | mode=vocabulary_definition | attempt=64
2026-06-29 08:02:15 | RUN | model=ministral-3:3b | mode=vocabulary_definition | attempt=65
2026-06-29 08:02:28 | RUN | model=ministral-3:3b | mode=vocabulary_definition | attempt=66
2026-06-29 08:02:41 | RUN | model=ministral-3:3b | mode=vocabulary_definition | attempt=67
2026-06-29 08:02:53 | RUN | model=ministral-3:3b | mode=vocabulary_definition | attempt=68
2026-06-29 08:03:06 | RUN | model=ministral-3:3b | mode=vocabulary_definition | attempt=69
2026-06-29 08:03:18 | RUN | model=ministral-3:3b | mode=vocabulary_definition | attempt=70
2026-06-29 08:03:32 | RUN | model=ministral-3:3b | mode=vocabulary_definition | attempt=71
2026-06-29 08:03:45 | RUN | model=ministral-3:3b | mode=vocabulary_definition | attempt=72
2026-06-29 08:03:57 | RUN | model=ministral-3:3b | mode=vocabulary_definition | attempt=73
2026-06-29 08:04:11 | RUN | model=ministral-3:3b | mode=vocabulary_definition | attempt=74
2026-06-29 08:04:23 | RUN | model=ministral-3:3b | mode=vocabulary_definition | attempt=75
2026-06-29 08:04:36 | RUN | model=ministral-3:3b | mode=vocabulary_definition | attempt=76
2026-06-29 08:04:48 | RUN | model=ministral-3:3b | mode=vocabulary_definition | attempt=77
2026-06-29 08:05:00 | RUN | model=ministral-3:3b | mode=vocabulary_definition | attempt=78
2026-06-29 08:05:14 | RUN | model=ministral-3:3b | mode=vocabulary_definition | attempt=79
2026-06-29 08:05:29 | RUN | model=ministral-3:3b | mode=vocabulary_definition | attempt=80
2026-06-29 08:05:42 | RUN | model=ministral-3:3b | mode=vocabulary_definition | attempt=81
2026-06-29 08:05:54 | RUN | model=ministral-3:3b | mode=vocabulary_definition | attempt=82
2026-06-29 08:06:07 | RUN | model=ministral-3:3b | mode=vocabulary_definition | attempt=83
2026-06-29 08:06:19 | RUN | model=ministral-3:3b | mode=vocabulary_definition | attempt=84
2026-06-29 08:06:31 | RUN | model=ministral-3:3b | mode=vocabulary_definition | attempt=85
2026-06-29 08:06:45 | RUN | model=ministral-3:3b | mode=vocabulary_definition | attempt=86
2026-06-29 08:06:57 | RUN | model=ministral-3:3b | mode=vocabulary_definition | attempt=87
2026-06-29 08:07:09 | RUN | model=ministral-3:3b | mode=vocabulary_definition | attempt=88
2026-06-29 08:07:21 | RUN | model=ministral-3:3b | mode=vocabulary_definition | attempt=89
2026-06-29 08:07:35 | RUN | model=ministral-3:3b | mode=vocabulary_definition | attempt=90
2026-06-29 08:07:46 | RUN | model=ministral-3:3b | mode=vocabulary_definition | attempt=91
2026-06-29 08:08:01 | RUN | model=ministral-3:3b | mode=vocabulary_definition | attempt=92
2026-06-29 08:08:13 | RUN | model=ministral-3:3b | mode=vocabulary_definition | attempt=93
2026-06-29 08:08:26 | RUN | model=ministral-3:3b | mode=vocabulary_definition | attempt=94
2026-06-29 08:08:38 | RUN | model=ministral-3:3b | mode=vocabulary_definition | attempt=95
2026-06-29 08:08:51 | RUN | model=ministral-3:3b | mode=vocabulary_definition | attempt=96
2026-06-29 08:09:05 | RUN | model=ministral-3:3b | mode=vocabulary_definition | attempt=97
2026-06-29 08:09:18 | RUN | model=ministral-3:3b | mode=vocabulary_definition | attempt=98
2026-06-29 08:09:30 | RUN | model=ministral-3:3b | mode=vocabulary_definition | attempt=99
2026-06-29 08:09:42 | RUN | model=ministral-3:3b | mode=vocabulary_definition | attempt=100
2026-06-29 08:09:49 | SUMMARY SAVED | model=ministral-3:3b | mode=vocabulary_definition
2026-06-29 08:09:49 | MODE STARTED | model=ministral-3:3b | mode=vocabulary_match
2026-06-29 08:09:49 | RUN | model=ministral-3:3b | mode=vocabulary_match | attempt=1
2026-06-29 08:10:01 | RUN | model=ministral-3:3b | mode=vocabulary_match | attempt=2
2026-06-29 08:10:12 | RUN | model=ministral-3:3b | mode=vocabulary_match | attempt=3
2026-06-29 08:10:24 | RUN | model=ministral-3:3b | mode=vocabulary_match | attempt=4
2026-06-29 08:10:34 | RUN | model=ministral-3:3b | mode=vocabulary_match | attempt=5
2026-06-29 08:10:44 | RUN | model=ministral-3:3b | mode=vocabulary_match | attempt=6
2026-06-29 08:10:55 | RUN | model=ministral-3:3b | mode=vocabulary_match | attempt=7
2026-06-29 08:11:06 | RUN | model=ministral-3:3b | mode=vocabulary_match | attempt=8
2026-06-29 08:11:17 | RUN | model=ministral-3:3b | mode=vocabulary_match | attempt=9
2026-06-29 08:11:27 | RUN | model=ministral-3:3b | mode=vocabulary_match | attempt=10
2026-06-29 08:11:38 | RUN | model=ministral-3:3b | mode=vocabulary_match | attempt=11
2026-06-29 08:11:48 | RUN | model=ministral-3:3b | mode=vocabulary_match | attempt=12
2026-06-29 08:11:59 | RUN | model=ministral-3:3b | mode=vocabulary_match | attempt=13
2026-06-29 08:12:10 | RUN | model=ministral-3:3b | mode=vocabulary_match | attempt=14
2026-06-29 08:12:21 | RUN | model=ministral-3:3b | mode=vocabulary_match | attempt=15
2026-06-29 08:12:32 | RUN | model=ministral-3:3b | mode=vocabulary_match | attempt=16
2026-06-29 08:12:42 | RUN | model=ministral-3:3b | mode=vocabulary_match | attempt=17
2026-06-29 08:12:52 | RUN | model=ministral-3:3b | mode=vocabulary_match | attempt=18
2026-06-29 08:13:03 | RUN | model=ministral-3:3b | mode=vocabulary_match | attempt=19
2026-06-29 08:13:13 | RUN | model=ministral-3:3b | mode=vocabulary_match | attempt=20
2026-06-29 08:13:24 | RUN | model=ministral-3:3b | mode=vocabulary_match | attempt=21
2026-06-29 08:13:34 | RUN | model=ministral-3:3b | mode=vocabulary_match | attempt=22
2026-06-29 08:13:44 | RUN | model=ministral-3:3b | mode=vocabulary_match | attempt=23
2026-06-29 08:13:55 | RUN | model=ministral-3:3b | mode=vocabulary_match | attempt=24
2026-06-29 08:14:05 | RUN | model=ministral-3:3b | mode=vocabulary_match | attempt=25
2026-06-29 08:14:16 | RUN | model=ministral-3:3b | mode=vocabulary_match | attempt=26
2026-06-29 08:14:26 | RUN | model=ministral-3:3b | mode=vocabulary_match | attempt=27
2026-06-29 08:14:37 | RUN | model=ministral-3:3b | mode=vocabulary_match | attempt=28
2026-06-29 08:14:48 | RUN | model=ministral-3:3b | mode=vocabulary_match | attempt=29
2026-06-29 08:14:58 | RUN | model=ministral-3:3b | mode=vocabulary_match | attempt=30
2026-06-29 08:15:09 | RUN | model=ministral-3:3b | mode=vocabulary_match | attempt=31
2026-06-29 08:15:20 | RUN | model=ministral-3:3b | mode=vocabulary_match | attempt=32
2026-06-29 08:15:31 | RUN | model=ministral-3:3b | mode=vocabulary_match | attempt=33
2026-06-29 08:15:43 | RUN | model=ministral-3:3b | mode=vocabulary_match | attempt=34
2026-06-29 08:15:54 | RUN | model=ministral-3:3b | mode=vocabulary_match | attempt=35
2026-06-29 08:16:04 | RUN | model=ministral-3:3b | mode=vocabulary_match | attempt=36
2026-06-29 08:16:16 | RUN | model=ministral-3:3b | mode=vocabulary_match | attempt=37
2026-06-29 08:16:26 | RUN | model=ministral-3:3b | mode=vocabulary_match | attempt=38
2026-06-29 08:16:36 | RUN | model=ministral-3:3b | mode=vocabulary_match | attempt=39
2026-06-29 08:16:46 | RUN | model=ministral-3:3b | mode=vocabulary_match | attempt=40
2026-06-29 08:16:57 | RUN | model=ministral-3:3b | mode=vocabulary_match | attempt=41
2026-06-29 08:17:08 | RUN | model=ministral-3:3b | mode=vocabulary_match | attempt=42
2026-06-29 08:17:27 | RUN | model=ministral-3:3b | mode=vocabulary_match | attempt=43
2026-06-29 08:17:37 | RUN | model=ministral-3:3b | mode=vocabulary_match | attempt=44
2026-06-29 08:17:48 | RUN | model=ministral-3:3b | mode=vocabulary_match | attempt=45
2026-06-29 08:17:59 | RUN | model=ministral-3:3b | mode=vocabulary_match | attempt=46
2026-06-29 08:18:10 | RUN | model=ministral-3:3b | mode=vocabulary_match | attempt=47
2026-06-29 08:18:20 | RUN | model=ministral-3:3b | mode=vocabulary_match | attempt=48
2026-06-29 08:18:30 | RUN | model=ministral-3:3b | mode=vocabulary_match | attempt=49
2026-06-29 08:18:41 | RUN | model=ministral-3:3b | mode=vocabulary_match | attempt=50
2026-06-29 08:18:52 | RUN | model=ministral-3:3b | mode=vocabulary_match | attempt=51
2026-06-29 08:19:03 | RUN | model=ministral-3:3b | mode=vocabulary_match | attempt=52
2026-06-29 08:19:14 | RUN | model=ministral-3:3b | mode=vocabulary_match | attempt=53
2026-06-29 08:19:24 | RUN | model=ministral-3:3b | mode=vocabulary_match | attempt=54
2026-06-29 08:19:34 | RUN | model=ministral-3:3b | mode=vocabulary_match | attempt=55
2026-06-29 08:19:45 | RUN | model=ministral-3:3b | mode=vocabulary_match | attempt=56
2026-06-29 08:19:56 | RUN | model=ministral-3:3b | mode=vocabulary_match | attempt=57
2026-06-29 08:20:06 | RUN | model=ministral-3:3b | mode=vocabulary_match | attempt=58
2026-06-29 08:20:18 | RUN | model=ministral-3:3b | mode=vocabulary_match | attempt=59
2026-06-29 08:20:29 | RUN | model=ministral-3:3b | mode=vocabulary_match | attempt=60
2026-06-29 08:20:39 | RUN | model=ministral-3:3b | mode=vocabulary_match | attempt=61
2026-06-29 08:20:49 | RUN | model=ministral-3:3b | mode=vocabulary_match | attempt=62
2026-06-29 08:20:59 | RUN | model=ministral-3:3b | mode=vocabulary_match | attempt=63
2026-06-29 08:21:09 | RUN | model=ministral-3:3b | mode=vocabulary_match | attempt=64
2026-06-29 08:21:21 | RUN | model=ministral-3:3b | mode=vocabulary_match | attempt=65
2026-06-29 08:21:31 | RUN | model=ministral-3:3b | mode=vocabulary_match | attempt=66
2026-06-29 08:21:41 | RUN | model=ministral-3:3b | mode=vocabulary_match | attempt=67
2026-06-29 08:21:52 | RUN | model=ministral-3:3b | mode=vocabulary_match | attempt=68
2026-06-29 08:22:02 | RUN | model=ministral-3:3b | mode=vocabulary_match | attempt=69
2026-06-29 08:22:13 | RUN | model=ministral-3:3b | mode=vocabulary_match | attempt=70
2026-06-29 08:22:24 | RUN | model=ministral-3:3b | mode=vocabulary_match | attempt=71
2026-06-29 08:22:34 | RUN | model=ministral-3:3b | mode=vocabulary_match | attempt=72
2026-06-29 08:22:45 | RUN | model=ministral-3:3b | mode=vocabulary_match | attempt=73
2026-06-29 08:22:55 | RUN | model=ministral-3:3b | mode=vocabulary_match | attempt=74
2026-06-29 08:23:06 | RUN | model=ministral-3:3b | mode=vocabulary_match | attempt=75
2026-06-29 08:23:17 | RUN | model=ministral-3:3b | mode=vocabulary_match | attempt=76
2026-06-29 08:23:28 | RUN | model=ministral-3:3b | mode=vocabulary_match | attempt=77
2026-06-29 08:23:39 | RUN | model=ministral-3:3b | mode=vocabulary_match | attempt=78
2026-06-29 08:23:51 | RUN | model=ministral-3:3b | mode=vocabulary_match | attempt=79
2026-06-29 08:24:02 | RUN | model=ministral-3:3b | mode=vocabulary_match | attempt=80
2026-06-29 08:24:12 | RUN | model=ministral-3:3b | mode=vocabulary_match | attempt=81
2026-06-29 08:24:23 | RUN | model=ministral-3:3b | mode=vocabulary_match | attempt=82
2026-06-29 08:24:33 | RUN | model=ministral-3:3b | mode=vocabulary_match | attempt=83
2026-06-29 08:24:44 | RUN | model=ministral-3:3b | mode=vocabulary_match | attempt=84
2026-06-29 08:24:55 | RUN | model=ministral-3:3b | mode=vocabulary_match | attempt=85
2026-06-29 08:25:05 | RUN | model=ministral-3:3b | mode=vocabulary_match | attempt=86
2026-06-29 08:25:16 | RUN | model=ministral-3:3b | mode=vocabulary_match | attempt=87
2026-06-29 08:25:26 | RUN | model=ministral-3:3b | mode=vocabulary_match | attempt=88
2026-06-29 08:25:36 | RUN | model=ministral-3:3b | mode=vocabulary_match | attempt=89
2026-06-29 08:25:49 | RUN | model=ministral-3:3b | mode=vocabulary_match | attempt=90
2026-06-29 08:25:59 | RUN | model=ministral-3:3b | mode=vocabulary_match | attempt=91
2026-06-29 08:26:10 | RUN | model=ministral-3:3b | mode=vocabulary_match | attempt=92
2026-06-29 08:26:20 | RUN | model=ministral-3:3b | mode=vocabulary_match | attempt=93
2026-06-29 08:26:31 | RUN | model=ministral-3:3b | mode=vocabulary_match | attempt=94
2026-06-29 08:26:42 | RUN | model=ministral-3:3b | mode=vocabulary_match | attempt=95
2026-06-29 08:26:52 | RUN | model=ministral-3:3b | mode=vocabulary_match | attempt=96
2026-06-29 08:27:03 | RUN | model=ministral-3:3b | mode=vocabulary_match | attempt=97
2026-06-29 08:27:13 | RUN | model=ministral-3:3b | mode=vocabulary_match | attempt=98
2026-06-29 08:27:23 | RUN | model=ministral-3:3b | mode=vocabulary_match | attempt=99
2026-06-29 08:27:34 | RUN | model=ministral-3:3b | mode=vocabulary_match | attempt=100
2026-06-29 08:27:39 | SUMMARY SAVED | model=ministral-3:3b | mode=vocabulary_match
2026-06-29 08:27:39 | MODE STARTED | model=ministral-3:3b | mode=vocabulary_synonym
2026-06-29 08:27:39 | RUN | model=ministral-3:3b | mode=vocabulary_synonym | attempt=1
2026-06-29 08:27:50 | RUN | model=ministral-3:3b | mode=vocabulary_synonym | attempt=2
2026-06-29 08:28:01 | RUN | model=ministral-3:3b | mode=vocabulary_synonym | attempt=3
2026-06-29 08:28:11 | RUN | model=ministral-3:3b | mode=vocabulary_synonym | attempt=4
2026-06-29 08:28:21 | RUN | model=ministral-3:3b | mode=vocabulary_synonym | attempt=5
2026-06-29 08:28:32 | RUN | model=ministral-3:3b | mode=vocabulary_synonym | attempt=6
2026-06-29 08:28:42 | RUN | model=ministral-3:3b | mode=vocabulary_synonym | attempt=7
2026-06-29 08:28:53 | RUN | model=ministral-3:3b | mode=vocabulary_synonym | attempt=8
2026-06-29 08:29:03 | RUN | model=ministral-3:3b | mode=vocabulary_synonym | attempt=9
2026-06-29 08:29:14 | RUN | model=ministral-3:3b | mode=vocabulary_synonym | attempt=10
2026-06-29 08:29:24 | RUN | model=ministral-3:3b | mode=vocabulary_synonym | attempt=11
2026-06-29 08:29:34 | RUN | model=ministral-3:3b | mode=vocabulary_synonym | attempt=12
2026-06-29 08:29:45 | RUN | model=ministral-3:3b | mode=vocabulary_synonym | attempt=13
2026-06-29 08:29:55 | RUN | model=ministral-3:3b | mode=vocabulary_synonym | attempt=14
2026-06-29 08:30:06 | RUN | model=ministral-3:3b | mode=vocabulary_synonym | attempt=15
2026-06-29 08:30:16 | RUN | model=ministral-3:3b | mode=vocabulary_synonym | attempt=16
2026-06-29 08:30:27 | RUN | model=ministral-3:3b | mode=vocabulary_synonym | attempt=17
2026-06-29 08:30:37 | RUN | model=ministral-3:3b | mode=vocabulary_synonym | attempt=18
2026-06-29 08:30:48 | RUN | model=ministral-3:3b | mode=vocabulary_synonym | attempt=19
2026-06-29 08:30:58 | RUN | model=ministral-3:3b | mode=vocabulary_synonym | attempt=20
2026-06-29 08:31:08 | RUN | model=ministral-3:3b | mode=vocabulary_synonym | attempt=21
2026-06-29 08:31:19 | RUN | model=ministral-3:3b | mode=vocabulary_synonym | attempt=22
2026-06-29 08:31:29 | RUN | model=ministral-3:3b | mode=vocabulary_synonym | attempt=23
2026-06-29 08:31:40 | RUN | model=ministral-3:3b | mode=vocabulary_synonym | attempt=24
2026-06-29 08:31:50 | RUN | model=ministral-3:3b | mode=vocabulary_synonym | attempt=25
2026-06-29 08:32:01 | RUN | model=ministral-3:3b | mode=vocabulary_synonym | attempt=26
2026-06-29 08:32:11 | RUN | model=ministral-3:3b | mode=vocabulary_synonym | attempt=27
2026-06-29 08:32:22 | RUN | model=ministral-3:3b | mode=vocabulary_synonym | attempt=28
2026-06-29 08:32:32 | RUN | model=ministral-3:3b | mode=vocabulary_synonym | attempt=29
2026-06-29 08:32:42 | RUN | model=ministral-3:3b | mode=vocabulary_synonym | attempt=30
2026-06-29 08:32:53 | RUN | model=ministral-3:3b | mode=vocabulary_synonym | attempt=31
2026-06-29 08:33:03 | RUN | model=ministral-3:3b | mode=vocabulary_synonym | attempt=32
2026-06-29 08:33:14 | RUN | model=ministral-3:3b | mode=vocabulary_synonym | attempt=33
2026-06-29 08:33:24 | RUN | model=ministral-3:3b | mode=vocabulary_synonym | attempt=34
2026-06-29 08:33:35 | RUN | model=ministral-3:3b | mode=vocabulary_synonym | attempt=35
2026-06-29 08:33:45 | RUN | model=ministral-3:3b | mode=vocabulary_synonym | attempt=36
2026-06-29 08:33:56 | RUN | model=ministral-3:3b | mode=vocabulary_synonym | attempt=37
2026-06-29 08:34:06 | RUN | model=ministral-3:3b | mode=vocabulary_synonym | attempt=38
2026-06-29 08:34:17 | RUN | model=ministral-3:3b | mode=vocabulary_synonym | attempt=39
2026-06-29 08:34:27 | RUN | model=ministral-3:3b | mode=vocabulary_synonym | attempt=40
2026-06-29 08:34:38 | RUN | model=ministral-3:3b | mode=vocabulary_synonym | attempt=41
2026-06-29 08:34:48 | RUN | model=ministral-3:3b | mode=vocabulary_synonym | attempt=42
2026-06-29 08:34:59 | RUN | model=ministral-3:3b | mode=vocabulary_synonym | attempt=43
2026-06-29 08:35:09 | RUN | model=ministral-3:3b | mode=vocabulary_synonym | attempt=44
2026-06-29 08:35:20 | RUN | model=ministral-3:3b | mode=vocabulary_synonym | attempt=45
2026-06-29 08:35:30 | RUN | model=ministral-3:3b | mode=vocabulary_synonym | attempt=46
2026-06-29 08:35:40 | RUN | model=ministral-3:3b | mode=vocabulary_synonym | attempt=47
2026-06-29 08:35:51 | RUN | model=ministral-3:3b | mode=vocabulary_synonym | attempt=48
2026-06-29 08:36:01 | RUN | model=ministral-3:3b | mode=vocabulary_synonym | attempt=49
2026-06-29 08:36:12 | RUN | model=ministral-3:3b | mode=vocabulary_synonym | attempt=50
2026-06-29 08:36:22 | RUN | model=ministral-3:3b | mode=vocabulary_synonym | attempt=51
2026-06-29 08:36:33 | RUN | model=ministral-3:3b | mode=vocabulary_synonym | attempt=52
2026-06-29 08:36:43 | RUN | model=ministral-3:3b | mode=vocabulary_synonym | attempt=53
2026-06-29 08:36:53 | RUN | model=ministral-3:3b | mode=vocabulary_synonym | attempt=54
2026-06-29 08:37:04 | RUN | model=ministral-3:3b | mode=vocabulary_synonym | attempt=55
2026-06-29 08:37:14 | RUN | model=ministral-3:3b | mode=vocabulary_synonym | attempt=56
2026-06-29 08:37:25 | RUN | model=ministral-3:3b | mode=vocabulary_synonym | attempt=57
2026-06-29 08:37:35 | RUN | model=ministral-3:3b | mode=vocabulary_synonym | attempt=58
2026-06-29 08:37:45 | RUN | model=ministral-3:3b | mode=vocabulary_synonym | attempt=59
2026-06-29 08:37:56 | RUN | model=ministral-3:3b | mode=vocabulary_synonym | attempt=60
2026-06-29 08:38:06 | RUN | model=ministral-3:3b | mode=vocabulary_synonym | attempt=61
2026-06-29 08:38:17 | RUN | model=ministral-3:3b | mode=vocabulary_synonym | attempt=62
2026-06-29 08:38:27 | RUN | model=ministral-3:3b | mode=vocabulary_synonym | attempt=63
2026-06-29 08:38:38 | RUN | model=ministral-3:3b | mode=vocabulary_synonym | attempt=64
2026-06-29 08:38:48 | RUN | model=ministral-3:3b | mode=vocabulary_synonym | attempt=65
2026-06-29 08:38:59 | RUN | model=ministral-3:3b | mode=vocabulary_synonym | attempt=66
2026-06-29 08:39:09 | RUN | model=ministral-3:3b | mode=vocabulary_synonym | attempt=67
2026-06-29 08:39:20 | RUN | model=ministral-3:3b | mode=vocabulary_synonym | attempt=68
2026-06-29 08:39:30 | RUN | model=ministral-3:3b | mode=vocabulary_synonym | attempt=69
2026-06-29 08:39:41 | RUN | model=ministral-3:3b | mode=vocabulary_synonym | attempt=70
2026-06-29 08:39:51 | RUN | model=ministral-3:3b | mode=vocabulary_synonym | attempt=71
2026-06-29 08:40:02 | RUN | model=ministral-3:3b | mode=vocabulary_synonym | attempt=72
2026-06-29 08:40:12 | RUN | model=ministral-3:3b | mode=vocabulary_synonym | attempt=73
2026-06-29 08:40:22 | RUN | model=ministral-3:3b | mode=vocabulary_synonym | attempt=74
2026-06-29 08:40:33 | RUN | model=ministral-3:3b | mode=vocabulary_synonym | attempt=75
2026-06-29 08:40:43 | RUN | model=ministral-3:3b | mode=vocabulary_synonym | attempt=76
2026-06-29 08:40:54 | RUN | model=ministral-3:3b | mode=vocabulary_synonym | attempt=77
2026-06-29 08:41:04 | RUN | model=ministral-3:3b | mode=vocabulary_synonym | attempt=78
2026-06-29 08:41:14 | RUN | model=ministral-3:3b | mode=vocabulary_synonym | attempt=79
2026-06-29 08:41:25 | RUN | model=ministral-3:3b | mode=vocabulary_synonym | attempt=80
2026-06-29 08:41:35 | RUN | model=ministral-3:3b | mode=vocabulary_synonym | attempt=81
2026-06-29 08:41:46 | RUN | model=ministral-3:3b | mode=vocabulary_synonym | attempt=82
2026-06-29 08:41:56 | RUN | model=ministral-3:3b | mode=vocabulary_synonym | attempt=83
2026-06-29 08:42:06 | RUN | model=ministral-3:3b | mode=vocabulary_synonym | attempt=84
2026-06-29 08:42:17 | RUN | model=ministral-3:3b | mode=vocabulary_synonym | attempt=85
2026-06-29 08:42:28 | RUN | model=ministral-3:3b | mode=vocabulary_synonym | attempt=86
2026-06-29 08:42:38 | RUN | model=ministral-3:3b | mode=vocabulary_synonym | attempt=87
2026-06-29 08:42:49 | RUN | model=ministral-3:3b | mode=vocabulary_synonym | attempt=88
2026-06-29 08:42:59 | RUN | model=ministral-3:3b | mode=vocabulary_synonym | attempt=89
2026-06-29 08:43:10 | RUN | model=ministral-3:3b | mode=vocabulary_synonym | attempt=90
2026-06-29 08:43:20 | RUN | model=ministral-3:3b | mode=vocabulary_synonym | attempt=91
2026-06-29 08:43:30 | RUN | model=ministral-3:3b | mode=vocabulary_synonym | attempt=92
2026-06-29 08:43:41 | RUN | model=ministral-3:3b | mode=vocabulary_synonym | attempt=93
2026-06-29 08:43:51 | RUN | model=ministral-3:3b | mode=vocabulary_synonym | attempt=94
2026-06-29 08:44:01 | RUN | model=ministral-3:3b | mode=vocabulary_synonym | attempt=95
2026-06-29 08:44:12 | RUN | model=ministral-3:3b | mode=vocabulary_synonym | attempt=96
2026-06-29 08:44:22 | RUN | model=ministral-3:3b | mode=vocabulary_synonym | attempt=97
2026-06-29 08:44:33 | RUN | model=ministral-3:3b | mode=vocabulary_synonym | attempt=98
2026-06-29 08:44:43 | RUN | model=ministral-3:3b | mode=vocabulary_synonym | attempt=99
2026-06-29 08:44:54 | RUN | model=ministral-3:3b | mode=vocabulary_synonym | attempt=100
2026-06-29 08:45:00 | SUMMARY SAVED | model=ministral-3:3b | mode=vocabulary_synonym
2026-06-29 08:45:00 | MODE STARTED | model=ministral-3:3b | mode=vocabulary_antonym
2026-06-29 08:45:00 | RUN | model=ministral-3:3b | mode=vocabulary_antonym | attempt=1
2026-06-29 08:45:10 | RUN | model=ministral-3:3b | mode=vocabulary_antonym | attempt=2
2026-06-29 08:45:21 | RUN | model=ministral-3:3b | mode=vocabulary_antonym | attempt=3
2026-06-29 08:45:31 | RUN | model=ministral-3:3b | mode=vocabulary_antonym | attempt=4
2026-06-29 08:45:41 | RUN | model=ministral-3:3b | mode=vocabulary_antonym | attempt=5
2026-06-29 08:45:52 | RUN | model=ministral-3:3b | mode=vocabulary_antonym | attempt=6
2026-06-29 08:46:02 | RUN | model=ministral-3:3b | mode=vocabulary_antonym | attempt=7
2026-06-29 08:46:12 | RUN | model=ministral-3:3b | mode=vocabulary_antonym | attempt=8
2026-06-29 08:46:23 | RUN | model=ministral-3:3b | mode=vocabulary_antonym | attempt=9
2026-06-29 08:46:33 | RUN | model=ministral-3:3b | mode=vocabulary_antonym | attempt=10
2026-06-29 08:46:43 | RUN | model=ministral-3:3b | mode=vocabulary_antonym | attempt=11
2026-06-29 08:46:54 | RUN | model=ministral-3:3b | mode=vocabulary_antonym | attempt=12
2026-06-29 08:47:04 | RUN | model=ministral-3:3b | mode=vocabulary_antonym | attempt=13
2026-06-29 08:47:14 | RUN | model=ministral-3:3b | mode=vocabulary_antonym | attempt=14
2026-06-29 08:47:24 | RUN | model=ministral-3:3b | mode=vocabulary_antonym | attempt=15
2026-06-29 08:47:35 | RUN | model=ministral-3:3b | mode=vocabulary_antonym | attempt=16
2026-06-29 08:47:45 | RUN | model=ministral-3:3b | mode=vocabulary_antonym | attempt=17
2026-06-29 08:47:55 | RUN | model=ministral-3:3b | mode=vocabulary_antonym | attempt=18
2026-06-29 08:48:06 | RUN | model=ministral-3:3b | mode=vocabulary_antonym | attempt=19
2026-06-29 08:48:16 | RUN | model=ministral-3:3b | mode=vocabulary_antonym | attempt=20
2026-06-29 08:48:27 | RUN | model=ministral-3:3b | mode=vocabulary_antonym | attempt=21
2026-06-29 08:48:37 | RUN | model=ministral-3:3b | mode=vocabulary_antonym | attempt=22
2026-06-29 08:48:47 | RUN | model=ministral-3:3b | mode=vocabulary_antonym | attempt=23
2026-06-29 08:48:57 | RUN | model=ministral-3:3b | mode=vocabulary_antonym | attempt=24
2026-06-29 08:49:08 | RUN | model=ministral-3:3b | mode=vocabulary_antonym | attempt=25
2026-06-29 08:49:18 | RUN | model=ministral-3:3b | mode=vocabulary_antonym | attempt=26
2026-06-29 08:49:28 | RUN | model=ministral-3:3b | mode=vocabulary_antonym | attempt=27
2026-06-29 08:49:39 | RUN | model=ministral-3:3b | mode=vocabulary_antonym | attempt=28
2026-06-29 08:49:49 | RUN | model=ministral-3:3b | mode=vocabulary_antonym | attempt=29
2026-06-29 08:49:59 | RUN | model=ministral-3:3b | mode=vocabulary_antonym | attempt=30
2026-06-29 08:50:09 | RUN | model=ministral-3:3b | mode=vocabulary_antonym | attempt=31
2026-06-29 08:50:20 | RUN | model=ministral-3:3b | mode=vocabulary_antonym | attempt=32
2026-06-29 08:50:30 | RUN | model=ministral-3:3b | mode=vocabulary_antonym | attempt=33
2026-06-29 08:50:40 | RUN | model=ministral-3:3b | mode=vocabulary_antonym | attempt=34
2026-06-29 08:50:51 | RUN | model=ministral-3:3b | mode=vocabulary_antonym | attempt=35
2026-06-29 08:51:01 | RUN | model=ministral-3:3b | mode=vocabulary_antonym | attempt=36
2026-06-29 08:51:11 | RUN | model=ministral-3:3b | mode=vocabulary_antonym | attempt=37
2026-06-29 08:51:21 | RUN | model=ministral-3:3b | mode=vocabulary_antonym | attempt=38
2026-06-29 08:51:32 | RUN | model=ministral-3:3b | mode=vocabulary_antonym | attempt=39
2026-06-29 08:51:42 | RUN | model=ministral-3:3b | mode=vocabulary_antonym | attempt=40
2026-06-29 08:51:52 | RUN | model=ministral-3:3b | mode=vocabulary_antonym | attempt=41
2026-06-29 08:52:03 | RUN | model=ministral-3:3b | mode=vocabulary_antonym | attempt=42
2026-06-29 08:52:13 | RUN | model=ministral-3:3b | mode=vocabulary_antonym | attempt=43
2026-06-29 08:52:23 | RUN | model=ministral-3:3b | mode=vocabulary_antonym | attempt=44
2026-06-29 08:52:34 | RUN | model=ministral-3:3b | mode=vocabulary_antonym | attempt=45
2026-06-29 08:52:44 | RUN | model=ministral-3:3b | mode=vocabulary_antonym | attempt=46
2026-06-29 08:52:54 | RUN | model=ministral-3:3b | mode=vocabulary_antonym | attempt=47
2026-06-29 08:53:04 | RUN | model=ministral-3:3b | mode=vocabulary_antonym | attempt=48
2026-06-29 08:53:14 | RUN | model=ministral-3:3b | mode=vocabulary_antonym | attempt=49
2026-06-29 08:53:24 | RUN | model=ministral-3:3b | mode=vocabulary_antonym | attempt=50
2026-06-29 08:53:35 | RUN | model=ministral-3:3b | mode=vocabulary_antonym | attempt=51
2026-06-29 08:53:45 | RUN | model=ministral-3:3b | mode=vocabulary_antonym | attempt=52
2026-06-29 08:53:55 | RUN | model=ministral-3:3b | mode=vocabulary_antonym | attempt=53
2026-06-29 08:54:06 | RUN | model=ministral-3:3b | mode=vocabulary_antonym | attempt=54
2026-06-29 08:54:16 | RUN | model=ministral-3:3b | mode=vocabulary_antonym | attempt=55
2026-06-29 08:54:26 | RUN | model=ministral-3:3b | mode=vocabulary_antonym | attempt=56
2026-06-29 08:54:36 | RUN | model=ministral-3:3b | mode=vocabulary_antonym | attempt=57
2026-06-29 08:54:47 | RUN | model=ministral-3:3b | mode=vocabulary_antonym | attempt=58
2026-06-29 08:54:57 | RUN | model=ministral-3:3b | mode=vocabulary_antonym | attempt=59
2026-06-29 08:55:07 | RUN | model=ministral-3:3b | mode=vocabulary_antonym | attempt=60
2026-06-29 08:55:18 | RUN | model=ministral-3:3b | mode=vocabulary_antonym | attempt=61
2026-06-29 08:55:28 | RUN | model=ministral-3:3b | mode=vocabulary_antonym | attempt=62
2026-06-29 08:55:38 | RUN | model=ministral-3:3b | mode=vocabulary_antonym | attempt=63
2026-06-29 08:55:48 | RUN | model=ministral-3:3b | mode=vocabulary_antonym | attempt=64
2026-06-29 08:55:59 | RUN | model=ministral-3:3b | mode=vocabulary_antonym | attempt=65
2026-06-29 08:56:09 | RUN | model=ministral-3:3b | mode=vocabulary_antonym | attempt=66
2026-06-29 08:56:19 | RUN | model=ministral-3:3b | mode=vocabulary_antonym | attempt=67
2026-06-29 08:56:30 | RUN | model=ministral-3:3b | mode=vocabulary_antonym | attempt=68
2026-06-29 08:56:40 | RUN | model=ministral-3:3b | mode=vocabulary_antonym | attempt=69
2026-06-29 08:56:50 | RUN | model=ministral-3:3b | mode=vocabulary_antonym | attempt=70
2026-06-29 08:57:00 | RUN | model=ministral-3:3b | mode=vocabulary_antonym | attempt=71
2026-06-29 08:57:10 | RUN | model=ministral-3:3b | mode=vocabulary_antonym | attempt=72
2026-06-29 08:57:21 | RUN | model=ministral-3:3b | mode=vocabulary_antonym | attempt=73
2026-06-29 08:57:31 | RUN | model=ministral-3:3b | mode=vocabulary_antonym | attempt=74
2026-06-29 08:57:41 | RUN | model=ministral-3:3b | mode=vocabulary_antonym | attempt=75
2026-06-29 08:57:51 | RUN | model=ministral-3:3b | mode=vocabulary_antonym | attempt=76
2026-06-29 08:58:02 | RUN | model=ministral-3:3b | mode=vocabulary_antonym | attempt=77
2026-06-29 08:58:12 | RUN | model=ministral-3:3b | mode=vocabulary_antonym | attempt=78
2026-06-29 08:58:22 | RUN | model=ministral-3:3b | mode=vocabulary_antonym | attempt=79
2026-06-29 08:58:33 | RUN | model=ministral-3:3b | mode=vocabulary_antonym | attempt=80
2026-06-29 08:58:43 | RUN | model=ministral-3:3b | mode=vocabulary_antonym | attempt=81
2026-06-29 08:58:53 | RUN | model=ministral-3:3b | mode=vocabulary_antonym | attempt=82
2026-06-29 08:59:03 | RUN | model=ministral-3:3b | mode=vocabulary_antonym | attempt=83
2026-06-29 08:59:14 | RUN | model=ministral-3:3b | mode=vocabulary_antonym | attempt=84
2026-06-29 08:59:24 | RUN | model=ministral-3:3b | mode=vocabulary_antonym | attempt=85
2026-06-29 08:59:34 | RUN | model=ministral-3:3b | mode=vocabulary_antonym | attempt=86
2026-06-29 08:59:45 | RUN | model=ministral-3:3b | mode=vocabulary_antonym | attempt=87
2026-06-29 08:59:55 | RUN | model=ministral-3:3b | mode=vocabulary_antonym | attempt=88
2026-06-29 09:00:05 | RUN | model=ministral-3:3b | mode=vocabulary_antonym | attempt=89
2026-06-29 09:00:15 | RUN | model=ministral-3:3b | mode=vocabulary_antonym | attempt=90
2026-06-29 09:00:26 | RUN | model=ministral-3:3b | mode=vocabulary_antonym | attempt=91
2026-06-29 09:00:36 | RUN | model=ministral-3:3b | mode=vocabulary_antonym | attempt=92
2026-06-29 09:00:46 | RUN | model=ministral-3:3b | mode=vocabulary_antonym | attempt=93
2026-06-29 09:00:57 | RUN | model=ministral-3:3b | mode=vocabulary_antonym | attempt=94
2026-06-29 09:01:07 | RUN | model=ministral-3:3b | mode=vocabulary_antonym | attempt=95
2026-06-29 09:01:17 | RUN | model=ministral-3:3b | mode=vocabulary_antonym | attempt=96
2026-06-29 09:01:27 | RUN | model=ministral-3:3b | mode=vocabulary_antonym | attempt=97
2026-06-29 09:01:38 | RUN | model=ministral-3:3b | mode=vocabulary_antonym | attempt=98
2026-06-29 09:01:48 | RUN | model=ministral-3:3b | mode=vocabulary_antonym | attempt=99
2026-06-29 09:01:58 | RUN | model=ministral-3:3b | mode=vocabulary_antonym | attempt=100
2026-06-29 09:02:04 | SUMMARY SAVED | model=ministral-3:3b | mode=vocabulary_antonym
2026-06-29 09:02:16 | MODEL STARTED | qwen3.5:4b
2026-06-29 09:02:16 | MODE STARTED | model=qwen3.5:4b | mode=vocabulary_definition
2026-06-29 09:02:16 | RUN | model=qwen3.5:4b | mode=vocabulary_definition | attempt=1
2026-06-29 09:02:37 | RUN | model=qwen3.5:4b | mode=vocabulary_definition | attempt=2
2026-06-29 09:02:53 | RUN | model=qwen3.5:4b | mode=vocabulary_definition | attempt=3
2026-06-29 09:03:08 | RUN | model=qwen3.5:4b | mode=vocabulary_definition | attempt=4
2026-06-29 09:03:25 | RUN | model=qwen3.5:4b | mode=vocabulary_definition | attempt=5
2026-06-29 09:03:41 | RUN | model=qwen3.5:4b | mode=vocabulary_definition | attempt=6
2026-06-29 09:03:57 | RUN | model=qwen3.5:4b | mode=vocabulary_definition | attempt=7
2026-06-29 09:04:12 | RUN | model=qwen3.5:4b | mode=vocabulary_definition | attempt=8
2026-06-29 09:04:29 | RUN | model=qwen3.5:4b | mode=vocabulary_definition | attempt=9
2026-06-29 09:04:45 | RUN | model=qwen3.5:4b | mode=vocabulary_definition | attempt=10
2026-06-29 09:05:01 | RUN | model=qwen3.5:4b | mode=vocabulary_definition | attempt=11
2026-06-29 09:05:16 | RUN | model=qwen3.5:4b | mode=vocabulary_definition | attempt=12
2026-06-29 09:05:33 | RUN | model=qwen3.5:4b | mode=vocabulary_definition | attempt=13
2026-06-29 09:05:49 | RUN | model=qwen3.5:4b | mode=vocabulary_definition | attempt=14
2026-06-29 09:06:06 | RUN | model=qwen3.5:4b | mode=vocabulary_definition | attempt=15
2026-06-29 09:06:22 | RUN | model=qwen3.5:4b | mode=vocabulary_definition | attempt=16
2026-06-29 09:06:38 | RUN | model=qwen3.5:4b | mode=vocabulary_definition | attempt=17
2026-06-29 09:06:54 | RUN | model=qwen3.5:4b | mode=vocabulary_definition | attempt=18
2026-06-29 09:07:10 | RUN | model=qwen3.5:4b | mode=vocabulary_definition | attempt=19
2026-06-29 09:07:26 | RUN | model=qwen3.5:4b | mode=vocabulary_definition | attempt=20
2026-06-29 09:07:43 | RUN | model=qwen3.5:4b | mode=vocabulary_definition | attempt=21
2026-06-29 09:08:00 | RUN | model=qwen3.5:4b | mode=vocabulary_definition | attempt=22
2026-06-29 09:08:18 | RUN | model=qwen3.5:4b | mode=vocabulary_definition | attempt=23
2026-06-29 09:08:34 | RUN | model=qwen3.5:4b | mode=vocabulary_definition | attempt=24
2026-06-29 09:08:50 | RUN | model=qwen3.5:4b | mode=vocabulary_definition | attempt=25
2026-06-29 09:09:06 | RUN | model=qwen3.5:4b | mode=vocabulary_definition | attempt=26
2026-06-29 09:09:23 | RUN | model=qwen3.5:4b | mode=vocabulary_definition | attempt=27
2026-06-29 09:09:39 | RUN | model=qwen3.5:4b | mode=vocabulary_definition | attempt=28
2026-06-29 09:09:55 | RUN | model=qwen3.5:4b | mode=vocabulary_definition | attempt=29
2026-06-29 09:10:11 | RUN | model=qwen3.5:4b | mode=vocabulary_definition | attempt=30
2026-06-29 09:10:26 | RUN | model=qwen3.5:4b | mode=vocabulary_definition | attempt=31
2026-06-29 09:10:42 | RUN | model=qwen3.5:4b | mode=vocabulary_definition | attempt=32
2026-06-29 09:10:59 | RUN | model=qwen3.5:4b | mode=vocabulary_definition | attempt=33
2026-06-29 09:11:15 | RUN | model=qwen3.5:4b | mode=vocabulary_definition | attempt=34
2026-06-29 09:11:31 | RUN | model=qwen3.5:4b | mode=vocabulary_definition | attempt=35
2026-06-29 09:11:49 | RUN | model=qwen3.5:4b | mode=vocabulary_definition | attempt=36
2026-06-29 09:12:05 | RUN | model=qwen3.5:4b | mode=vocabulary_definition | attempt=37
2026-06-29 09:12:21 | RUN | model=qwen3.5:4b | mode=vocabulary_definition | attempt=38
2026-06-29 09:12:38 | RUN | model=qwen3.5:4b | mode=vocabulary_definition | attempt=39
2026-06-29 09:12:53 | RUN | model=qwen3.5:4b | mode=vocabulary_definition | attempt=40
2026-06-29 09:13:08 | RUN | model=qwen3.5:4b | mode=vocabulary_definition | attempt=41
2026-06-29 09:13:24 | RUN | model=qwen3.5:4b | mode=vocabulary_definition | attempt=42
2026-06-29 09:13:41 | RUN | model=qwen3.5:4b | mode=vocabulary_definition | attempt=43
2026-06-29 09:13:57 | RUN | model=qwen3.5:4b | mode=vocabulary_definition | attempt=44
2026-06-29 09:14:14 | RUN | model=qwen3.5:4b | mode=vocabulary_definition | attempt=45
2026-06-29 09:14:30 | RUN | model=qwen3.5:4b | mode=vocabulary_definition | attempt=46
2026-06-29 09:14:47 | RUN | model=qwen3.5:4b | mode=vocabulary_definition | attempt=47
2026-06-29 09:15:03 | RUN | model=qwen3.5:4b | mode=vocabulary_definition | attempt=48
2026-06-29 09:15:19 | RUN | model=qwen3.5:4b | mode=vocabulary_definition | attempt=49
2026-06-29 09:15:36 | RUN | model=qwen3.5:4b | mode=vocabulary_definition | attempt=50
2026-06-29 09:15:53 | RUN | model=qwen3.5:4b | mode=vocabulary_definition | attempt=51
2026-06-29 09:16:10 | RUN | model=qwen3.5:4b | mode=vocabulary_definition | attempt=52
2026-06-29 09:16:26 | RUN | model=qwen3.5:4b | mode=vocabulary_definition | attempt=53
2026-06-29 09:16:43 | RUN | model=qwen3.5:4b | mode=vocabulary_definition | attempt=54
2026-06-29 09:16:59 | RUN | model=qwen3.5:4b | mode=vocabulary_definition | attempt=55
2026-06-29 09:17:16 | RUN | model=qwen3.5:4b | mode=vocabulary_definition | attempt=56
2026-06-29 09:17:32 | RUN | model=qwen3.5:4b | mode=vocabulary_definition | attempt=57
2026-06-29 09:17:47 | RUN | model=qwen3.5:4b | mode=vocabulary_definition | attempt=58
2026-06-29 09:18:03 | RUN | model=qwen3.5:4b | mode=vocabulary_definition | attempt=59
2026-06-29 09:18:19 | RUN | model=qwen3.5:4b | mode=vocabulary_definition | attempt=60
2026-06-29 09:18:34 | RUN | model=qwen3.5:4b | mode=vocabulary_definition | attempt=61
2026-06-29 09:18:51 | RUN | model=qwen3.5:4b | mode=vocabulary_definition | attempt=62
2026-06-29 09:19:07 | RUN | model=qwen3.5:4b | mode=vocabulary_definition | attempt=63
2026-06-29 09:19:23 | RUN | model=qwen3.5:4b | mode=vocabulary_definition | attempt=64
2026-06-29 09:19:40 | RUN | model=qwen3.5:4b | mode=vocabulary_definition | attempt=65
2026-06-29 09:19:56 | RUN | model=qwen3.5:4b | mode=vocabulary_definition | attempt=66
2026-06-29 09:20:12 | RUN | model=qwen3.5:4b | mode=vocabulary_definition | attempt=67
2026-06-29 09:20:29 | RUN | model=qwen3.5:4b | mode=vocabulary_definition | attempt=68
2026-06-29 09:20:46 | RUN | model=qwen3.5:4b | mode=vocabulary_definition | attempt=69
2026-06-29 09:21:02 | RUN | model=qwen3.5:4b | mode=vocabulary_definition | attempt=70
2026-06-29 09:21:18 | RUN | model=qwen3.5:4b | mode=vocabulary_definition | attempt=71
2026-06-29 09:21:35 | RUN | model=qwen3.5:4b | mode=vocabulary_definition | attempt=72
2026-06-29 09:21:51 | RUN | model=qwen3.5:4b | mode=vocabulary_definition | attempt=73
2026-06-29 09:22:08 | RUN | model=qwen3.5:4b | mode=vocabulary_definition | attempt=74
2026-06-29 09:22:24 | RUN | model=qwen3.5:4b | mode=vocabulary_definition | attempt=75
2026-06-29 09:22:40 | RUN | model=qwen3.5:4b | mode=vocabulary_definition | attempt=76
2026-06-29 09:22:56 | RUN | model=qwen3.5:4b | mode=vocabulary_definition | attempt=77
2026-06-29 09:23:12 | RUN | model=qwen3.5:4b | mode=vocabulary_definition | attempt=78
2026-06-29 09:23:28 | RUN | model=qwen3.5:4b | mode=vocabulary_definition | attempt=79
2026-06-29 09:23:45 | RUN | model=qwen3.5:4b | mode=vocabulary_definition | attempt=80
2026-06-29 09:24:01 | RUN | model=qwen3.5:4b | mode=vocabulary_definition | attempt=81
2026-06-29 09:24:16 | RUN | model=qwen3.5:4b | mode=vocabulary_definition | attempt=82
2026-06-29 09:24:33 | RUN | model=qwen3.5:4b | mode=vocabulary_definition | attempt=83
2026-06-29 09:24:49 | RUN | model=qwen3.5:4b | mode=vocabulary_definition | attempt=84
2026-06-29 09:25:05 | RUN | model=qwen3.5:4b | mode=vocabulary_definition | attempt=85
2026-06-29 09:25:22 | RUN | model=qwen3.5:4b | mode=vocabulary_definition | attempt=86
2026-06-29 09:25:39 | RUN | model=qwen3.5:4b | mode=vocabulary_definition | attempt=87
2026-06-29 09:25:56 | RUN | model=qwen3.5:4b | mode=vocabulary_definition | attempt=88
2026-06-29 09:26:12 | RUN | model=qwen3.5:4b | mode=vocabulary_definition | attempt=89
2026-06-29 09:26:29 | RUN | model=qwen3.5:4b | mode=vocabulary_definition | attempt=90
2026-06-29 09:26:43 | RUN | model=qwen3.5:4b | mode=vocabulary_definition | attempt=91
2026-06-29 09:27:00 | RUN | model=qwen3.5:4b | mode=vocabulary_definition | attempt=92
2026-06-29 09:27:16 | RUN | model=qwen3.5:4b | mode=vocabulary_definition | attempt=93
2026-06-29 09:27:33 | RUN | model=qwen3.5:4b | mode=vocabulary_definition | attempt=94
2026-06-29 09:27:50 | RUN | model=qwen3.5:4b | mode=vocabulary_definition | attempt=95
2026-06-29 09:28:07 | RUN | model=qwen3.5:4b | mode=vocabulary_definition | attempt=96
2026-06-29 09:28:23 | RUN | model=qwen3.5:4b | mode=vocabulary_definition | attempt=97
2026-06-29 09:28:40 | RUN | model=qwen3.5:4b | mode=vocabulary_definition | attempt=98
2026-06-29 09:28:57 | RUN | model=qwen3.5:4b | mode=vocabulary_definition | attempt=99
2026-06-29 09:29:13 | RUN | model=qwen3.5:4b | mode=vocabulary_definition | attempt=100
2026-06-29 09:29:26 | SUMMARY SAVED | model=qwen3.5:4b | mode=vocabulary_definition
2026-06-29 09:29:26 | MODE STARTED | model=qwen3.5:4b | mode=vocabulary_match
2026-06-29 09:29:26 | RUN | model=qwen3.5:4b | mode=vocabulary_match | attempt=1
2026-06-29 09:29:39 | RUN | model=qwen3.5:4b | mode=vocabulary_match | attempt=2
2026-06-29 09:29:51 | RUN | model=qwen3.5:4b | mode=vocabulary_match | attempt=3
2026-06-29 09:30:04 | RUN | model=qwen3.5:4b | mode=vocabulary_match | attempt=4
2026-06-29 09:30:18 | RUN | model=qwen3.5:4b | mode=vocabulary_match | attempt=5
2026-06-29 09:30:31 | RUN | model=qwen3.5:4b | mode=vocabulary_match | attempt=6
2026-06-29 09:30:43 | RUN | model=qwen3.5:4b | mode=vocabulary_match | attempt=7
2026-06-29 09:30:56 | RUN | model=qwen3.5:4b | mode=vocabulary_match | attempt=8
2026-06-29 09:31:09 | RUN | model=qwen3.5:4b | mode=vocabulary_match | attempt=9
2026-06-29 09:31:22 | RUN | model=qwen3.5:4b | mode=vocabulary_match | attempt=10
2026-06-29 09:31:35 | RUN | model=qwen3.5:4b | mode=vocabulary_match | attempt=11
2026-06-29 09:31:48 | RUN | model=qwen3.5:4b | mode=vocabulary_match | attempt=12
2026-06-29 09:32:01 | RUN | model=qwen3.5:4b | mode=vocabulary_match | attempt=13
2026-06-29 09:32:14 | RUN | model=qwen3.5:4b | mode=vocabulary_match | attempt=14
2026-06-29 09:32:27 | RUN | model=qwen3.5:4b | mode=vocabulary_match | attempt=15
2026-06-29 09:32:40 | RUN | model=qwen3.5:4b | mode=vocabulary_match | attempt=16
2026-06-29 09:32:53 | RUN | model=qwen3.5:4b | mode=vocabulary_match | attempt=17
2026-06-29 09:33:06 | RUN | model=qwen3.5:4b | mode=vocabulary_match | attempt=18
2026-06-29 09:33:18 | RUN | model=qwen3.5:4b | mode=vocabulary_match | attempt=19
2026-06-29 09:33:31 | RUN | model=qwen3.5:4b | mode=vocabulary_match | attempt=20
2026-06-29 09:33:44 | RUN | model=qwen3.5:4b | mode=vocabulary_match | attempt=21
2026-06-29 09:33:57 | RUN | model=qwen3.5:4b | mode=vocabulary_match | attempt=22
2026-06-29 09:34:10 | RUN | model=qwen3.5:4b | mode=vocabulary_match | attempt=23
2026-06-29 09:34:23 | RUN | model=qwen3.5:4b | mode=vocabulary_match | attempt=24
2026-06-29 09:34:35 | RUN | model=qwen3.5:4b | mode=vocabulary_match | attempt=25
2026-06-29 09:34:48 | RUN | model=qwen3.5:4b | mode=vocabulary_match | attempt=26
2026-06-29 09:35:01 | RUN | model=qwen3.5:4b | mode=vocabulary_match | attempt=27
2026-06-29 09:35:13 | RUN | model=qwen3.5:4b | mode=vocabulary_match | attempt=28
2026-06-29 09:35:26 | RUN | model=qwen3.5:4b | mode=vocabulary_match | attempt=29
2026-06-29 09:35:39 | RUN | model=qwen3.5:4b | mode=vocabulary_match | attempt=30
2026-06-29 09:35:52 | RUN | model=qwen3.5:4b | mode=vocabulary_match | attempt=31
2026-06-29 09:36:04 | RUN | model=qwen3.5:4b | mode=vocabulary_match | attempt=32
2026-06-29 09:36:17 | RUN | model=qwen3.5:4b | mode=vocabulary_match | attempt=33
2026-06-29 09:36:29 | RUN | model=qwen3.5:4b | mode=vocabulary_match | attempt=34
2026-06-29 09:36:42 | RUN | model=qwen3.5:4b | mode=vocabulary_match | attempt=35
2026-06-29 09:36:55 | RUN | model=qwen3.5:4b | mode=vocabulary_match | attempt=36
2026-06-29 09:37:07 | RUN | model=qwen3.5:4b | mode=vocabulary_match | attempt=37
2026-06-29 09:37:20 | RUN | model=qwen3.5:4b | mode=vocabulary_match | attempt=38
2026-06-29 09:37:33 | RUN | model=qwen3.5:4b | mode=vocabulary_match | attempt=39
2026-06-29 09:37:46 | RUN | model=qwen3.5:4b | mode=vocabulary_match | attempt=40
2026-06-29 09:37:59 | RUN | model=qwen3.5:4b | mode=vocabulary_match | attempt=41
2026-06-29 09:38:12 | RUN | model=qwen3.5:4b | mode=vocabulary_match | attempt=42
2026-06-29 09:38:25 | RUN | model=qwen3.5:4b | mode=vocabulary_match | attempt=43
2026-06-29 09:38:37 | RUN | model=qwen3.5:4b | mode=vocabulary_match | attempt=44
2026-06-29 09:38:51 | RUN | model=qwen3.5:4b | mode=vocabulary_match | attempt=45
2026-06-29 09:39:04 | RUN | model=qwen3.5:4b | mode=vocabulary_match | attempt=46
2026-06-29 09:39:17 | RUN | model=qwen3.5:4b | mode=vocabulary_match | attempt=47
2026-06-29 09:39:30 | RUN | model=qwen3.5:4b | mode=vocabulary_match | attempt=48
2026-06-29 09:39:43 | RUN | model=qwen3.5:4b | mode=vocabulary_match | attempt=49
2026-06-29 09:39:55 | RUN | model=qwen3.5:4b | mode=vocabulary_match | attempt=50
2026-06-29 09:40:08 | RUN | model=qwen3.5:4b | mode=vocabulary_match | attempt=51
2026-06-29 09:40:21 | RUN | model=qwen3.5:4b | mode=vocabulary_match | attempt=52
2026-06-29 09:40:34 | RUN | model=qwen3.5:4b | mode=vocabulary_match | attempt=53
2026-06-29 09:40:47 | RUN | model=qwen3.5:4b | mode=vocabulary_match | attempt=54
2026-06-29 09:41:00 | RUN | model=qwen3.5:4b | mode=vocabulary_match | attempt=55
2026-06-29 09:41:13 | RUN | model=qwen3.5:4b | mode=vocabulary_match | attempt=56
2026-06-29 09:41:25 | RUN | model=qwen3.5:4b | mode=vocabulary_match | attempt=57
2026-06-29 09:41:38 | RUN | model=qwen3.5:4b | mode=vocabulary_match | attempt=58
2026-06-29 09:41:51 | RUN | model=qwen3.5:4b | mode=vocabulary_match | attempt=59
2026-06-29 09:42:04 | RUN | model=qwen3.5:4b | mode=vocabulary_match | attempt=60
2026-06-29 09:42:17 | RUN | model=qwen3.5:4b | mode=vocabulary_match | attempt=61
2026-06-29 09:42:29 | RUN | model=qwen3.5:4b | mode=vocabulary_match | attempt=62
2026-06-29 09:42:43 | RUN | model=qwen3.5:4b | mode=vocabulary_match | attempt=63
2026-06-29 09:42:55 | RUN | model=qwen3.5:4b | mode=vocabulary_match | attempt=64
2026-06-29 09:43:08 | RUN | model=qwen3.5:4b | mode=vocabulary_match | attempt=65
2026-06-29 09:43:21 | RUN | model=qwen3.5:4b | mode=vocabulary_match | attempt=66
2026-06-29 09:43:33 | RUN | model=qwen3.5:4b | mode=vocabulary_match | attempt=67
2026-06-29 09:43:46 | RUN | model=qwen3.5:4b | mode=vocabulary_match | attempt=68
2026-06-29 09:43:59 | RUN | model=qwen3.5:4b | mode=vocabulary_match | attempt=69
2026-06-29 09:44:12 | RUN | model=qwen3.5:4b | mode=vocabulary_match | attempt=70
2026-06-29 09:44:26 | RUN | model=qwen3.5:4b | mode=vocabulary_match | attempt=71
2026-06-29 09:44:38 | RUN | model=qwen3.5:4b | mode=vocabulary_match | attempt=72
2026-06-29 09:44:51 | RUN | model=qwen3.5:4b | mode=vocabulary_match | attempt=73
2026-06-29 09:45:04 | RUN | model=qwen3.5:4b | mode=vocabulary_match | attempt=74
2026-06-29 09:45:17 | RUN | model=qwen3.5:4b | mode=vocabulary_match | attempt=75
2026-06-29 09:45:30 | RUN | model=qwen3.5:4b | mode=vocabulary_match | attempt=76
2026-06-29 09:45:43 | RUN | model=qwen3.5:4b | mode=vocabulary_match | attempt=77
2026-06-29 09:45:56 | RUN | model=qwen3.5:4b | mode=vocabulary_match | attempt=78
2026-06-29 09:46:08 | RUN | model=qwen3.5:4b | mode=vocabulary_match | attempt=79
2026-06-29 09:46:21 | RUN | model=qwen3.5:4b | mode=vocabulary_match | attempt=80
2026-06-29 09:46:34 | RUN | model=qwen3.5:4b | mode=vocabulary_match | attempt=81
2026-06-29 09:46:47 | RUN | model=qwen3.5:4b | mode=vocabulary_match | attempt=82
2026-06-29 09:47:00 | RUN | model=qwen3.5:4b | mode=vocabulary_match | attempt=83
2026-06-29 09:47:12 | RUN | model=qwen3.5:4b | mode=vocabulary_match | attempt=84
2026-06-29 09:47:25 | RUN | model=qwen3.5:4b | mode=vocabulary_match | attempt=85
2026-06-29 09:47:38 | RUN | model=qwen3.5:4b | mode=vocabulary_match | attempt=86
2026-06-29 09:47:51 | RUN | model=qwen3.5:4b | mode=vocabulary_match | attempt=87
2026-06-29 09:48:04 | RUN | model=qwen3.5:4b | mode=vocabulary_match | attempt=88
2026-06-29 09:48:17 | RUN | model=qwen3.5:4b | mode=vocabulary_match | attempt=89
2026-06-29 09:48:30 | RUN | model=qwen3.5:4b | mode=vocabulary_match | attempt=90
2026-06-29 09:48:43 | RUN | model=qwen3.5:4b | mode=vocabulary_match | attempt=91
2026-06-29 09:48:56 | RUN | model=qwen3.5:4b | mode=vocabulary_match | attempt=92
2026-06-29 09:49:09 | RUN | model=qwen3.5:4b | mode=vocabulary_match | attempt=93
2026-06-29 09:49:21 | RUN | model=qwen3.5:4b | mode=vocabulary_match | attempt=94
2026-06-29 09:49:34 | RUN | model=qwen3.5:4b | mode=vocabulary_match | attempt=95
2026-06-29 09:49:47 | RUN | model=qwen3.5:4b | mode=vocabulary_match | attempt=96
2026-06-29 09:50:00 | RUN | model=qwen3.5:4b | mode=vocabulary_match | attempt=97
2026-06-29 09:50:13 | RUN | model=qwen3.5:4b | mode=vocabulary_match | attempt=98
2026-06-29 09:50:26 | RUN | model=qwen3.5:4b | mode=vocabulary_match | attempt=99
2026-06-29 09:50:39 | RUN | model=qwen3.5:4b | mode=vocabulary_match | attempt=100
2026-06-29 09:50:48 | SUMMARY SAVED | model=qwen3.5:4b | mode=vocabulary_match
2026-06-29 09:50:48 | MODE STARTED | model=qwen3.5:4b | mode=vocabulary_synonym
2026-06-29 09:50:48 | RUN | model=qwen3.5:4b | mode=vocabulary_synonym | attempt=1
2026-06-29 09:51:01 | RUN | model=qwen3.5:4b | mode=vocabulary_synonym | attempt=2
2026-06-29 09:51:15 | RUN | model=qwen3.5:4b | mode=vocabulary_synonym | attempt=3
2026-06-29 09:51:28 | RUN | model=qwen3.5:4b | mode=vocabulary_synonym | attempt=4
2026-06-29 09:51:42 | RUN | model=qwen3.5:4b | mode=vocabulary_synonym | attempt=5
2026-06-29 09:51:55 | RUN | model=qwen3.5:4b | mode=vocabulary_synonym | attempt=6
2026-06-29 09:52:09 | RUN | model=qwen3.5:4b | mode=vocabulary_synonym | attempt=7
2026-06-29 09:52:22 | RUN | model=qwen3.5:4b | mode=vocabulary_synonym | attempt=8
2026-06-29 09:52:36 | RUN | model=qwen3.5:4b | mode=vocabulary_synonym | attempt=9
2026-06-29 09:52:49 | RUN | model=qwen3.5:4b | mode=vocabulary_synonym | attempt=10
2026-06-29 09:53:03 | RUN | model=qwen3.5:4b | mode=vocabulary_synonym | attempt=11
2026-06-29 09:53:16 | RUN | model=qwen3.5:4b | mode=vocabulary_synonym | attempt=12
2026-06-29 09:53:30 | RUN | model=qwen3.5:4b | mode=vocabulary_synonym | attempt=13
2026-06-29 09:53:44 | RUN | model=qwen3.5:4b | mode=vocabulary_synonym | attempt=14
2026-06-29 09:53:58 | RUN | model=qwen3.5:4b | mode=vocabulary_synonym | attempt=15
2026-06-29 09:54:11 | RUN | model=qwen3.5:4b | mode=vocabulary_synonym | attempt=16
2026-06-29 09:54:25 | RUN | model=qwen3.5:4b | mode=vocabulary_synonym | attempt=17
2026-06-29 09:54:38 | RUN | model=qwen3.5:4b | mode=vocabulary_synonym | attempt=18
2026-06-29 09:54:52 | RUN | model=qwen3.5:4b | mode=vocabulary_synonym | attempt=19
2026-06-29 09:55:05 | RUN | model=qwen3.5:4b | mode=vocabulary_synonym | attempt=20
2026-06-29 09:55:19 | RUN | model=qwen3.5:4b | mode=vocabulary_synonym | attempt=21
2026-06-29 09:55:33 | RUN | model=qwen3.5:4b | mode=vocabulary_synonym | attempt=22
2026-06-29 09:55:47 | RUN | model=qwen3.5:4b | mode=vocabulary_synonym | attempt=23
2026-06-29 09:56:01 | RUN | model=qwen3.5:4b | mode=vocabulary_synonym | attempt=24
2026-06-29 09:56:14 | RUN | model=qwen3.5:4b | mode=vocabulary_synonym | attempt=25
2026-06-29 09:56:28 | RUN | model=qwen3.5:4b | mode=vocabulary_synonym | attempt=26
2026-06-29 09:56:41 | RUN | model=qwen3.5:4b | mode=vocabulary_synonym | attempt=27
2026-06-29 09:56:54 | RUN | model=qwen3.5:4b | mode=vocabulary_synonym | attempt=28
2026-06-29 09:57:08 | RUN | model=qwen3.5:4b | mode=vocabulary_synonym | attempt=29
2026-06-29 09:57:22 | RUN | model=qwen3.5:4b | mode=vocabulary_synonym | attempt=30
2026-06-29 09:57:35 | RUN | model=qwen3.5:4b | mode=vocabulary_synonym | attempt=31
2026-06-29 09:57:49 | RUN | model=qwen3.5:4b | mode=vocabulary_synonym | attempt=32
2026-06-29 09:58:02 | RUN | model=qwen3.5:4b | mode=vocabulary_synonym | attempt=33
2026-06-29 09:58:15 | RUN | model=qwen3.5:4b | mode=vocabulary_synonym | attempt=34
2026-06-29 09:58:29 | RUN | model=qwen3.5:4b | mode=vocabulary_synonym | attempt=35
2026-06-29 09:58:42 | RUN | model=qwen3.5:4b | mode=vocabulary_synonym | attempt=36
2026-06-29 09:58:56 | RUN | model=qwen3.5:4b | mode=vocabulary_synonym | attempt=37
2026-06-29 09:59:10 | RUN | model=qwen3.5:4b | mode=vocabulary_synonym | attempt=38
2026-06-29 09:59:23 | RUN | model=qwen3.5:4b | mode=vocabulary_synonym | attempt=39
2026-06-29 09:59:37 | RUN | model=qwen3.5:4b | mode=vocabulary_synonym | attempt=40
2026-06-29 09:59:50 | RUN | model=qwen3.5:4b | mode=vocabulary_synonym | attempt=41
2026-06-29 10:00:04 | RUN | model=qwen3.5:4b | mode=vocabulary_synonym | attempt=42
2026-06-29 10:00:17 | RUN | model=qwen3.5:4b | mode=vocabulary_synonym | attempt=43
2026-06-29 10:00:31 | RUN | model=qwen3.5:4b | mode=vocabulary_synonym | attempt=44
2026-06-29 10:00:44 | RUN | model=qwen3.5:4b | mode=vocabulary_synonym | attempt=45
2026-06-29 10:00:58 | RUN | model=qwen3.5:4b | mode=vocabulary_synonym | attempt=46
2026-06-29 10:01:11 | RUN | model=qwen3.5:4b | mode=vocabulary_synonym | attempt=47
2026-06-29 10:01:25 | RUN | model=qwen3.5:4b | mode=vocabulary_synonym | attempt=48
2026-06-29 10:01:39 | RUN | model=qwen3.5:4b | mode=vocabulary_synonym | attempt=49
2026-06-29 10:01:52 | RUN | model=qwen3.5:4b | mode=vocabulary_synonym | attempt=50
2026-06-29 10:02:06 | RUN | model=qwen3.5:4b | mode=vocabulary_synonym | attempt=51
2026-06-29 10:02:19 | RUN | model=qwen3.5:4b | mode=vocabulary_synonym | attempt=52
2026-06-29 10:02:33 | RUN | model=qwen3.5:4b | mode=vocabulary_synonym | attempt=53
2026-06-29 10:02:46 | RUN | model=qwen3.5:4b | mode=vocabulary_synonym | attempt=54
2026-06-29 10:03:00 | RUN | model=qwen3.5:4b | mode=vocabulary_synonym | attempt=55
2026-06-29 10:03:14 | RUN | model=qwen3.5:4b | mode=vocabulary_synonym | attempt=56
2026-06-29 10:03:28 | RUN | model=qwen3.5:4b | mode=vocabulary_synonym | attempt=57
2026-06-29 10:03:41 | RUN | model=qwen3.5:4b | mode=vocabulary_synonym | attempt=58
2026-06-29 10:03:54 | RUN | model=qwen3.5:4b | mode=vocabulary_synonym | attempt=59
2026-06-29 10:04:08 | RUN | model=qwen3.5:4b | mode=vocabulary_synonym | attempt=60
2026-06-29 10:04:22 | RUN | model=qwen3.5:4b | mode=vocabulary_synonym | attempt=61
2026-06-29 10:04:35 | RUN | model=qwen3.5:4b | mode=vocabulary_synonym | attempt=62
2026-06-29 10:04:49 | RUN | model=qwen3.5:4b | mode=vocabulary_synonym | attempt=63
2026-06-29 10:05:03 | RUN | model=qwen3.5:4b | mode=vocabulary_synonym | attempt=64
2026-06-29 10:05:16 | RUN | model=qwen3.5:4b | mode=vocabulary_synonym | attempt=65
2026-06-29 10:05:29 | RUN | model=qwen3.5:4b | mode=vocabulary_synonym | attempt=66
2026-06-29 10:05:43 | RUN | model=qwen3.5:4b | mode=vocabulary_synonym | attempt=67
2026-06-29 10:05:57 | RUN | model=qwen3.5:4b | mode=vocabulary_synonym | attempt=68
2026-06-29 10:06:10 | RUN | model=qwen3.5:4b | mode=vocabulary_synonym | attempt=69
2026-06-29 10:06:24 | RUN | model=qwen3.5:4b | mode=vocabulary_synonym | attempt=70
2026-06-29 10:06:37 | RUN | model=qwen3.5:4b | mode=vocabulary_synonym | attempt=71
2026-06-29 10:06:51 | RUN | model=qwen3.5:4b | mode=vocabulary_synonym | attempt=72
2026-06-29 10:07:04 | RUN | model=qwen3.5:4b | mode=vocabulary_synonym | attempt=73
2026-06-29 10:07:18 | RUN | model=qwen3.5:4b | mode=vocabulary_synonym | attempt=74
2026-06-29 10:07:32 | RUN | model=qwen3.5:4b | mode=vocabulary_synonym | attempt=75
2026-06-29 10:07:45 | RUN | model=qwen3.5:4b | mode=vocabulary_synonym | attempt=76
2026-06-29 10:07:59 | RUN | model=qwen3.5:4b | mode=vocabulary_synonym | attempt=77
2026-06-29 10:08:13 | RUN | model=qwen3.5:4b | mode=vocabulary_synonym | attempt=78
2026-06-29 10:08:26 | RUN | model=qwen3.5:4b | mode=vocabulary_synonym | attempt=79
2026-06-29 10:08:40 | RUN | model=qwen3.5:4b | mode=vocabulary_synonym | attempt=80
2026-06-29 10:08:54 | RUN | model=qwen3.5:4b | mode=vocabulary_synonym | attempt=81
2026-06-29 10:09:07 | RUN | model=qwen3.5:4b | mode=vocabulary_synonym | attempt=82
2026-06-29 10:09:21 | RUN | model=qwen3.5:4b | mode=vocabulary_synonym | attempt=83
2026-06-29 10:09:35 | RUN | model=qwen3.5:4b | mode=vocabulary_synonym | attempt=84
2026-06-29 10:09:48 | RUN | model=qwen3.5:4b | mode=vocabulary_synonym | attempt=85
2026-06-29 10:10:02 | RUN | model=qwen3.5:4b | mode=vocabulary_synonym | attempt=86
2026-06-29 10:10:15 | RUN | model=qwen3.5:4b | mode=vocabulary_synonym | attempt=87
2026-06-29 10:10:29 | RUN | model=qwen3.5:4b | mode=vocabulary_synonym | attempt=88
2026-06-29 10:10:43 | RUN | model=qwen3.5:4b | mode=vocabulary_synonym | attempt=89
2026-06-29 10:10:57 | RUN | model=qwen3.5:4b | mode=vocabulary_synonym | attempt=90
2026-06-29 10:11:10 | RUN | model=qwen3.5:4b | mode=vocabulary_synonym | attempt=91
2026-06-29 10:11:24 | RUN | model=qwen3.5:4b | mode=vocabulary_synonym | attempt=92
2026-06-29 10:11:37 | RUN | model=qwen3.5:4b | mode=vocabulary_synonym | attempt=93
2026-06-29 10:11:51 | RUN | model=qwen3.5:4b | mode=vocabulary_synonym | attempt=94
2026-06-29 10:12:04 | RUN | model=qwen3.5:4b | mode=vocabulary_synonym | attempt=95
2026-06-29 10:12:18 | RUN | model=qwen3.5:4b | mode=vocabulary_synonym | attempt=96
2026-06-29 10:12:31 | RUN | model=qwen3.5:4b | mode=vocabulary_synonym | attempt=97
2026-06-29 10:12:45 | RUN | model=qwen3.5:4b | mode=vocabulary_synonym | attempt=98
2026-06-29 10:12:58 | RUN | model=qwen3.5:4b | mode=vocabulary_synonym | attempt=99
2026-06-29 10:13:12 | RUN | model=qwen3.5:4b | mode=vocabulary_synonym | attempt=100
2026-06-29 10:13:21 | SUMMARY SAVED | model=qwen3.5:4b | mode=vocabulary_synonym
2026-06-29 10:13:21 | MODE STARTED | model=qwen3.5:4b | mode=vocabulary_antonym
2026-06-29 10:13:21 | RUN | model=qwen3.5:4b | mode=vocabulary_antonym | attempt=1
2026-06-29 10:13:36 | RUN | model=qwen3.5:4b | mode=vocabulary_antonym | attempt=2
2026-06-29 10:13:49 | RUN | model=qwen3.5:4b | mode=vocabulary_antonym | attempt=3
2026-06-29 10:14:02 | RUN | model=qwen3.5:4b | mode=vocabulary_antonym | attempt=4
2026-06-29 10:14:16 | RUN | model=qwen3.5:4b | mode=vocabulary_antonym | attempt=5
2026-06-29 10:14:29 | RUN | model=qwen3.5:4b | mode=vocabulary_antonym | attempt=6
2026-06-29 10:14:42 | RUN | model=qwen3.5:4b | mode=vocabulary_antonym | attempt=7
2026-06-29 10:14:56 | RUN | model=qwen3.5:4b | mode=vocabulary_antonym | attempt=8
2026-06-29 10:15:09 | RUN | model=qwen3.5:4b | mode=vocabulary_antonym | attempt=9
2026-06-29 10:15:22 | RUN | model=qwen3.5:4b | mode=vocabulary_antonym | attempt=10
2026-06-29 10:15:36 | RUN | model=qwen3.5:4b | mode=vocabulary_antonym | attempt=11
2026-06-29 10:15:49 | RUN | model=qwen3.5:4b | mode=vocabulary_antonym | attempt=12
2026-06-29 10:16:02 | RUN | model=qwen3.5:4b | mode=vocabulary_antonym | attempt=13
2026-06-29 10:16:16 | RUN | model=qwen3.5:4b | mode=vocabulary_antonym | attempt=14
2026-06-29 10:16:29 | RUN | model=qwen3.5:4b | mode=vocabulary_antonym | attempt=15
2026-06-29 10:16:42 | RUN | model=qwen3.5:4b | mode=vocabulary_antonym | attempt=16
2026-06-29 10:16:56 | RUN | model=qwen3.5:4b | mode=vocabulary_antonym | attempt=17
2026-06-29 10:17:09 | RUN | model=qwen3.5:4b | mode=vocabulary_antonym | attempt=18
2026-06-29 10:17:22 | RUN | model=qwen3.5:4b | mode=vocabulary_antonym | attempt=19
2026-06-29 10:17:35 | RUN | model=qwen3.5:4b | mode=vocabulary_antonym | attempt=20
2026-06-29 10:17:49 | RUN | model=qwen3.5:4b | mode=vocabulary_antonym | attempt=21
2026-06-29 10:18:02 | RUN | model=qwen3.5:4b | mode=vocabulary_antonym | attempt=22
2026-06-29 10:18:16 | RUN | model=qwen3.5:4b | mode=vocabulary_antonym | attempt=23
2026-06-29 10:18:29 | RUN | model=qwen3.5:4b | mode=vocabulary_antonym | attempt=24
2026-06-29 10:18:42 | RUN | model=qwen3.5:4b | mode=vocabulary_antonym | attempt=25
2026-06-29 10:18:56 | RUN | model=qwen3.5:4b | mode=vocabulary_antonym | attempt=26
2026-06-29 10:19:09 | RUN | model=qwen3.5:4b | mode=vocabulary_antonym | attempt=27
2026-06-29 10:19:22 | RUN | model=qwen3.5:4b | mode=vocabulary_antonym | attempt=28
2026-06-29 10:19:36 | RUN | model=qwen3.5:4b | mode=vocabulary_antonym | attempt=29
2026-06-29 10:19:49 | RUN | model=qwen3.5:4b | mode=vocabulary_antonym | attempt=30
2026-06-29 10:20:03 | RUN | model=qwen3.5:4b | mode=vocabulary_antonym | attempt=31
2026-06-29 10:20:16 | RUN | model=qwen3.5:4b | mode=vocabulary_antonym | attempt=32
2026-06-29 10:20:29 | RUN | model=qwen3.5:4b | mode=vocabulary_antonym | attempt=33
2026-06-29 10:20:43 | RUN | model=qwen3.5:4b | mode=vocabulary_antonym | attempt=34
2026-06-29 10:20:56 | RUN | model=qwen3.5:4b | mode=vocabulary_antonym | attempt=35
2026-06-29 10:21:09 | RUN | model=qwen3.5:4b | mode=vocabulary_antonym | attempt=36
2026-06-29 10:21:23 | RUN | model=qwen3.5:4b | mode=vocabulary_antonym | attempt=37
2026-06-29 10:21:36 | RUN | model=qwen3.5:4b | mode=vocabulary_antonym | attempt=38
2026-06-29 10:21:49 | RUN | model=qwen3.5:4b | mode=vocabulary_antonym | attempt=39
2026-06-29 10:22:03 | RUN | model=qwen3.5:4b | mode=vocabulary_antonym | attempt=40
2026-06-29 10:22:16 | RUN | model=qwen3.5:4b | mode=vocabulary_antonym | attempt=41
2026-06-29 10:22:30 | RUN | model=qwen3.5:4b | mode=vocabulary_antonym | attempt=42
2026-06-29 10:22:43 | RUN | model=qwen3.5:4b | mode=vocabulary_antonym | attempt=43
2026-06-29 10:22:56 | RUN | model=qwen3.5:4b | mode=vocabulary_antonym | attempt=44
2026-06-29 10:23:10 | RUN | model=qwen3.5:4b | mode=vocabulary_antonym | attempt=45
2026-06-29 10:23:23 | RUN | model=qwen3.5:4b | mode=vocabulary_antonym | attempt=46
2026-06-29 10:23:36 | RUN | model=qwen3.5:4b | mode=vocabulary_antonym | attempt=47
2026-06-29 10:23:50 | RUN | model=qwen3.5:4b | mode=vocabulary_antonym | attempt=48
2026-06-29 10:24:03 | RUN | model=qwen3.5:4b | mode=vocabulary_antonym | attempt=49
2026-06-29 10:24:16 | RUN | model=qwen3.5:4b | mode=vocabulary_antonym | attempt=50
2026-06-29 10:24:30 | RUN | model=qwen3.5:4b | mode=vocabulary_antonym | attempt=51
2026-06-29 10:24:43 | RUN | model=qwen3.5:4b | mode=vocabulary_antonym | attempt=52
2026-06-29 10:24:56 | RUN | model=qwen3.5:4b | mode=vocabulary_antonym | attempt=53
2026-06-29 10:25:10 | RUN | model=qwen3.5:4b | mode=vocabulary_antonym | attempt=54
2026-06-29 10:25:23 | RUN | model=qwen3.5:4b | mode=vocabulary_antonym | attempt=55
2026-06-29 10:25:36 | RUN | model=qwen3.5:4b | mode=vocabulary_antonym | attempt=56
2026-06-29 10:25:49 | RUN | model=qwen3.5:4b | mode=vocabulary_antonym | attempt=57
2026-06-29 10:26:03 | RUN | model=qwen3.5:4b | mode=vocabulary_antonym | attempt=58
2026-06-29 10:26:16 | RUN | model=qwen3.5:4b | mode=vocabulary_antonym | attempt=59
2026-06-29 10:26:30 | RUN | model=qwen3.5:4b | mode=vocabulary_antonym | attempt=60
2026-06-29 10:26:43 | RUN | model=qwen3.5:4b | mode=vocabulary_antonym | attempt=61
2026-06-29 10:26:57 | RUN | model=qwen3.5:4b | mode=vocabulary_antonym | attempt=62
2026-06-29 10:27:11 | RUN | model=qwen3.5:4b | mode=vocabulary_antonym | attempt=63
2026-06-29 10:27:24 | RUN | model=qwen3.5:4b | mode=vocabulary_antonym | attempt=64
2026-06-29 10:27:37 | RUN | model=qwen3.5:4b | mode=vocabulary_antonym | attempt=65
2026-06-29 10:27:51 | RUN | model=qwen3.5:4b | mode=vocabulary_antonym | attempt=66
2026-06-29 10:28:04 | RUN | model=qwen3.5:4b | mode=vocabulary_antonym | attempt=67
2026-06-29 10:28:17 | RUN | model=qwen3.5:4b | mode=vocabulary_antonym | attempt=68
2026-06-29 10:28:30 | RUN | model=qwen3.5:4b | mode=vocabulary_antonym | attempt=69
2026-06-29 10:28:44 | RUN | model=qwen3.5:4b | mode=vocabulary_antonym | attempt=70
2026-06-29 10:28:57 | RUN | model=qwen3.5:4b | mode=vocabulary_antonym | attempt=71
2026-06-29 10:29:10 | RUN | model=qwen3.5:4b | mode=vocabulary_antonym | attempt=72
2026-06-29 10:29:23 | RUN | model=qwen3.5:4b | mode=vocabulary_antonym | attempt=73
2026-06-29 10:29:37 | RUN | model=qwen3.5:4b | mode=vocabulary_antonym | attempt=74
2026-06-29 10:29:50 | RUN | model=qwen3.5:4b | mode=vocabulary_antonym | attempt=75
2026-06-29 10:30:04 | RUN | model=qwen3.5:4b | mode=vocabulary_antonym | attempt=76
2026-06-29 10:30:17 | RUN | model=qwen3.5:4b | mode=vocabulary_antonym | attempt=77
2026-06-29 10:30:30 | RUN | model=qwen3.5:4b | mode=vocabulary_antonym | attempt=78
2026-06-29 10:30:44 | RUN | model=qwen3.5:4b | mode=vocabulary_antonym | attempt=79
2026-06-29 10:30:57 | RUN | model=qwen3.5:4b | mode=vocabulary_antonym | attempt=80
2026-06-29 10:31:10 | RUN | model=qwen3.5:4b | mode=vocabulary_antonym | attempt=81
2026-06-29 10:31:23 | RUN | model=qwen3.5:4b | mode=vocabulary_antonym | attempt=82
2026-06-29 10:31:37 | RUN | model=qwen3.5:4b | mode=vocabulary_antonym | attempt=83
2026-06-29 10:31:50 | RUN | model=qwen3.5:4b | mode=vocabulary_antonym | attempt=84
2026-06-29 10:32:03 | RUN | model=qwen3.5:4b | mode=vocabulary_antonym | attempt=85
2026-06-29 10:32:17 | RUN | model=qwen3.5:4b | mode=vocabulary_antonym | attempt=86
2026-06-29 10:32:30 | RUN | model=qwen3.5:4b | mode=vocabulary_antonym | attempt=87
2026-06-29 10:32:43 | RUN | model=qwen3.5:4b | mode=vocabulary_antonym | attempt=88
2026-06-29 10:32:57 | RUN | model=qwen3.5:4b | mode=vocabulary_antonym | attempt=89
2026-06-29 10:33:10 | RUN | model=qwen3.5:4b | mode=vocabulary_antonym | attempt=90
2026-06-29 10:33:23 | RUN | model=qwen3.5:4b | mode=vocabulary_antonym | attempt=91
2026-06-29 10:33:37 | RUN | model=qwen3.5:4b | mode=vocabulary_antonym | attempt=92
2026-06-29 10:33:50 | RUN | model=qwen3.5:4b | mode=vocabulary_antonym | attempt=93
2026-06-29 10:34:03 | RUN | model=qwen3.5:4b | mode=vocabulary_antonym | attempt=94
2026-06-29 10:34:17 | RUN | model=qwen3.5:4b | mode=vocabulary_antonym | attempt=95
2026-06-29 10:34:30 | RUN | model=qwen3.5:4b | mode=vocabulary_antonym | attempt=96
2026-06-29 10:34:44 | RUN | model=qwen3.5:4b | mode=vocabulary_antonym | attempt=97
2026-06-29 10:34:57 | RUN | model=qwen3.5:4b | mode=vocabulary_antonym | attempt=98
2026-06-29 10:35:11 | RUN | model=qwen3.5:4b | mode=vocabulary_antonym | attempt=99
2026-06-29 10:35:24 | RUN | model=qwen3.5:4b | mode=vocabulary_antonym | attempt=100
2026-06-29 10:35:33 | SUMMARY SAVED | model=qwen3.5:4b | mode=vocabulary_antonym
2026-06-29 10:35:45 | MODEL STARTED | llama3.1:8b
2026-06-29 10:35:45 | MODE STARTED | model=llama3.1:8b | mode=vocabulary_definition
2026-06-29 10:35:45 | RUN | model=llama3.1:8b | mode=vocabulary_definition | attempt=1
2026-06-29 10:36:08 | RUN | model=llama3.1:8b | mode=vocabulary_definition | attempt=2
2026-06-29 10:36:25 | RUN | model=llama3.1:8b | mode=vocabulary_definition | attempt=3
2026-06-29 10:36:42 | RUN | model=llama3.1:8b | mode=vocabulary_definition | attempt=4
2026-06-29 10:36:59 | RUN | model=llama3.1:8b | mode=vocabulary_definition | attempt=5
2026-06-29 10:37:16 | RUN | model=llama3.1:8b | mode=vocabulary_definition | attempt=6
2026-06-29 10:37:33 | RUN | model=llama3.1:8b | mode=vocabulary_definition | attempt=7
2026-06-29 10:37:50 | RUN | model=llama3.1:8b | mode=vocabulary_definition | attempt=8
2026-06-29 10:38:07 | RUN | model=llama3.1:8b | mode=vocabulary_definition | attempt=9
2026-06-29 10:38:24 | RUN | model=llama3.1:8b | mode=vocabulary_definition | attempt=10
2026-06-29 10:38:41 | RUN | model=llama3.1:8b | mode=vocabulary_definition | attempt=11
2026-06-29 10:38:58 | RUN | model=llama3.1:8b | mode=vocabulary_definition | attempt=12
2026-06-29 10:39:14 | RUN | model=llama3.1:8b | mode=vocabulary_definition | attempt=13
2026-06-29 10:39:31 | RUN | model=llama3.1:8b | mode=vocabulary_definition | attempt=14
2026-06-29 10:39:47 | RUN | model=llama3.1:8b | mode=vocabulary_definition | attempt=15
2026-06-29 10:40:04 | RUN | model=llama3.1:8b | mode=vocabulary_definition | attempt=16
2026-06-29 10:40:22 | RUN | model=llama3.1:8b | mode=vocabulary_definition | attempt=17
2026-06-29 10:40:39 | RUN | model=llama3.1:8b | mode=vocabulary_definition | attempt=18
2026-06-29 10:40:56 | RUN | model=llama3.1:8b | mode=vocabulary_definition | attempt=19
2026-06-29 10:41:12 | RUN | model=llama3.1:8b | mode=vocabulary_definition | attempt=20
2026-06-29 10:41:29 | RUN | model=llama3.1:8b | mode=vocabulary_definition | attempt=21
2026-06-29 10:41:46 | RUN | model=llama3.1:8b | mode=vocabulary_definition | attempt=22
2026-06-29 10:42:02 | RUN | model=llama3.1:8b | mode=vocabulary_definition | attempt=23
2026-06-29 10:42:19 | RUN | model=llama3.1:8b | mode=vocabulary_definition | attempt=24
2026-06-29 10:42:36 | RUN | model=llama3.1:8b | mode=vocabulary_definition | attempt=25
2026-06-29 10:42:53 | RUN | model=llama3.1:8b | mode=vocabulary_definition | attempt=26
2026-06-29 10:43:09 | RUN | model=llama3.1:8b | mode=vocabulary_definition | attempt=27
2026-06-29 10:43:25 | RUN | model=llama3.1:8b | mode=vocabulary_definition | attempt=28
2026-06-29 10:43:41 | RUN | model=llama3.1:8b | mode=vocabulary_definition | attempt=29
2026-06-29 10:43:58 | RUN | model=llama3.1:8b | mode=vocabulary_definition | attempt=30
2026-06-29 10:44:15 | RUN | model=llama3.1:8b | mode=vocabulary_definition | attempt=31
2026-06-29 10:44:31 | RUN | model=llama3.1:8b | mode=vocabulary_definition | attempt=32
2026-06-29 10:44:48 | RUN | model=llama3.1:8b | mode=vocabulary_definition | attempt=33
2026-06-29 10:45:05 | RUN | model=llama3.1:8b | mode=vocabulary_definition | attempt=34
2026-06-29 10:45:21 | RUN | model=llama3.1:8b | mode=vocabulary_definition | attempt=35
2026-06-29 10:45:37 | RUN | model=llama3.1:8b | mode=vocabulary_definition | attempt=36
2026-06-29 10:45:55 | RUN | model=llama3.1:8b | mode=vocabulary_definition | attempt=37
2026-06-29 10:46:11 | RUN | model=llama3.1:8b | mode=vocabulary_definition | attempt=38
2026-06-29 10:46:29 | RUN | model=llama3.1:8b | mode=vocabulary_definition | attempt=39
2026-06-29 10:46:45 | RUN | model=llama3.1:8b | mode=vocabulary_definition | attempt=40
2026-06-29 10:47:02 | RUN | model=llama3.1:8b | mode=vocabulary_definition | attempt=41
2026-06-29 10:47:19 | RUN | model=llama3.1:8b | mode=vocabulary_definition | attempt=42
2026-06-29 10:47:35 | RUN | model=llama3.1:8b | mode=vocabulary_definition | attempt=43
2026-06-29 10:47:52 | RUN | model=llama3.1:8b | mode=vocabulary_definition | attempt=44
2026-06-29 10:48:09 | RUN | model=llama3.1:8b | mode=vocabulary_definition | attempt=45
2026-06-29 10:48:26 | RUN | model=llama3.1:8b | mode=vocabulary_definition | attempt=46
2026-06-29 10:48:42 | RUN | model=llama3.1:8b | mode=vocabulary_definition | attempt=47
2026-06-29 10:49:00 | RUN | model=llama3.1:8b | mode=vocabulary_definition | attempt=48
2026-06-29 10:49:17 | RUN | model=llama3.1:8b | mode=vocabulary_definition | attempt=49
2026-06-29 10:49:34 | RUN | model=llama3.1:8b | mode=vocabulary_definition | attempt=50
2026-06-29 10:49:51 | RUN | model=llama3.1:8b | mode=vocabulary_definition | attempt=51
2026-06-29 10:50:08 | RUN | model=llama3.1:8b | mode=vocabulary_definition | attempt=52
2026-06-29 10:50:26 | RUN | model=llama3.1:8b | mode=vocabulary_definition | attempt=53
2026-06-29 10:50:42 | RUN | model=llama3.1:8b | mode=vocabulary_definition | attempt=54
2026-06-29 10:51:00 | RUN | model=llama3.1:8b | mode=vocabulary_definition | attempt=55
2026-06-29 10:51:16 | RUN | model=llama3.1:8b | mode=vocabulary_definition | attempt=56
2026-06-29 10:51:34 | RUN | model=llama3.1:8b | mode=vocabulary_definition | attempt=57
2026-06-29 10:51:51 | RUN | model=llama3.1:8b | mode=vocabulary_definition | attempt=58
2026-06-29 10:52:07 | RUN | model=llama3.1:8b | mode=vocabulary_definition | attempt=59
2026-06-29 10:52:24 | RUN | model=llama3.1:8b | mode=vocabulary_definition | attempt=60
2026-06-29 10:52:40 | RUN | model=llama3.1:8b | mode=vocabulary_definition | attempt=61
2026-06-29 10:52:57 | RUN | model=llama3.1:8b | mode=vocabulary_definition | attempt=62
2026-06-29 10:53:14 | RUN | model=llama3.1:8b | mode=vocabulary_definition | attempt=63
2026-06-29 10:53:31 | RUN | model=llama3.1:8b | mode=vocabulary_definition | attempt=64
2026-06-29 10:53:48 | RUN | model=llama3.1:8b | mode=vocabulary_definition | attempt=65
2026-06-29 10:54:04 | RUN | model=llama3.1:8b | mode=vocabulary_definition | attempt=66
2026-06-29 10:54:21 | RUN | model=llama3.1:8b | mode=vocabulary_definition | attempt=67
2026-06-29 10:54:37 | RUN | model=llama3.1:8b | mode=vocabulary_definition | attempt=68
2026-06-29 10:54:55 | RUN | model=llama3.1:8b | mode=vocabulary_definition | attempt=69
2026-06-29 10:55:11 | RUN | model=llama3.1:8b | mode=vocabulary_definition | attempt=70
2026-06-29 10:55:29 | RUN | model=llama3.1:8b | mode=vocabulary_definition | attempt=71
2026-06-29 10:55:45 | RUN | model=llama3.1:8b | mode=vocabulary_definition | attempt=72
2026-06-29 10:56:03 | RUN | model=llama3.1:8b | mode=vocabulary_definition | attempt=73
2026-06-29 10:56:20 | RUN | model=llama3.1:8b | mode=vocabulary_definition | attempt=74
2026-06-29 10:56:37 | RUN | model=llama3.1:8b | mode=vocabulary_definition | attempt=75
2026-06-29 10:56:54 | RUN | model=llama3.1:8b | mode=vocabulary_definition | attempt=76
2026-06-29 10:57:11 | RUN | model=llama3.1:8b | mode=vocabulary_definition | attempt=77
2026-06-29 10:57:28 | RUN | model=llama3.1:8b | mode=vocabulary_definition | attempt=78
2026-06-29 10:57:45 | RUN | model=llama3.1:8b | mode=vocabulary_definition | attempt=79
2026-06-29 10:58:01 | RUN | model=llama3.1:8b | mode=vocabulary_definition | attempt=80
2026-06-29 10:58:18 | RUN | model=llama3.1:8b | mode=vocabulary_definition | attempt=81
2026-06-29 10:58:35 | RUN | model=llama3.1:8b | mode=vocabulary_definition | attempt=82
2026-06-29 10:58:51 | RUN | model=llama3.1:8b | mode=vocabulary_definition | attempt=83
2026-06-29 10:59:09 | RUN | model=llama3.1:8b | mode=vocabulary_definition | attempt=84
2026-06-29 10:59:25 | RUN | model=llama3.1:8b | mode=vocabulary_definition | attempt=85
2026-06-29 10:59:41 | RUN | model=llama3.1:8b | mode=vocabulary_definition | attempt=86
2026-06-29 10:59:58 | RUN | model=llama3.1:8b | mode=vocabulary_definition | attempt=87
2026-06-29 11:00:15 | RUN | model=llama3.1:8b | mode=vocabulary_definition | attempt=88
2026-06-29 11:00:32 | RUN | model=llama3.1:8b | mode=vocabulary_definition | attempt=89
2026-06-29 11:00:49 | RUN | model=llama3.1:8b | mode=vocabulary_definition | attempt=90
2026-06-29 11:01:05 | RUN | model=llama3.1:8b | mode=vocabulary_definition | attempt=91
2026-06-29 11:01:22 | RUN | model=llama3.1:8b | mode=vocabulary_definition | attempt=92
2026-06-29 11:01:39 | RUN | model=llama3.1:8b | mode=vocabulary_definition | attempt=93
2026-06-29 11:01:56 | RUN | model=llama3.1:8b | mode=vocabulary_definition | attempt=94
2026-06-29 11:02:13 | RUN | model=llama3.1:8b | mode=vocabulary_definition | attempt=95
2026-06-29 11:02:29 | RUN | model=llama3.1:8b | mode=vocabulary_definition | attempt=96
2026-06-29 11:02:45 | RUN | model=llama3.1:8b | mode=vocabulary_definition | attempt=97
2026-06-29 11:03:03 | RUN | model=llama3.1:8b | mode=vocabulary_definition | attempt=98
2026-06-29 11:03:20 | RUN | model=llama3.1:8b | mode=vocabulary_definition | attempt=99
2026-06-29 11:03:37 | RUN | model=llama3.1:8b | mode=vocabulary_definition | attempt=100
2026-06-29 11:03:50 | SUMMARY SAVED | model=llama3.1:8b | mode=vocabulary_definition
2026-06-29 11:03:50 | MODE STARTED | model=llama3.1:8b | mode=vocabulary_match
2026-06-29 11:03:50 | RUN | model=llama3.1:8b | mode=vocabulary_match | attempt=1
2026-06-29 11:04:09 | RUN | model=llama3.1:8b | mode=vocabulary_match | attempt=2
2026-06-29 11:04:24 | RUN | model=llama3.1:8b | mode=vocabulary_match | attempt=3
2026-06-29 11:04:43 | RUN | model=llama3.1:8b | mode=vocabulary_match | attempt=4
2026-06-29 11:04:58 | RUN | model=llama3.1:8b | mode=vocabulary_match | attempt=5
2026-06-29 11:05:12 | RUN | model=llama3.1:8b | mode=vocabulary_match | attempt=6
2026-06-29 11:05:27 | RUN | model=llama3.1:8b | mode=vocabulary_match | attempt=7
2026-06-29 11:05:43 | RUN | model=llama3.1:8b | mode=vocabulary_match | attempt=8
2026-06-29 11:05:58 | RUN | model=llama3.1:8b | mode=vocabulary_match | attempt=9
2026-06-29 11:06:13 | RUN | model=llama3.1:8b | mode=vocabulary_match | attempt=10
2026-06-29 11:06:29 | RUN | model=llama3.1:8b | mode=vocabulary_match | attempt=11
2026-06-29 11:06:46 | RUN | model=llama3.1:8b | mode=vocabulary_match | attempt=12
2026-06-29 11:07:02 | RUN | model=llama3.1:8b | mode=vocabulary_match | attempt=13
2026-06-29 11:07:19 | RUN | model=llama3.1:8b | mode=vocabulary_match | attempt=14
2026-06-29 11:07:33 | RUN | model=llama3.1:8b | mode=vocabulary_match | attempt=15
2026-06-29 11:07:49 | RUN | model=llama3.1:8b | mode=vocabulary_match | attempt=16
2026-06-29 11:08:06 | RUN | model=llama3.1:8b | mode=vocabulary_match | attempt=17
2026-06-29 11:08:27 | RUN | model=llama3.1:8b | mode=vocabulary_match | attempt=18
2026-06-29 11:08:42 | RUN | model=llama3.1:8b | mode=vocabulary_match | attempt=19
2026-06-29 11:09:00 | RUN | model=llama3.1:8b | mode=vocabulary_match | attempt=20
2026-06-29 11:09:15 | RUN | model=llama3.1:8b | mode=vocabulary_match | attempt=21
2026-06-29 11:09:31 | RUN | model=llama3.1:8b | mode=vocabulary_match | attempt=22
2026-06-29 11:09:46 | RUN | model=llama3.1:8b | mode=vocabulary_match | attempt=23
2026-06-29 11:10:05 | RUN | model=llama3.1:8b | mode=vocabulary_match | attempt=24
2026-06-29 11:10:20 | RUN | model=llama3.1:8b | mode=vocabulary_match | attempt=25
2026-06-29 11:10:38 | RUN | model=llama3.1:8b | mode=vocabulary_match | attempt=26
2026-06-29 11:10:53 | RUN | model=llama3.1:8b | mode=vocabulary_match | attempt=27
2026-06-29 11:11:08 | RUN | model=llama3.1:8b | mode=vocabulary_match | attempt=28
2026-06-29 11:11:24 | RUN | model=llama3.1:8b | mode=vocabulary_match | attempt=29
2026-06-29 11:11:41 | RUN | model=llama3.1:8b | mode=vocabulary_match | attempt=30
2026-06-29 11:11:57 | RUN | model=llama3.1:8b | mode=vocabulary_match | attempt=31
2026-06-29 11:12:13 | RUN | model=llama3.1:8b | mode=vocabulary_match | attempt=32
2026-06-29 11:12:29 | RUN | model=llama3.1:8b | mode=vocabulary_match | attempt=33
2026-06-29 11:12:46 | RUN | model=llama3.1:8b | mode=vocabulary_match | attempt=34
2026-06-29 11:13:01 | RUN | model=llama3.1:8b | mode=vocabulary_match | attempt=35
2026-06-29 11:13:18 | RUN | model=llama3.1:8b | mode=vocabulary_match | attempt=36
2026-06-29 11:13:34 | RUN | model=llama3.1:8b | mode=vocabulary_match | attempt=37
2026-06-29 11:13:50 | RUN | model=llama3.1:8b | mode=vocabulary_match | attempt=38
2026-06-29 11:14:09 | RUN | model=llama3.1:8b | mode=vocabulary_match | attempt=39
2026-06-29 11:14:23 | RUN | model=llama3.1:8b | mode=vocabulary_match | attempt=40
2026-06-29 11:14:39 | RUN | model=llama3.1:8b | mode=vocabulary_match | attempt=41
2026-06-29 11:14:56 | RUN | model=llama3.1:8b | mode=vocabulary_match | attempt=42
2026-06-29 11:15:11 | RUN | model=llama3.1:8b | mode=vocabulary_match | attempt=43
2026-06-29 11:15:27 | RUN | model=llama3.1:8b | mode=vocabulary_match | attempt=44
2026-06-29 11:15:46 | RUN | model=llama3.1:8b | mode=vocabulary_match | attempt=45
2026-06-29 11:16:01 | RUN | model=llama3.1:8b | mode=vocabulary_match | attempt=46
2026-06-29 11:16:18 | RUN | model=llama3.1:8b | mode=vocabulary_match | attempt=47
2026-06-29 11:16:36 | RUN | model=llama3.1:8b | mode=vocabulary_match | attempt=48
2026-06-29 11:16:51 | RUN | model=llama3.1:8b | mode=vocabulary_match | attempt=49
2026-06-29 11:17:11 | RUN | model=llama3.1:8b | mode=vocabulary_match | attempt=50
2026-06-29 11:17:28 | RUN | model=llama3.1:8b | mode=vocabulary_match | attempt=51
2026-06-29 11:17:46 | RUN | model=llama3.1:8b | mode=vocabulary_match | attempt=52
2026-06-29 11:18:01 | RUN | model=llama3.1:8b | mode=vocabulary_match | attempt=53
2026-06-29 11:18:21 | RUN | model=llama3.1:8b | mode=vocabulary_match | attempt=54
2026-06-29 11:18:37 | RUN | model=llama3.1:8b | mode=vocabulary_match | attempt=55
2026-06-29 11:18:53 | RUN | model=llama3.1:8b | mode=vocabulary_match | attempt=56
2026-06-29 11:19:10 | RUN | model=llama3.1:8b | mode=vocabulary_match | attempt=57
2026-06-29 11:19:26 | RUN | model=llama3.1:8b | mode=vocabulary_match | attempt=58
2026-06-29 11:19:43 | RUN | model=llama3.1:8b | mode=vocabulary_match | attempt=59
2026-06-29 11:19:59 | RUN | model=llama3.1:8b | mode=vocabulary_match | attempt=60
2026-06-29 11:20:16 | RUN | model=llama3.1:8b | mode=vocabulary_match | attempt=61
2026-06-29 11:20:31 | RUN | model=llama3.1:8b | mode=vocabulary_match | attempt=62
2026-06-29 11:20:48 | RUN | model=llama3.1:8b | mode=vocabulary_match | attempt=63
2026-06-29 11:21:03 | RUN | model=llama3.1:8b | mode=vocabulary_match | attempt=64
2026-06-29 11:21:20 | RUN | model=llama3.1:8b | mode=vocabulary_match | attempt=65
2026-06-29 11:21:35 | RUN | model=llama3.1:8b | mode=vocabulary_match | attempt=66
2026-06-29 11:21:51 | RUN | model=llama3.1:8b | mode=vocabulary_match | attempt=67
2026-06-29 11:22:07 | RUN | model=llama3.1:8b | mode=vocabulary_match | attempt=68
2026-06-29 11:22:24 | RUN | model=llama3.1:8b | mode=vocabulary_match | attempt=69
2026-06-29 11:22:40 | RUN | model=llama3.1:8b | mode=vocabulary_match | attempt=70
2026-06-29 11:22:56 | RUN | model=llama3.1:8b | mode=vocabulary_match | attempt=71
2026-06-29 11:23:12 | RUN | model=llama3.1:8b | mode=vocabulary_match | attempt=72
2026-06-29 11:23:28 | RUN | model=llama3.1:8b | mode=vocabulary_match | attempt=73
2026-06-29 11:23:47 | RUN | model=llama3.1:8b | mode=vocabulary_match | attempt=74
2026-06-29 11:24:02 | RUN | model=llama3.1:8b | mode=vocabulary_match | attempt=75
2026-06-29 11:24:23 | RUN | model=llama3.1:8b | mode=vocabulary_match | attempt=76
2026-06-29 11:24:40 | RUN | model=llama3.1:8b | mode=vocabulary_match | attempt=77
2026-06-29 11:24:55 | RUN | model=llama3.1:8b | mode=vocabulary_match | attempt=78
2026-06-29 11:25:13 | RUN | model=llama3.1:8b | mode=vocabulary_match | attempt=79
2026-06-29 11:25:31 | RUN | model=llama3.1:8b | mode=vocabulary_match | attempt=80
2026-06-29 11:25:48 | RUN | model=llama3.1:8b | mode=vocabulary_match | attempt=81
2026-06-29 11:26:11 | RUN | model=llama3.1:8b | mode=vocabulary_match | attempt=82
2026-06-29 11:26:26 | RUN | model=llama3.1:8b | mode=vocabulary_match | attempt=83
2026-06-29 11:26:45 | RUN | model=llama3.1:8b | mode=vocabulary_match | attempt=84
2026-06-29 11:27:01 | RUN | model=llama3.1:8b | mode=vocabulary_match | attempt=85
2026-06-29 11:27:19 | RUN | model=llama3.1:8b | mode=vocabulary_match | attempt=86
2026-06-29 11:27:35 | RUN | model=llama3.1:8b | mode=vocabulary_match | attempt=87
2026-06-29 11:27:53 | RUN | model=llama3.1:8b | mode=vocabulary_match | attempt=88
2026-06-29 11:28:08 | RUN | model=llama3.1:8b | mode=vocabulary_match | attempt=89
2026-06-29 11:28:24 | RUN | model=llama3.1:8b | mode=vocabulary_match | attempt=90
2026-06-29 11:28:42 | RUN | model=llama3.1:8b | mode=vocabulary_match | attempt=91
2026-06-29 11:28:57 | RUN | model=llama3.1:8b | mode=vocabulary_match | attempt=92
2026-06-29 11:29:14 | RUN | model=llama3.1:8b | mode=vocabulary_match | attempt=93
2026-06-29 11:29:31 | RUN | model=llama3.1:8b | mode=vocabulary_match | attempt=94
2026-06-29 11:29:49 | RUN | model=llama3.1:8b | mode=vocabulary_match | attempt=95
2026-06-29 11:30:05 | RUN | model=llama3.1:8b | mode=vocabulary_match | attempt=96
2026-06-29 11:30:25 | RUN | model=llama3.1:8b | mode=vocabulary_match | attempt=97
2026-06-29 11:30:40 | RUN | model=llama3.1:8b | mode=vocabulary_match | attempt=98
2026-06-29 11:31:01 | RUN | model=llama3.1:8b | mode=vocabulary_match | attempt=99
2026-06-29 11:31:16 | RUN | model=llama3.1:8b | mode=vocabulary_match | attempt=100
2026-06-29 11:31:28 | SUMMARY SAVED | model=llama3.1:8b | mode=vocabulary_match
2026-06-29 11:31:28 | MODE STARTED | model=llama3.1:8b | mode=vocabulary_synonym
2026-06-29 11:31:28 | RUN | model=llama3.1:8b | mode=vocabulary_synonym | attempt=1
2026-06-29 11:31:43 | RUN | model=llama3.1:8b | mode=vocabulary_synonym | attempt=2
2026-06-29 11:31:57 | RUN | model=llama3.1:8b | mode=vocabulary_synonym | attempt=3
2026-06-29 11:32:12 | RUN | model=llama3.1:8b | mode=vocabulary_synonym | attempt=4
2026-06-29 11:32:26 | RUN | model=llama3.1:8b | mode=vocabulary_synonym | attempt=5
2026-06-29 11:32:41 | RUN | model=llama3.1:8b | mode=vocabulary_synonym | attempt=6
2026-06-29 11:32:56 | RUN | model=llama3.1:8b | mode=vocabulary_synonym | attempt=7
2026-06-29 11:33:10 | RUN | model=llama3.1:8b | mode=vocabulary_synonym | attempt=8
2026-06-29 11:33:25 | RUN | model=llama3.1:8b | mode=vocabulary_synonym | attempt=9
2026-06-29 11:33:39 | RUN | model=llama3.1:8b | mode=vocabulary_synonym | attempt=10
2026-06-29 11:33:54 | RUN | model=llama3.1:8b | mode=vocabulary_synonym | attempt=11
2026-06-29 11:34:08 | RUN | model=llama3.1:8b | mode=vocabulary_synonym | attempt=12
2026-06-29 11:34:22 | RUN | model=llama3.1:8b | mode=vocabulary_synonym | attempt=13
2026-06-29 11:34:37 | RUN | model=llama3.1:8b | mode=vocabulary_synonym | attempt=14
2026-06-29 11:34:51 | RUN | model=llama3.1:8b | mode=vocabulary_synonym | attempt=15
2026-06-29 11:35:06 | RUN | model=llama3.1:8b | mode=vocabulary_synonym | attempt=16
2026-06-29 11:35:21 | RUN | model=llama3.1:8b | mode=vocabulary_synonym | attempt=17
2026-06-29 11:35:35 | RUN | model=llama3.1:8b | mode=vocabulary_synonym | attempt=18
2026-06-29 11:35:50 | RUN | model=llama3.1:8b | mode=vocabulary_synonym | attempt=19
2026-06-29 11:36:04 | RUN | model=llama3.1:8b | mode=vocabulary_synonym | attempt=20
2026-06-29 11:36:19 | RUN | model=llama3.1:8b | mode=vocabulary_synonym | attempt=21
2026-06-29 11:36:34 | RUN | model=llama3.1:8b | mode=vocabulary_synonym | attempt=22
2026-06-29 11:36:48 | RUN | model=llama3.1:8b | mode=vocabulary_synonym | attempt=23
2026-06-29 11:37:03 | RUN | model=llama3.1:8b | mode=vocabulary_synonym | attempt=24
2026-06-29 11:37:17 | RUN | model=llama3.1:8b | mode=vocabulary_synonym | attempt=25
2026-06-29 11:37:32 | RUN | model=llama3.1:8b | mode=vocabulary_synonym | attempt=26
2026-06-29 11:37:46 | RUN | model=llama3.1:8b | mode=vocabulary_synonym | attempt=27
2026-06-29 11:38:01 | RUN | model=llama3.1:8b | mode=vocabulary_synonym | attempt=28
2026-06-29 11:38:15 | RUN | model=llama3.1:8b | mode=vocabulary_synonym | attempt=29
2026-06-29 11:38:30 | RUN | model=llama3.1:8b | mode=vocabulary_synonym | attempt=30
2026-06-29 11:38:44 | RUN | model=llama3.1:8b | mode=vocabulary_synonym | attempt=31
2026-06-29 11:38:59 | RUN | model=llama3.1:8b | mode=vocabulary_synonym | attempt=32
2026-06-29 11:39:13 | RUN | model=llama3.1:8b | mode=vocabulary_synonym | attempt=33
2026-06-29 11:39:28 | RUN | model=llama3.1:8b | mode=vocabulary_synonym | attempt=34
2026-06-29 11:39:42 | RUN | model=llama3.1:8b | mode=vocabulary_synonym | attempt=35
2026-06-29 11:39:56 | RUN | model=llama3.1:8b | mode=vocabulary_synonym | attempt=36
2026-06-29 11:40:11 | RUN | model=llama3.1:8b | mode=vocabulary_synonym | attempt=37
2026-06-29 11:40:25 | RUN | model=llama3.1:8b | mode=vocabulary_synonym | attempt=38
2026-06-29 11:40:40 | RUN | model=llama3.1:8b | mode=vocabulary_synonym | attempt=39
2026-06-29 11:40:54 | RUN | model=llama3.1:8b | mode=vocabulary_synonym | attempt=40
2026-06-29 11:41:09 | RUN | model=llama3.1:8b | mode=vocabulary_synonym | attempt=41
2026-06-29 11:41:23 | RUN | model=llama3.1:8b | mode=vocabulary_synonym | attempt=42
2026-06-29 11:41:38 | RUN | model=llama3.1:8b | mode=vocabulary_synonym | attempt=43
2026-06-29 11:41:52 | RUN | model=llama3.1:8b | mode=vocabulary_synonym | attempt=44
2026-06-29 11:42:07 | RUN | model=llama3.1:8b | mode=vocabulary_synonym | attempt=45
2026-06-29 11:42:21 | RUN | model=llama3.1:8b | mode=vocabulary_synonym | attempt=46
2026-06-29 11:42:36 | RUN | model=llama3.1:8b | mode=vocabulary_synonym | attempt=47
2026-06-29 11:42:50 | RUN | model=llama3.1:8b | mode=vocabulary_synonym | attempt=48
2026-06-29 11:43:05 | RUN | model=llama3.1:8b | mode=vocabulary_synonym | attempt=49
2026-06-29 11:43:19 | RUN | model=llama3.1:8b | mode=vocabulary_synonym | attempt=50
2026-06-29 11:43:33 | RUN | model=llama3.1:8b | mode=vocabulary_synonym | attempt=51
2026-06-29 11:43:48 | RUN | model=llama3.1:8b | mode=vocabulary_synonym | attempt=52
2026-06-29 11:44:02 | RUN | model=llama3.1:8b | mode=vocabulary_synonym | attempt=53
2026-06-29 11:44:17 | RUN | model=llama3.1:8b | mode=vocabulary_synonym | attempt=54
2026-06-29 11:44:31 | RUN | model=llama3.1:8b | mode=vocabulary_synonym | attempt=55
2026-06-29 11:44:46 | RUN | model=llama3.1:8b | mode=vocabulary_synonym | attempt=56
2026-06-29 11:45:00 | RUN | model=llama3.1:8b | mode=vocabulary_synonym | attempt=57
2026-06-29 11:45:15 | RUN | model=llama3.1:8b | mode=vocabulary_synonym | attempt=58
2026-06-29 11:45:30 | RUN | model=llama3.1:8b | mode=vocabulary_synonym | attempt=59
2026-06-29 11:45:44 | RUN | model=llama3.1:8b | mode=vocabulary_synonym | attempt=60
2026-06-29 11:45:59 | RUN | model=llama3.1:8b | mode=vocabulary_synonym | attempt=61
2026-06-29 11:46:13 | RUN | model=llama3.1:8b | mode=vocabulary_synonym | attempt=62
2026-06-29 11:46:28 | RUN | model=llama3.1:8b | mode=vocabulary_synonym | attempt=63
2026-06-29 11:46:42 | RUN | model=llama3.1:8b | mode=vocabulary_synonym | attempt=64
2026-06-29 11:46:57 | RUN | model=llama3.1:8b | mode=vocabulary_synonym | attempt=65
2026-06-29 11:47:11 | RUN | model=llama3.1:8b | mode=vocabulary_synonym | attempt=66
2026-06-29 11:47:26 | RUN | model=llama3.1:8b | mode=vocabulary_synonym | attempt=67
2026-06-29 11:47:40 | RUN | model=llama3.1:8b | mode=vocabulary_synonym | attempt=68
2026-06-29 11:47:55 | RUN | model=llama3.1:8b | mode=vocabulary_synonym | attempt=69
2026-06-29 11:48:09 | RUN | model=llama3.1:8b | mode=vocabulary_synonym | attempt=70
2026-06-29 11:48:24 | RUN | model=llama3.1:8b | mode=vocabulary_synonym | attempt=71
2026-06-29 11:48:38 | RUN | model=llama3.1:8b | mode=vocabulary_synonym | attempt=72
2026-06-29 11:48:52 | RUN | model=llama3.1:8b | mode=vocabulary_synonym | attempt=73
2026-06-29 11:49:07 | RUN | model=llama3.1:8b | mode=vocabulary_synonym | attempt=74
2026-06-29 11:49:21 | RUN | model=llama3.1:8b | mode=vocabulary_synonym | attempt=75
2026-06-29 11:49:36 | RUN | model=llama3.1:8b | mode=vocabulary_synonym | attempt=76
2026-06-29 11:49:50 | RUN | model=llama3.1:8b | mode=vocabulary_synonym | attempt=77
2026-06-29 11:50:04 | RUN | model=llama3.1:8b | mode=vocabulary_synonym | attempt=78
2026-06-29 11:50:19 | RUN | model=llama3.1:8b | mode=vocabulary_synonym | attempt=79
2026-06-29 11:50:33 | RUN | model=llama3.1:8b | mode=vocabulary_synonym | attempt=80
2026-06-29 11:50:48 | RUN | model=llama3.1:8b | mode=vocabulary_synonym | attempt=81
2026-06-29 11:51:03 | RUN | model=llama3.1:8b | mode=vocabulary_synonym | attempt=82
2026-06-29 11:51:17 | RUN | model=llama3.1:8b | mode=vocabulary_synonym | attempt=83
2026-06-29 11:51:32 | RUN | model=llama3.1:8b | mode=vocabulary_synonym | attempt=84
2026-06-29 11:51:46 | RUN | model=llama3.1:8b | mode=vocabulary_synonym | attempt=85
2026-06-29 11:52:01 | RUN | model=llama3.1:8b | mode=vocabulary_synonym | attempt=86
2026-06-29 11:52:15 | RUN | model=llama3.1:8b | mode=vocabulary_synonym | attempt=87
2026-06-29 11:52:30 | RUN | model=llama3.1:8b | mode=vocabulary_synonym | attempt=88
2026-06-29 11:52:44 | RUN | model=llama3.1:8b | mode=vocabulary_synonym | attempt=89
2026-06-29 11:52:59 | RUN | model=llama3.1:8b | mode=vocabulary_synonym | attempt=90
2026-06-29 11:53:13 | RUN | model=llama3.1:8b | mode=vocabulary_synonym | attempt=91
2026-06-29 11:53:27 | RUN | model=llama3.1:8b | mode=vocabulary_synonym | attempt=92
2026-06-29 11:53:41 | RUN | model=llama3.1:8b | mode=vocabulary_synonym | attempt=93
2026-06-29 11:53:56 | RUN | model=llama3.1:8b | mode=vocabulary_synonym | attempt=94
2026-06-29 11:54:11 | RUN | model=llama3.1:8b | mode=vocabulary_synonym | attempt=95
2026-06-29 11:54:25 | RUN | model=llama3.1:8b | mode=vocabulary_synonym | attempt=96
2026-06-29 11:54:40 | RUN | model=llama3.1:8b | mode=vocabulary_synonym | attempt=97
2026-06-29 11:54:54 | RUN | model=llama3.1:8b | mode=vocabulary_synonym | attempt=98
2026-06-29 11:55:09 | RUN | model=llama3.1:8b | mode=vocabulary_synonym | attempt=99
2026-06-29 11:55:23 | RUN | model=llama3.1:8b | mode=vocabulary_synonym | attempt=100
2026-06-29 11:55:34 | SUMMARY SAVED | model=llama3.1:8b | mode=vocabulary_synonym
2026-06-29 11:55:34 | MODE STARTED | model=llama3.1:8b | mode=vocabulary_antonym
2026-06-29 11:55:34 | RUN | model=llama3.1:8b | mode=vocabulary_antonym | attempt=1
2026-06-29 11:55:48 | RUN | model=llama3.1:8b | mode=vocabulary_antonym | attempt=2
2026-06-29 11:56:02 | RUN | model=llama3.1:8b | mode=vocabulary_antonym | attempt=3
2026-06-29 11:56:16 | RUN | model=llama3.1:8b | mode=vocabulary_antonym | attempt=4
2026-06-29 11:56:30 | RUN | model=llama3.1:8b | mode=vocabulary_antonym | attempt=5
2026-06-29 11:56:43 | RUN | model=llama3.1:8b | mode=vocabulary_antonym | attempt=6
2026-06-29 11:56:58 | RUN | model=llama3.1:8b | mode=vocabulary_antonym | attempt=7
2026-06-29 11:57:12 | RUN | model=llama3.1:8b | mode=vocabulary_antonym | attempt=8
2026-06-29 11:57:26 | RUN | model=llama3.1:8b | mode=vocabulary_antonym | attempt=9
2026-06-29 11:57:40 | RUN | model=llama3.1:8b | mode=vocabulary_antonym | attempt=10
2026-06-29 11:57:54 | RUN | model=llama3.1:8b | mode=vocabulary_antonym | attempt=11
2026-06-29 11:58:08 | RUN | model=llama3.1:8b | mode=vocabulary_antonym | attempt=12
2026-06-29 11:58:22 | RUN | model=llama3.1:8b | mode=vocabulary_antonym | attempt=13
2026-06-29 11:58:36 | RUN | model=llama3.1:8b | mode=vocabulary_antonym | attempt=14
2026-06-29 11:58:50 | RUN | model=llama3.1:8b | mode=vocabulary_antonym | attempt=15
2026-06-29 11:59:04 | RUN | model=llama3.1:8b | mode=vocabulary_antonym | attempt=16
2026-06-29 11:59:17 | RUN | model=llama3.1:8b | mode=vocabulary_antonym | attempt=17
2026-06-29 11:59:31 | RUN | model=llama3.1:8b | mode=vocabulary_antonym | attempt=18
2026-06-29 11:59:45 | RUN | model=llama3.1:8b | mode=vocabulary_antonym | attempt=19
2026-06-29 11:59:59 | RUN | model=llama3.1:8b | mode=vocabulary_antonym | attempt=20
2026-06-29 12:00:13 | RUN | model=llama3.1:8b | mode=vocabulary_antonym | attempt=21
2026-06-29 12:00:27 | RUN | model=llama3.1:8b | mode=vocabulary_antonym | attempt=22
2026-06-29 12:00:42 | RUN | model=llama3.1:8b | mode=vocabulary_antonym | attempt=23
2026-06-29 12:00:56 | RUN | model=llama3.1:8b | mode=vocabulary_antonym | attempt=24
2026-06-29 12:01:10 | RUN | model=llama3.1:8b | mode=vocabulary_antonym | attempt=25
2026-06-29 12:01:23 | RUN | model=llama3.1:8b | mode=vocabulary_antonym | attempt=26
2026-06-29 12:01:37 | RUN | model=llama3.1:8b | mode=vocabulary_antonym | attempt=27
2026-06-29 12:01:51 | RUN | model=llama3.1:8b | mode=vocabulary_antonym | attempt=28
2026-06-29 12:02:05 | RUN | model=llama3.1:8b | mode=vocabulary_antonym | attempt=29
2026-06-29 12:02:19 | RUN | model=llama3.1:8b | mode=vocabulary_antonym | attempt=30
2026-06-29 12:02:33 | RUN | model=llama3.1:8b | mode=vocabulary_antonym | attempt=31
2026-06-29 12:02:47 | RUN | model=llama3.1:8b | mode=vocabulary_antonym | attempt=32
2026-06-29 12:03:01 | RUN | model=llama3.1:8b | mode=vocabulary_antonym | attempt=33
2026-06-29 12:03:15 | RUN | model=llama3.1:8b | mode=vocabulary_antonym | attempt=34
2026-06-29 12:03:29 | RUN | model=llama3.1:8b | mode=vocabulary_antonym | attempt=35
2026-06-29 12:03:43 | RUN | model=llama3.1:8b | mode=vocabulary_antonym | attempt=36
2026-06-29 12:03:57 | RUN | model=llama3.1:8b | mode=vocabulary_antonym | attempt=37
2026-06-29 12:04:10 | RUN | model=llama3.1:8b | mode=vocabulary_antonym | attempt=38
2026-06-29 12:04:24 | RUN | model=llama3.1:8b | mode=vocabulary_antonym | attempt=39
2026-06-29 12:04:38 | RUN | model=llama3.1:8b | mode=vocabulary_antonym | attempt=40
2026-06-29 12:04:52 | RUN | model=llama3.1:8b | mode=vocabulary_antonym | attempt=41
2026-06-29 12:05:06 | RUN | model=llama3.1:8b | mode=vocabulary_antonym | attempt=42
2026-06-29 12:05:21 | RUN | model=llama3.1:8b | mode=vocabulary_antonym | attempt=43
2026-06-29 12:05:35 | RUN | model=llama3.1:8b | mode=vocabulary_antonym | attempt=44
2026-06-29 12:05:49 | RUN | model=llama3.1:8b | mode=vocabulary_antonym | attempt=45
2026-06-29 12:06:03 | RUN | model=llama3.1:8b | mode=vocabulary_antonym | attempt=46
2026-06-29 12:06:17 | RUN | model=llama3.1:8b | mode=vocabulary_antonym | attempt=47
2026-06-29 12:06:31 | RUN | model=llama3.1:8b | mode=vocabulary_antonym | attempt=48
2026-06-29 12:06:45 | RUN | model=llama3.1:8b | mode=vocabulary_antonym | attempt=49
2026-06-29 12:06:59 | RUN | model=llama3.1:8b | mode=vocabulary_antonym | attempt=50
2026-06-29 12:07:12 | RUN | model=llama3.1:8b | mode=vocabulary_antonym | attempt=51
2026-06-29 12:07:26 | RUN | model=llama3.1:8b | mode=vocabulary_antonym | attempt=52
2026-06-29 12:07:40 | RUN | model=llama3.1:8b | mode=vocabulary_antonym | attempt=53
2026-06-29 12:07:54 | RUN | model=llama3.1:8b | mode=vocabulary_antonym | attempt=54
2026-06-29 12:08:08 | RUN | model=llama3.1:8b | mode=vocabulary_antonym | attempt=55
2026-06-29 12:08:23 | RUN | model=llama3.1:8b | mode=vocabulary_antonym | attempt=56
2026-06-29 12:08:37 | RUN | model=llama3.1:8b | mode=vocabulary_antonym | attempt=57
2026-06-29 12:08:51 | RUN | model=llama3.1:8b | mode=vocabulary_antonym | attempt=58
2026-06-29 12:09:05 | RUN | model=llama3.1:8b | mode=vocabulary_antonym | attempt=59
2026-06-29 12:09:18 | RUN | model=llama3.1:8b | mode=vocabulary_antonym | attempt=60
2026-06-29 12:09:32 | RUN | model=llama3.1:8b | mode=vocabulary_antonym | attempt=61
2026-06-29 12:09:46 | RUN | model=llama3.1:8b | mode=vocabulary_antonym | attempt=62
2026-06-29 12:10:00 | RUN | model=llama3.1:8b | mode=vocabulary_antonym | attempt=63
2026-06-29 12:10:14 | RUN | model=llama3.1:8b | mode=vocabulary_antonym | attempt=64
2026-06-29 12:10:28 | RUN | model=llama3.1:8b | mode=vocabulary_antonym | attempt=65
2026-06-29 12:10:42 | RUN | model=llama3.1:8b | mode=vocabulary_antonym | attempt=66
2026-06-29 12:10:56 | RUN | model=llama3.1:8b | mode=vocabulary_antonym | attempt=67
2026-06-29 12:11:10 | RUN | model=llama3.1:8b | mode=vocabulary_antonym | attempt=68
2026-06-29 12:11:24 | RUN | model=llama3.1:8b | mode=vocabulary_antonym | attempt=69
2026-06-29 12:11:38 | RUN | model=llama3.1:8b | mode=vocabulary_antonym | attempt=70
2026-06-29 12:11:52 | RUN | model=llama3.1:8b | mode=vocabulary_antonym | attempt=71
2026-06-29 12:12:06 | RUN | model=llama3.1:8b | mode=vocabulary_antonym | attempt=72
2026-06-29 12:12:20 | RUN | model=llama3.1:8b | mode=vocabulary_antonym | attempt=73
2026-06-29 12:12:34 | RUN | model=llama3.1:8b | mode=vocabulary_antonym | attempt=74
2026-06-29 12:12:48 | RUN | model=llama3.1:8b | mode=vocabulary_antonym | attempt=75
2026-06-29 12:13:02 | RUN | model=llama3.1:8b | mode=vocabulary_antonym | attempt=76
2026-06-29 12:13:16 | RUN | model=llama3.1:8b | mode=vocabulary_antonym | attempt=77
2026-06-29 12:13:29 | RUN | model=llama3.1:8b | mode=vocabulary_antonym | attempt=78
2026-06-29 12:13:43 | RUN | model=llama3.1:8b | mode=vocabulary_antonym | attempt=79
2026-06-29 12:13:57 | RUN | model=llama3.1:8b | mode=vocabulary_antonym | attempt=80
2026-06-29 12:14:12 | RUN | model=llama3.1:8b | mode=vocabulary_antonym | attempt=81
2026-06-29 12:14:26 | RUN | model=llama3.1:8b | mode=vocabulary_antonym | attempt=82
2026-06-29 12:14:40 | RUN | model=llama3.1:8b | mode=vocabulary_antonym | attempt=83
2026-06-29 12:14:54 | RUN | model=llama3.1:8b | mode=vocabulary_antonym | attempt=84
2026-06-29 12:15:09 | RUN | model=llama3.1:8b | mode=vocabulary_antonym | attempt=85
2026-06-29 12:15:23 | RUN | model=llama3.1:8b | mode=vocabulary_antonym | attempt=86
2026-06-29 12:15:37 | RUN | model=llama3.1:8b | mode=vocabulary_antonym | attempt=87
2026-06-29 12:15:51 | RUN | model=llama3.1:8b | mode=vocabulary_antonym | attempt=88
2026-06-29 12:16:05 | RUN | model=llama3.1:8b | mode=vocabulary_antonym | attempt=89
2026-06-29 12:16:19 | RUN | model=llama3.1:8b | mode=vocabulary_antonym | attempt=90
2026-06-29 12:16:33 | RUN | model=llama3.1:8b | mode=vocabulary_antonym | attempt=91
2026-06-29 12:16:47 | RUN | model=llama3.1:8b | mode=vocabulary_antonym | attempt=92
2026-06-29 12:17:01 | RUN | model=llama3.1:8b | mode=vocabulary_antonym | attempt=93
2026-06-29 12:17:15 | RUN | model=llama3.1:8b | mode=vocabulary_antonym | attempt=94
2026-06-29 12:17:28 | RUN | model=llama3.1:8b | mode=vocabulary_antonym | attempt=95
2026-06-29 12:17:42 | RUN | model=llama3.1:8b | mode=vocabulary_antonym | attempt=96
2026-06-29 12:17:56 | RUN | model=llama3.1:8b | mode=vocabulary_antonym | attempt=97
2026-06-29 12:18:10 | RUN | model=llama3.1:8b | mode=vocabulary_antonym | attempt=98
2026-06-29 12:18:24 | RUN | model=llama3.1:8b | mode=vocabulary_antonym | attempt=99
2026-06-29 12:18:38 | RUN | model=llama3.1:8b | mode=vocabulary_antonym | attempt=100
2026-06-29 12:18:48 | SUMMARY SAVED | model=llama3.1:8b | mode=vocabulary_antonym
2026-06-29 12:19:00 | MODEL STARTED | Bielik-4.5B-v3.0-Instruct-GGUF:Q8_0
2026-06-29 12:19:00 | MODE STARTED | model=Bielik-4.5B-v3.0-Instruct-GGUF:Q8_0 | mode=vocabulary_definition
2026-06-29 12:19:00 | RUN | model=Bielik-4.5B-v3.0-Instruct-GGUF:Q8_0 | mode=vocabulary_definition | attempt=1
2026-06-29 12:19:30 | RUN | model=Bielik-4.5B-v3.0-Instruct-GGUF:Q8_0 | mode=vocabulary_definition | attempt=2
2026-06-29 12:19:51 | RUN | model=Bielik-4.5B-v3.0-Instruct-GGUF:Q8_0 | mode=vocabulary_definition | attempt=3
2026-06-29 12:20:14 | RUN | model=Bielik-4.5B-v3.0-Instruct-GGUF:Q8_0 | mode=vocabulary_definition | attempt=4
2026-06-29 12:20:34 | RUN | model=Bielik-4.5B-v3.0-Instruct-GGUF:Q8_0 | mode=vocabulary_definition | attempt=5
2026-06-29 12:20:58 | RUN | model=Bielik-4.5B-v3.0-Instruct-GGUF:Q8_0 | mode=vocabulary_definition | attempt=6
2026-06-29 12:21:21 | RUN | model=Bielik-4.5B-v3.0-Instruct-GGUF:Q8_0 | mode=vocabulary_definition | attempt=7
2026-06-29 12:21:43 | RUN | model=Bielik-4.5B-v3.0-Instruct-GGUF:Q8_0 | mode=vocabulary_definition | attempt=8
2026-06-29 12:22:08 | RUN | model=Bielik-4.5B-v3.0-Instruct-GGUF:Q8_0 | mode=vocabulary_definition | attempt=9
2026-06-29 12:22:27 | RUN | model=Bielik-4.5B-v3.0-Instruct-GGUF:Q8_0 | mode=vocabulary_definition | attempt=10
2026-06-29 12:22:50 | RUN | model=Bielik-4.5B-v3.0-Instruct-GGUF:Q8_0 | mode=vocabulary_definition | attempt=11
2026-06-29 12:23:10 | RUN | model=Bielik-4.5B-v3.0-Instruct-GGUF:Q8_0 | mode=vocabulary_definition | attempt=12
2026-06-29 12:23:34 | RUN | model=Bielik-4.5B-v3.0-Instruct-GGUF:Q8_0 | mode=vocabulary_definition | attempt=13
2026-06-29 12:23:53 | RUN | model=Bielik-4.5B-v3.0-Instruct-GGUF:Q8_0 | mode=vocabulary_definition | attempt=14
2026-06-29 12:24:17 | RUN | model=Bielik-4.5B-v3.0-Instruct-GGUF:Q8_0 | mode=vocabulary_definition | attempt=15
2026-06-29 12:24:38 | RUN | model=Bielik-4.5B-v3.0-Instruct-GGUF:Q8_0 | mode=vocabulary_definition | attempt=16
2026-06-29 12:24:59 | RUN | model=Bielik-4.5B-v3.0-Instruct-GGUF:Q8_0 | mode=vocabulary_definition | attempt=17
2026-06-29 12:25:23 | RUN | model=Bielik-4.5B-v3.0-Instruct-GGUF:Q8_0 | mode=vocabulary_definition | attempt=18
2026-06-29 12:25:47 | RUN | model=Bielik-4.5B-v3.0-Instruct-GGUF:Q8_0 | mode=vocabulary_definition | attempt=19
2026-06-29 12:26:11 | RUN | model=Bielik-4.5B-v3.0-Instruct-GGUF:Q8_0 | mode=vocabulary_definition | attempt=20
2026-06-29 12:26:31 | RUN | model=Bielik-4.5B-v3.0-Instruct-GGUF:Q8_0 | mode=vocabulary_definition | attempt=21
2026-06-29 12:26:51 | RUN | model=Bielik-4.5B-v3.0-Instruct-GGUF:Q8_0 | mode=vocabulary_definition | attempt=22
2026-06-29 12:27:15 | RUN | model=Bielik-4.5B-v3.0-Instruct-GGUF:Q8_0 | mode=vocabulary_definition | attempt=23
2026-06-29 12:27:35 | RUN | model=Bielik-4.5B-v3.0-Instruct-GGUF:Q8_0 | mode=vocabulary_definition | attempt=24
2026-06-29 12:27:57 | RUN | model=Bielik-4.5B-v3.0-Instruct-GGUF:Q8_0 | mode=vocabulary_definition | attempt=25
2026-06-29 12:28:19 | RUN | model=Bielik-4.5B-v3.0-Instruct-GGUF:Q8_0 | mode=vocabulary_definition | attempt=26
2026-06-29 12:28:42 | RUN | model=Bielik-4.5B-v3.0-Instruct-GGUF:Q8_0 | mode=vocabulary_definition | attempt=27
2026-06-29 12:29:05 | RUN | model=Bielik-4.5B-v3.0-Instruct-GGUF:Q8_0 | mode=vocabulary_definition | attempt=28
2026-06-29 12:29:29 | RUN | model=Bielik-4.5B-v3.0-Instruct-GGUF:Q8_0 | mode=vocabulary_definition | attempt=29
2026-06-29 12:29:52 | RUN | model=Bielik-4.5B-v3.0-Instruct-GGUF:Q8_0 | mode=vocabulary_definition | attempt=30
2026-06-29 12:30:16 | RUN | model=Bielik-4.5B-v3.0-Instruct-GGUF:Q8_0 | mode=vocabulary_definition | attempt=31
2026-06-29 12:30:39 | RUN | model=Bielik-4.5B-v3.0-Instruct-GGUF:Q8_0 | mode=vocabulary_definition | attempt=32
2026-06-29 12:31:00 | RUN | model=Bielik-4.5B-v3.0-Instruct-GGUF:Q8_0 | mode=vocabulary_definition | attempt=33
2026-06-29 12:31:21 | RUN | model=Bielik-4.5B-v3.0-Instruct-GGUF:Q8_0 | mode=vocabulary_definition | attempt=34
2026-06-29 12:31:46 | RUN | model=Bielik-4.5B-v3.0-Instruct-GGUF:Q8_0 | mode=vocabulary_definition | attempt=35
2026-06-29 12:32:07 | RUN | model=Bielik-4.5B-v3.0-Instruct-GGUF:Q8_0 | mode=vocabulary_definition | attempt=36
2026-06-29 12:32:27 | RUN | model=Bielik-4.5B-v3.0-Instruct-GGUF:Q8_0 | mode=vocabulary_definition | attempt=37
2026-06-29 12:32:50 | RUN | model=Bielik-4.5B-v3.0-Instruct-GGUF:Q8_0 | mode=vocabulary_definition | attempt=38
2026-06-29 12:33:13 | RUN | model=Bielik-4.5B-v3.0-Instruct-GGUF:Q8_0 | mode=vocabulary_definition | attempt=39
2026-06-29 12:33:37 | RUN | model=Bielik-4.5B-v3.0-Instruct-GGUF:Q8_0 | mode=vocabulary_definition | attempt=40
2026-06-29 12:33:57 | RUN | model=Bielik-4.5B-v3.0-Instruct-GGUF:Q8_0 | mode=vocabulary_definition | attempt=41
2026-06-29 12:34:18 | RUN | model=Bielik-4.5B-v3.0-Instruct-GGUF:Q8_0 | mode=vocabulary_definition | attempt=42
2026-06-29 12:34:41 | RUN | model=Bielik-4.5B-v3.0-Instruct-GGUF:Q8_0 | mode=vocabulary_definition | attempt=43
2026-06-29 12:35:02 | RUN | model=Bielik-4.5B-v3.0-Instruct-GGUF:Q8_0 | mode=vocabulary_definition | attempt=44
2026-06-29 12:35:23 | RUN | model=Bielik-4.5B-v3.0-Instruct-GGUF:Q8_0 | mode=vocabulary_definition | attempt=45
2026-06-29 12:35:42 | RUN | model=Bielik-4.5B-v3.0-Instruct-GGUF:Q8_0 | mode=vocabulary_definition | attempt=46
2026-06-29 12:36:06 | RUN | model=Bielik-4.5B-v3.0-Instruct-GGUF:Q8_0 | mode=vocabulary_definition | attempt=47
2026-06-29 12:36:30 | RUN | model=Bielik-4.5B-v3.0-Instruct-GGUF:Q8_0 | mode=vocabulary_definition | attempt=48
2026-06-29 12:36:53 | RUN | model=Bielik-4.5B-v3.0-Instruct-GGUF:Q8_0 | mode=vocabulary_definition | attempt=49
2026-06-29 12:37:17 | RUN | model=Bielik-4.5B-v3.0-Instruct-GGUF:Q8_0 | mode=vocabulary_definition | attempt=50
2026-06-29 12:37:42 | RUN | model=Bielik-4.5B-v3.0-Instruct-GGUF:Q8_0 | mode=vocabulary_definition | attempt=51
2026-06-29 12:38:07 | RUN | model=Bielik-4.5B-v3.0-Instruct-GGUF:Q8_0 | mode=vocabulary_definition | attempt=52
2026-06-29 12:38:31 | RUN | model=Bielik-4.5B-v3.0-Instruct-GGUF:Q8_0 | mode=vocabulary_definition | attempt=53
2026-06-29 12:38:55 | RUN | model=Bielik-4.5B-v3.0-Instruct-GGUF:Q8_0 | mode=vocabulary_definition | attempt=54
2026-06-29 12:39:18 | RUN | model=Bielik-4.5B-v3.0-Instruct-GGUF:Q8_0 | mode=vocabulary_definition | attempt=55
2026-06-29 12:39:42 | RUN | model=Bielik-4.5B-v3.0-Instruct-GGUF:Q8_0 | mode=vocabulary_definition | attempt=56
2026-06-29 12:40:04 | RUN | model=Bielik-4.5B-v3.0-Instruct-GGUF:Q8_0 | mode=vocabulary_definition | attempt=57
2026-06-29 12:40:29 | RUN | model=Bielik-4.5B-v3.0-Instruct-GGUF:Q8_0 | mode=vocabulary_definition | attempt=58
2026-06-29 12:40:53 | RUN | model=Bielik-4.5B-v3.0-Instruct-GGUF:Q8_0 | mode=vocabulary_definition | attempt=59
2026-06-29 12:41:16 | RUN | model=Bielik-4.5B-v3.0-Instruct-GGUF:Q8_0 | mode=vocabulary_definition | attempt=60
2026-06-29 12:41:36 | RUN | model=Bielik-4.5B-v3.0-Instruct-GGUF:Q8_0 | mode=vocabulary_definition | attempt=61
2026-06-29 12:41:57 | RUN | model=Bielik-4.5B-v3.0-Instruct-GGUF:Q8_0 | mode=vocabulary_definition | attempt=62
2026-06-29 12:42:20 | RUN | model=Bielik-4.5B-v3.0-Instruct-GGUF:Q8_0 | mode=vocabulary_definition | attempt=63
2026-06-29 12:42:40 | RUN | model=Bielik-4.5B-v3.0-Instruct-GGUF:Q8_0 | mode=vocabulary_definition | attempt=64
2026-06-29 12:43:01 | RUN | model=Bielik-4.5B-v3.0-Instruct-GGUF:Q8_0 | mode=vocabulary_definition | attempt=65
2026-06-29 12:43:24 | RUN | model=Bielik-4.5B-v3.0-Instruct-GGUF:Q8_0 | mode=vocabulary_definition | attempt=66
2026-06-29 12:43:47 | RUN | model=Bielik-4.5B-v3.0-Instruct-GGUF:Q8_0 | mode=vocabulary_definition | attempt=67
2026-06-29 12:44:11 | RUN | model=Bielik-4.5B-v3.0-Instruct-GGUF:Q8_0 | mode=vocabulary_definition | attempt=68
2026-06-29 12:44:31 | RUN | model=Bielik-4.5B-v3.0-Instruct-GGUF:Q8_0 | mode=vocabulary_definition | attempt=69
2026-06-29 12:44:54 | RUN | model=Bielik-4.5B-v3.0-Instruct-GGUF:Q8_0 | mode=vocabulary_definition | attempt=70
2026-06-29 12:45:17 | RUN | model=Bielik-4.5B-v3.0-Instruct-GGUF:Q8_0 | mode=vocabulary_definition | attempt=71
2026-06-29 12:45:40 | RUN | model=Bielik-4.5B-v3.0-Instruct-GGUF:Q8_0 | mode=vocabulary_definition | attempt=72
2026-06-29 12:46:03 | RUN | model=Bielik-4.5B-v3.0-Instruct-GGUF:Q8_0 | mode=vocabulary_definition | attempt=73
2026-06-29 12:46:26 | RUN | model=Bielik-4.5B-v3.0-Instruct-GGUF:Q8_0 | mode=vocabulary_definition | attempt=74
2026-06-29 12:46:47 | RUN | model=Bielik-4.5B-v3.0-Instruct-GGUF:Q8_0 | mode=vocabulary_definition | attempt=75
2026-06-29 12:47:11 | RUN | model=Bielik-4.5B-v3.0-Instruct-GGUF:Q8_0 | mode=vocabulary_definition | attempt=76
2026-06-29 12:47:32 | RUN | model=Bielik-4.5B-v3.0-Instruct-GGUF:Q8_0 | mode=vocabulary_definition | attempt=77
2026-06-29 12:47:55 | RUN | model=Bielik-4.5B-v3.0-Instruct-GGUF:Q8_0 | mode=vocabulary_definition | attempt=78
2026-06-29 12:48:17 | RUN | model=Bielik-4.5B-v3.0-Instruct-GGUF:Q8_0 | mode=vocabulary_definition | attempt=79
2026-06-29 12:48:40 | RUN | model=Bielik-4.5B-v3.0-Instruct-GGUF:Q8_0 | mode=vocabulary_definition | attempt=80
2026-06-29 12:49:00 | RUN | model=Bielik-4.5B-v3.0-Instruct-GGUF:Q8_0 | mode=vocabulary_definition | attempt=81
2026-06-29 12:49:22 | RUN | model=Bielik-4.5B-v3.0-Instruct-GGUF:Q8_0 | mode=vocabulary_definition | attempt=82
2026-06-29 12:49:41 | RUN | model=Bielik-4.5B-v3.0-Instruct-GGUF:Q8_0 | mode=vocabulary_definition | attempt=83
2026-06-29 12:50:04 | RUN | model=Bielik-4.5B-v3.0-Instruct-GGUF:Q8_0 | mode=vocabulary_definition | attempt=84
2026-06-29 12:50:27 | RUN | model=Bielik-4.5B-v3.0-Instruct-GGUF:Q8_0 | mode=vocabulary_definition | attempt=85
2026-06-29 12:50:47 | RUN | model=Bielik-4.5B-v3.0-Instruct-GGUF:Q8_0 | mode=vocabulary_definition | attempt=86
2026-06-29 12:51:10 | RUN | model=Bielik-4.5B-v3.0-Instruct-GGUF:Q8_0 | mode=vocabulary_definition | attempt=87
2026-06-29 12:51:31 | RUN | model=Bielik-4.5B-v3.0-Instruct-GGUF:Q8_0 | mode=vocabulary_definition | attempt=88
2026-06-29 12:51:55 | RUN | model=Bielik-4.5B-v3.0-Instruct-GGUF:Q8_0 | mode=vocabulary_definition | attempt=89
2026-06-29 12:52:18 | RUN | model=Bielik-4.5B-v3.0-Instruct-GGUF:Q8_0 | mode=vocabulary_definition | attempt=90
2026-06-29 12:52:42 | RUN | model=Bielik-4.5B-v3.0-Instruct-GGUF:Q8_0 | mode=vocabulary_definition | attempt=91
2026-06-29 12:53:05 | RUN | model=Bielik-4.5B-v3.0-Instruct-GGUF:Q8_0 | mode=vocabulary_definition | attempt=92
2026-06-29 12:53:26 | RUN | model=Bielik-4.5B-v3.0-Instruct-GGUF:Q8_0 | mode=vocabulary_definition | attempt=93
2026-06-29 12:53:50 | RUN | model=Bielik-4.5B-v3.0-Instruct-GGUF:Q8_0 | mode=vocabulary_definition | attempt=94
2026-06-29 12:54:13 | RUN | model=Bielik-4.5B-v3.0-Instruct-GGUF:Q8_0 | mode=vocabulary_definition | attempt=95
2026-06-29 12:54:36 | RUN | model=Bielik-4.5B-v3.0-Instruct-GGUF:Q8_0 | mode=vocabulary_definition | attempt=96
2026-06-29 12:55:00 | RUN | model=Bielik-4.5B-v3.0-Instruct-GGUF:Q8_0 | mode=vocabulary_definition | attempt=97
2026-06-29 12:55:23 | RUN | model=Bielik-4.5B-v3.0-Instruct-GGUF:Q8_0 | mode=vocabulary_definition | attempt=98
2026-06-29 12:55:47 | RUN | model=Bielik-4.5B-v3.0-Instruct-GGUF:Q8_0 | mode=vocabulary_definition | attempt=99
2026-06-29 12:56:11 | RUN | model=Bielik-4.5B-v3.0-Instruct-GGUF:Q8_0 | mode=vocabulary_definition | attempt=100
2026-06-29 12:56:29 | SUMMARY SAVED | model=Bielik-4.5B-v3.0-Instruct-GGUF:Q8_0 | mode=vocabulary_definition
2026-06-29 12:56:29 | MODE STARTED | model=Bielik-4.5B-v3.0-Instruct-GGUF:Q8_0 | mode=vocabulary_match
2026-06-29 12:56:29 | RUN | model=Bielik-4.5B-v3.0-Instruct-GGUF:Q8_0 | mode=vocabulary_match | attempt=1
2026-06-29 12:56:46 | RUN | model=Bielik-4.5B-v3.0-Instruct-GGUF:Q8_0 | mode=vocabulary_match | attempt=2
2026-06-29 12:56:58 | RUN | model=Bielik-4.5B-v3.0-Instruct-GGUF:Q8_0 | mode=vocabulary_match | attempt=3
2026-06-29 12:57:12 | RUN | model=Bielik-4.5B-v3.0-Instruct-GGUF:Q8_0 | mode=vocabulary_match | attempt=4
2026-06-29 12:57:28 | RUN | model=Bielik-4.5B-v3.0-Instruct-GGUF:Q8_0 | mode=vocabulary_match | attempt=5
2026-06-29 12:57:44 | RUN | model=Bielik-4.5B-v3.0-Instruct-GGUF:Q8_0 | mode=vocabulary_match | attempt=6
2026-06-29 12:58:01 | RUN | model=Bielik-4.5B-v3.0-Instruct-GGUF:Q8_0 | mode=vocabulary_match | attempt=7
2026-06-29 12:58:15 | RUN | model=Bielik-4.5B-v3.0-Instruct-GGUF:Q8_0 | mode=vocabulary_match | attempt=8
2026-06-29 12:58:29 | RUN | model=Bielik-4.5B-v3.0-Instruct-GGUF:Q8_0 | mode=vocabulary_match | attempt=9
2026-06-29 12:58:44 | RUN | model=Bielik-4.5B-v3.0-Instruct-GGUF:Q8_0 | mode=vocabulary_match | attempt=10
2026-06-29 12:58:59 | RUN | model=Bielik-4.5B-v3.0-Instruct-GGUF:Q8_0 | mode=vocabulary_match | attempt=11
2026-06-29 12:59:12 | RUN | model=Bielik-4.5B-v3.0-Instruct-GGUF:Q8_0 | mode=vocabulary_match | attempt=12
2026-06-29 12:59:26 | RUN | model=Bielik-4.5B-v3.0-Instruct-GGUF:Q8_0 | mode=vocabulary_match | attempt=13
2026-06-29 12:59:40 | RUN | model=Bielik-4.5B-v3.0-Instruct-GGUF:Q8_0 | mode=vocabulary_match | attempt=14
2026-06-29 12:59:54 | RUN | model=Bielik-4.5B-v3.0-Instruct-GGUF:Q8_0 | mode=vocabulary_match | attempt=15
2026-06-29 13:00:08 | RUN | model=Bielik-4.5B-v3.0-Instruct-GGUF:Q8_0 | mode=vocabulary_match | attempt=16
2026-06-29 13:00:23 | RUN | model=Bielik-4.5B-v3.0-Instruct-GGUF:Q8_0 | mode=vocabulary_match | attempt=17
2026-06-29 13:00:38 | RUN | model=Bielik-4.5B-v3.0-Instruct-GGUF:Q8_0 | mode=vocabulary_match | attempt=18
2026-06-29 13:00:52 | RUN | model=Bielik-4.5B-v3.0-Instruct-GGUF:Q8_0 | mode=vocabulary_match | attempt=19
2026-06-29 13:01:08 | RUN | model=Bielik-4.5B-v3.0-Instruct-GGUF:Q8_0 | mode=vocabulary_match | attempt=20
2026-06-29 13:01:22 | RUN | model=Bielik-4.5B-v3.0-Instruct-GGUF:Q8_0 | mode=vocabulary_match | attempt=21
2026-06-29 13:01:40 | RUN | model=Bielik-4.5B-v3.0-Instruct-GGUF:Q8_0 | mode=vocabulary_match | attempt=22
2026-06-29 13:01:55 | RUN | model=Bielik-4.5B-v3.0-Instruct-GGUF:Q8_0 | mode=vocabulary_match | attempt=23
2026-06-29 13:02:09 | RUN | model=Bielik-4.5B-v3.0-Instruct-GGUF:Q8_0 | mode=vocabulary_match | attempt=24
2026-06-29 13:02:25 | RUN | model=Bielik-4.5B-v3.0-Instruct-GGUF:Q8_0 | mode=vocabulary_match | attempt=25
2026-06-29 13:02:39 | RUN | model=Bielik-4.5B-v3.0-Instruct-GGUF:Q8_0 | mode=vocabulary_match | attempt=26
2026-06-29 13:02:53 | RUN | model=Bielik-4.5B-v3.0-Instruct-GGUF:Q8_0 | mode=vocabulary_match | attempt=27
2026-06-29 13:03:08 | RUN | model=Bielik-4.5B-v3.0-Instruct-GGUF:Q8_0 | mode=vocabulary_match | attempt=28
2026-06-29 13:03:22 | RUN | model=Bielik-4.5B-v3.0-Instruct-GGUF:Q8_0 | mode=vocabulary_match | attempt=29
2026-06-29 13:03:38 | RUN | model=Bielik-4.5B-v3.0-Instruct-GGUF:Q8_0 | mode=vocabulary_match | attempt=30
2026-06-29 13:03:52 | RUN | model=Bielik-4.5B-v3.0-Instruct-GGUF:Q8_0 | mode=vocabulary_match | attempt=31
2026-06-29 13:04:05 | RUN | model=Bielik-4.5B-v3.0-Instruct-GGUF:Q8_0 | mode=vocabulary_match | attempt=32
2026-06-29 13:04:19 | RUN | model=Bielik-4.5B-v3.0-Instruct-GGUF:Q8_0 | mode=vocabulary_match | attempt=33
2026-06-29 13:04:36 | RUN | model=Bielik-4.5B-v3.0-Instruct-GGUF:Q8_0 | mode=vocabulary_match | attempt=34
2026-06-29 13:04:51 | RUN | model=Bielik-4.5B-v3.0-Instruct-GGUF:Q8_0 | mode=vocabulary_match | attempt=35
2026-06-29 13:05:05 | RUN | model=Bielik-4.5B-v3.0-Instruct-GGUF:Q8_0 | mode=vocabulary_match | attempt=36
2026-06-29 13:05:19 | RUN | model=Bielik-4.5B-v3.0-Instruct-GGUF:Q8_0 | mode=vocabulary_match | attempt=37
2026-06-29 13:05:33 | RUN | model=Bielik-4.5B-v3.0-Instruct-GGUF:Q8_0 | mode=vocabulary_match | attempt=38
2026-06-29 13:05:47 | RUN | model=Bielik-4.5B-v3.0-Instruct-GGUF:Q8_0 | mode=vocabulary_match | attempt=39
2026-06-29 13:06:02 | RUN | model=Bielik-4.5B-v3.0-Instruct-GGUF:Q8_0 | mode=vocabulary_match | attempt=40
2026-06-29 13:06:17 | RUN | model=Bielik-4.5B-v3.0-Instruct-GGUF:Q8_0 | mode=vocabulary_match | attempt=41
2026-06-29 13:06:30 | RUN | model=Bielik-4.5B-v3.0-Instruct-GGUF:Q8_0 | mode=vocabulary_match | attempt=42
2026-06-29 13:06:44 | RUN | model=Bielik-4.5B-v3.0-Instruct-GGUF:Q8_0 | mode=vocabulary_match | attempt=43
2026-06-29 13:06:58 | RUN | model=Bielik-4.5B-v3.0-Instruct-GGUF:Q8_0 | mode=vocabulary_match | attempt=44
2026-06-29 13:07:14 | RUN | model=Bielik-4.5B-v3.0-Instruct-GGUF:Q8_0 | mode=vocabulary_match | attempt=45
2026-06-29 13:07:27 | RUN | model=Bielik-4.5B-v3.0-Instruct-GGUF:Q8_0 | mode=vocabulary_match | attempt=46
2026-06-29 13:07:44 | RUN | model=Bielik-4.5B-v3.0-Instruct-GGUF:Q8_0 | mode=vocabulary_match | attempt=47
2026-06-29 13:07:59 | RUN | model=Bielik-4.5B-v3.0-Instruct-GGUF:Q8_0 | mode=vocabulary_match | attempt=48
2026-06-29 13:08:12 | RUN | model=Bielik-4.5B-v3.0-Instruct-GGUF:Q8_0 | mode=vocabulary_match | attempt=49
2026-06-29 13:08:28 | RUN | model=Bielik-4.5B-v3.0-Instruct-GGUF:Q8_0 | mode=vocabulary_match | attempt=50
2026-06-29 13:08:42 | RUN | model=Bielik-4.5B-v3.0-Instruct-GGUF:Q8_0 | mode=vocabulary_match | attempt=51
2026-06-29 13:08:57 | RUN | model=Bielik-4.5B-v3.0-Instruct-GGUF:Q8_0 | mode=vocabulary_match | attempt=52
2026-06-29 13:09:12 | RUN | model=Bielik-4.5B-v3.0-Instruct-GGUF:Q8_0 | mode=vocabulary_match | attempt=53
2026-06-29 13:09:26 | RUN | model=Bielik-4.5B-v3.0-Instruct-GGUF:Q8_0 | mode=vocabulary_match | attempt=54
2026-06-29 13:09:41 | RUN | model=Bielik-4.5B-v3.0-Instruct-GGUF:Q8_0 | mode=vocabulary_match | attempt=55
2026-06-29 13:09:55 | RUN | model=Bielik-4.5B-v3.0-Instruct-GGUF:Q8_0 | mode=vocabulary_match | attempt=56
2026-06-29 13:10:10 | RUN | model=Bielik-4.5B-v3.0-Instruct-GGUF:Q8_0 | mode=vocabulary_match | attempt=57
2026-06-29 13:10:24 | RUN | model=Bielik-4.5B-v3.0-Instruct-GGUF:Q8_0 | mode=vocabulary_match | attempt=58
2026-06-29 13:10:38 | RUN | model=Bielik-4.5B-v3.0-Instruct-GGUF:Q8_0 | mode=vocabulary_match | attempt=59
2026-06-29 13:10:54 | RUN | model=Bielik-4.5B-v3.0-Instruct-GGUF:Q8_0 | mode=vocabulary_match | attempt=60
2026-06-29 13:11:09 | RUN | model=Bielik-4.5B-v3.0-Instruct-GGUF:Q8_0 | mode=vocabulary_match | attempt=61
2026-06-29 13:11:22 | RUN | model=Bielik-4.5B-v3.0-Instruct-GGUF:Q8_0 | mode=vocabulary_match | attempt=62
2026-06-29 13:11:36 | RUN | model=Bielik-4.5B-v3.0-Instruct-GGUF:Q8_0 | mode=vocabulary_match | attempt=63
2026-06-29 13:11:52 | RUN | model=Bielik-4.5B-v3.0-Instruct-GGUF:Q8_0 | mode=vocabulary_match | attempt=64
2026-06-29 13:12:08 | RUN | model=Bielik-4.5B-v3.0-Instruct-GGUF:Q8_0 | mode=vocabulary_match | attempt=65
2026-06-29 13:12:23 | RUN | model=Bielik-4.5B-v3.0-Instruct-GGUF:Q8_0 | mode=vocabulary_match | attempt=66
2026-06-29 13:12:39 | RUN | model=Bielik-4.5B-v3.0-Instruct-GGUF:Q8_0 | mode=vocabulary_match | attempt=67
2026-06-29 13:12:52 | RUN | model=Bielik-4.5B-v3.0-Instruct-GGUF:Q8_0 | mode=vocabulary_match | attempt=68
2026-06-29 13:13:08 | RUN | model=Bielik-4.5B-v3.0-Instruct-GGUF:Q8_0 | mode=vocabulary_match | attempt=69
2026-06-29 13:13:24 | RUN | model=Bielik-4.5B-v3.0-Instruct-GGUF:Q8_0 | mode=vocabulary_match | attempt=70
2026-06-29 13:13:40 | RUN | model=Bielik-4.5B-v3.0-Instruct-GGUF:Q8_0 | mode=vocabulary_match | attempt=71
2026-06-29 13:13:54 | RUN | model=Bielik-4.5B-v3.0-Instruct-GGUF:Q8_0 | mode=vocabulary_match | attempt=72
2026-06-29 13:14:08 | RUN | model=Bielik-4.5B-v3.0-Instruct-GGUF:Q8_0 | mode=vocabulary_match | attempt=73
2026-06-29 13:14:21 | RUN | model=Bielik-4.5B-v3.0-Instruct-GGUF:Q8_0 | mode=vocabulary_match | attempt=74
2026-06-29 13:14:35 | RUN | model=Bielik-4.5B-v3.0-Instruct-GGUF:Q8_0 | mode=vocabulary_match | attempt=75
2026-06-29 13:14:51 | RUN | model=Bielik-4.5B-v3.0-Instruct-GGUF:Q8_0 | mode=vocabulary_match | attempt=76
2026-06-29 13:15:04 | RUN | model=Bielik-4.5B-v3.0-Instruct-GGUF:Q8_0 | mode=vocabulary_match | attempt=77
2026-06-29 13:15:17 | RUN | model=Bielik-4.5B-v3.0-Instruct-GGUF:Q8_0 | mode=vocabulary_match | attempt=78
2026-06-29 13:15:33 | RUN | model=Bielik-4.5B-v3.0-Instruct-GGUF:Q8_0 | mode=vocabulary_match | attempt=79
2026-06-29 13:15:47 | RUN | model=Bielik-4.5B-v3.0-Instruct-GGUF:Q8_0 | mode=vocabulary_match | attempt=80
2026-06-29 13:16:01 | RUN | model=Bielik-4.5B-v3.0-Instruct-GGUF:Q8_0 | mode=vocabulary_match | attempt=81
2026-06-29 13:16:16 | RUN | model=Bielik-4.5B-v3.0-Instruct-GGUF:Q8_0 | mode=vocabulary_match | attempt=82
2026-06-29 13:16:30 | RUN | model=Bielik-4.5B-v3.0-Instruct-GGUF:Q8_0 | mode=vocabulary_match | attempt=83
2026-06-29 13:16:44 | RUN | model=Bielik-4.5B-v3.0-Instruct-GGUF:Q8_0 | mode=vocabulary_match | attempt=84
2026-06-29 13:16:59 | RUN | model=Bielik-4.5B-v3.0-Instruct-GGUF:Q8_0 | mode=vocabulary_match | attempt=85
2026-06-29 13:17:12 | RUN | model=Bielik-4.5B-v3.0-Instruct-GGUF:Q8_0 | mode=vocabulary_match | attempt=86
2026-06-29 13:17:26 | RUN | model=Bielik-4.5B-v3.0-Instruct-GGUF:Q8_0 | mode=vocabulary_match | attempt=87
2026-06-29 13:17:40 | RUN | model=Bielik-4.5B-v3.0-Instruct-GGUF:Q8_0 | mode=vocabulary_match | attempt=88
2026-06-29 13:17:54 | RUN | model=Bielik-4.5B-v3.0-Instruct-GGUF:Q8_0 | mode=vocabulary_match | attempt=89
2026-06-29 13:18:10 | RUN | model=Bielik-4.5B-v3.0-Instruct-GGUF:Q8_0 | mode=vocabulary_match | attempt=90
2026-06-29 13:18:24 | RUN | model=Bielik-4.5B-v3.0-Instruct-GGUF:Q8_0 | mode=vocabulary_match | attempt=91
2026-06-29 13:18:39 | RUN | model=Bielik-4.5B-v3.0-Instruct-GGUF:Q8_0 | mode=vocabulary_match | attempt=92
2026-06-29 13:18:59 | RUN | model=Bielik-4.5B-v3.0-Instruct-GGUF:Q8_0 | mode=vocabulary_match | attempt=93
2026-06-29 13:19:13 | RUN | model=Bielik-4.5B-v3.0-Instruct-GGUF:Q8_0 | mode=vocabulary_match | attempt=94
2026-06-29 13:19:28 | RUN | model=Bielik-4.5B-v3.0-Instruct-GGUF:Q8_0 | mode=vocabulary_match | attempt=95
2026-06-29 13:19:42 | RUN | model=Bielik-4.5B-v3.0-Instruct-GGUF:Q8_0 | mode=vocabulary_match | attempt=96
2026-06-29 13:19:58 | RUN | model=Bielik-4.5B-v3.0-Instruct-GGUF:Q8_0 | mode=vocabulary_match | attempt=97
2026-06-29 13:20:12 | RUN | model=Bielik-4.5B-v3.0-Instruct-GGUF:Q8_0 | mode=vocabulary_match | attempt=98
2026-06-29 13:20:28 | RUN | model=Bielik-4.5B-v3.0-Instruct-GGUF:Q8_0 | mode=vocabulary_match | attempt=99
2026-06-29 13:20:43 | RUN | model=Bielik-4.5B-v3.0-Instruct-GGUF:Q8_0 | mode=vocabulary_match | attempt=100
2026-06-29 13:20:54 | SUMMARY SAVED | model=Bielik-4.5B-v3.0-Instruct-GGUF:Q8_0 | mode=vocabulary_match
2026-06-29 13:20:54 | MODE STARTED | model=Bielik-4.5B-v3.0-Instruct-GGUF:Q8_0 | mode=vocabulary_synonym
2026-06-29 13:20:54 | RUN | model=Bielik-4.5B-v3.0-Instruct-GGUF:Q8_0 | mode=vocabulary_synonym | attempt=1
2026-06-29 13:21:11 | RUN | model=Bielik-4.5B-v3.0-Instruct-GGUF:Q8_0 | mode=vocabulary_synonym | attempt=2
2026-06-29 13:21:27 | RUN | model=Bielik-4.5B-v3.0-Instruct-GGUF:Q8_0 | mode=vocabulary_synonym | attempt=3
2026-06-29 13:21:44 | RUN | model=Bielik-4.5B-v3.0-Instruct-GGUF:Q8_0 | mode=vocabulary_synonym | attempt=4
2026-06-29 13:22:00 | RUN | model=Bielik-4.5B-v3.0-Instruct-GGUF:Q8_0 | mode=vocabulary_synonym | attempt=5
2026-06-29 13:22:17 | RUN | model=Bielik-4.5B-v3.0-Instruct-GGUF:Q8_0 | mode=vocabulary_synonym | attempt=6
2026-06-29 13:22:33 | RUN | model=Bielik-4.5B-v3.0-Instruct-GGUF:Q8_0 | mode=vocabulary_synonym | attempt=7
2026-06-29 13:22:50 | RUN | model=Bielik-4.5B-v3.0-Instruct-GGUF:Q8_0 | mode=vocabulary_synonym | attempt=8
2026-06-29 13:23:07 | RUN | model=Bielik-4.5B-v3.0-Instruct-GGUF:Q8_0 | mode=vocabulary_synonym | attempt=9
2026-06-29 13:23:23 | RUN | model=Bielik-4.5B-v3.0-Instruct-GGUF:Q8_0 | mode=vocabulary_synonym | attempt=10
2026-06-29 13:23:40 | RUN | model=Bielik-4.5B-v3.0-Instruct-GGUF:Q8_0 | mode=vocabulary_synonym | attempt=11
2026-06-29 13:23:57 | RUN | model=Bielik-4.5B-v3.0-Instruct-GGUF:Q8_0 | mode=vocabulary_synonym | attempt=12
2026-06-29 13:24:13 | RUN | model=Bielik-4.5B-v3.0-Instruct-GGUF:Q8_0 | mode=vocabulary_synonym | attempt=13
2026-06-29 13:24:30 | RUN | model=Bielik-4.5B-v3.0-Instruct-GGUF:Q8_0 | mode=vocabulary_synonym | attempt=14
2026-06-29 13:24:47 | RUN | model=Bielik-4.5B-v3.0-Instruct-GGUF:Q8_0 | mode=vocabulary_synonym | attempt=15
2026-06-29 13:25:03 | RUN | model=Bielik-4.5B-v3.0-Instruct-GGUF:Q8_0 | mode=vocabulary_synonym | attempt=16
2026-06-29 13:25:19 | RUN | model=Bielik-4.5B-v3.0-Instruct-GGUF:Q8_0 | mode=vocabulary_synonym | attempt=17
2026-06-29 13:25:36 | RUN | model=Bielik-4.5B-v3.0-Instruct-GGUF:Q8_0 | mode=vocabulary_synonym | attempt=18
2026-06-29 13:25:53 | RUN | model=Bielik-4.5B-v3.0-Instruct-GGUF:Q8_0 | mode=vocabulary_synonym | attempt=19
2026-06-29 13:26:09 | RUN | model=Bielik-4.5B-v3.0-Instruct-GGUF:Q8_0 | mode=vocabulary_synonym | attempt=20
2026-06-29 13:26:25 | RUN | model=Bielik-4.5B-v3.0-Instruct-GGUF:Q8_0 | mode=vocabulary_synonym | attempt=21
2026-06-29 13:26:42 | RUN | model=Bielik-4.5B-v3.0-Instruct-GGUF:Q8_0 | mode=vocabulary_synonym | attempt=22
2026-06-29 13:26:58 | RUN | model=Bielik-4.5B-v3.0-Instruct-GGUF:Q8_0 | mode=vocabulary_synonym | attempt=23
2026-06-29 13:27:15 | RUN | model=Bielik-4.5B-v3.0-Instruct-GGUF:Q8_0 | mode=vocabulary_synonym | attempt=24
2026-06-29 13:27:31 | RUN | model=Bielik-4.5B-v3.0-Instruct-GGUF:Q8_0 | mode=vocabulary_synonym | attempt=25
2026-06-29 13:27:48 | RUN | model=Bielik-4.5B-v3.0-Instruct-GGUF:Q8_0 | mode=vocabulary_synonym | attempt=26
2026-06-29 13:28:05 | RUN | model=Bielik-4.5B-v3.0-Instruct-GGUF:Q8_0 | mode=vocabulary_synonym | attempt=27
2026-06-29 13:28:22 | RUN | model=Bielik-4.5B-v3.0-Instruct-GGUF:Q8_0 | mode=vocabulary_synonym | attempt=28
2026-06-29 13:28:39 | RUN | model=Bielik-4.5B-v3.0-Instruct-GGUF:Q8_0 | mode=vocabulary_synonym | attempt=29
2026-06-29 13:28:56 | RUN | model=Bielik-4.5B-v3.0-Instruct-GGUF:Q8_0 | mode=vocabulary_synonym | attempt=30
2026-06-29 13:29:13 | RUN | model=Bielik-4.5B-v3.0-Instruct-GGUF:Q8_0 | mode=vocabulary_synonym | attempt=31
2026-06-29 13:29:29 | RUN | model=Bielik-4.5B-v3.0-Instruct-GGUF:Q8_0 | mode=vocabulary_synonym | attempt=32
2026-06-29 13:29:45 | RUN | model=Bielik-4.5B-v3.0-Instruct-GGUF:Q8_0 | mode=vocabulary_synonym | attempt=33
2026-06-29 13:30:02 | RUN | model=Bielik-4.5B-v3.0-Instruct-GGUF:Q8_0 | mode=vocabulary_synonym | attempt=34
2026-06-29 13:30:18 | RUN | model=Bielik-4.5B-v3.0-Instruct-GGUF:Q8_0 | mode=vocabulary_synonym | attempt=35
2026-06-29 13:30:35 | RUN | model=Bielik-4.5B-v3.0-Instruct-GGUF:Q8_0 | mode=vocabulary_synonym | attempt=36
2026-06-29 13:30:51 | RUN | model=Bielik-4.5B-v3.0-Instruct-GGUF:Q8_0 | mode=vocabulary_synonym | attempt=37
2026-06-29 13:31:08 | RUN | model=Bielik-4.5B-v3.0-Instruct-GGUF:Q8_0 | mode=vocabulary_synonym | attempt=38
2026-06-29 13:31:24 | RUN | model=Bielik-4.5B-v3.0-Instruct-GGUF:Q8_0 | mode=vocabulary_synonym | attempt=39
2026-06-29 13:31:40 | RUN | model=Bielik-4.5B-v3.0-Instruct-GGUF:Q8_0 | mode=vocabulary_synonym | attempt=40
2026-06-29 13:31:57 | RUN | model=Bielik-4.5B-v3.0-Instruct-GGUF:Q8_0 | mode=vocabulary_synonym | attempt=41
2026-06-29 13:32:13 | RUN | model=Bielik-4.5B-v3.0-Instruct-GGUF:Q8_0 | mode=vocabulary_synonym | attempt=42
2026-06-29 13:32:30 | RUN | model=Bielik-4.5B-v3.0-Instruct-GGUF:Q8_0 | mode=vocabulary_synonym | attempt=43
2026-06-29 13:32:46 | RUN | model=Bielik-4.5B-v3.0-Instruct-GGUF:Q8_0 | mode=vocabulary_synonym | attempt=44
2026-06-29 13:33:03 | RUN | model=Bielik-4.5B-v3.0-Instruct-GGUF:Q8_0 | mode=vocabulary_synonym | attempt=45
2026-06-29 13:33:19 | RUN | model=Bielik-4.5B-v3.0-Instruct-GGUF:Q8_0 | mode=vocabulary_synonym | attempt=46
2026-06-29 13:33:35 | RUN | model=Bielik-4.5B-v3.0-Instruct-GGUF:Q8_0 | mode=vocabulary_synonym | attempt=47
2026-06-29 13:33:52 | RUN | model=Bielik-4.5B-v3.0-Instruct-GGUF:Q8_0 | mode=vocabulary_synonym | attempt=48
2026-06-29 13:34:09 | RUN | model=Bielik-4.5B-v3.0-Instruct-GGUF:Q8_0 | mode=vocabulary_synonym | attempt=49
2026-06-29 13:34:25 | RUN | model=Bielik-4.5B-v3.0-Instruct-GGUF:Q8_0 | mode=vocabulary_synonym | attempt=50
2026-06-29 13:34:42 | RUN | model=Bielik-4.5B-v3.0-Instruct-GGUF:Q8_0 | mode=vocabulary_synonym | attempt=51
2026-06-29 13:34:58 | RUN | model=Bielik-4.5B-v3.0-Instruct-GGUF:Q8_0 | mode=vocabulary_synonym | attempt=52
2026-06-29 13:35:14 | RUN | model=Bielik-4.5B-v3.0-Instruct-GGUF:Q8_0 | mode=vocabulary_synonym | attempt=53
2026-06-29 13:35:31 | RUN | model=Bielik-4.5B-v3.0-Instruct-GGUF:Q8_0 | mode=vocabulary_synonym | attempt=54
2026-06-29 13:35:47 | RUN | model=Bielik-4.5B-v3.0-Instruct-GGUF:Q8_0 | mode=vocabulary_synonym | attempt=55
2026-06-29 13:36:03 | RUN | model=Bielik-4.5B-v3.0-Instruct-GGUF:Q8_0 | mode=vocabulary_synonym | attempt=56
2026-06-29 13:36:20 | RUN | model=Bielik-4.5B-v3.0-Instruct-GGUF:Q8_0 | mode=vocabulary_synonym | attempt=57
2026-06-29 13:36:37 | RUN | model=Bielik-4.5B-v3.0-Instruct-GGUF:Q8_0 | mode=vocabulary_synonym | attempt=58
2026-06-29 13:36:53 | RUN | model=Bielik-4.5B-v3.0-Instruct-GGUF:Q8_0 | mode=vocabulary_synonym | attempt=59
2026-06-29 13:37:09 | RUN | model=Bielik-4.5B-v3.0-Instruct-GGUF:Q8_0 | mode=vocabulary_synonym | attempt=60
2026-06-29 13:37:26 | RUN | model=Bielik-4.5B-v3.0-Instruct-GGUF:Q8_0 | mode=vocabulary_synonym | attempt=61
2026-06-29 13:37:42 | RUN | model=Bielik-4.5B-v3.0-Instruct-GGUF:Q8_0 | mode=vocabulary_synonym | attempt=62
2026-06-29 13:37:59 | RUN | model=Bielik-4.5B-v3.0-Instruct-GGUF:Q8_0 | mode=vocabulary_synonym | attempt=63
2026-06-29 13:38:15 | RUN | model=Bielik-4.5B-v3.0-Instruct-GGUF:Q8_0 | mode=vocabulary_synonym | attempt=64
2026-06-29 13:38:31 | RUN | model=Bielik-4.5B-v3.0-Instruct-GGUF:Q8_0 | mode=vocabulary_synonym | attempt=65
2026-06-29 13:38:49 | RUN | model=Bielik-4.5B-v3.0-Instruct-GGUF:Q8_0 | mode=vocabulary_synonym | attempt=66
2026-06-29 13:39:05 | RUN | model=Bielik-4.5B-v3.0-Instruct-GGUF:Q8_0 | mode=vocabulary_synonym | attempt=67
2026-06-29 13:39:21 | RUN | model=Bielik-4.5B-v3.0-Instruct-GGUF:Q8_0 | mode=vocabulary_synonym | attempt=68
2026-06-29 13:39:38 | RUN | model=Bielik-4.5B-v3.0-Instruct-GGUF:Q8_0 | mode=vocabulary_synonym | attempt=69
2026-06-29 13:39:55 | RUN | model=Bielik-4.5B-v3.0-Instruct-GGUF:Q8_0 | mode=vocabulary_synonym | attempt=70
2026-06-29 13:40:12 | RUN | model=Bielik-4.5B-v3.0-Instruct-GGUF:Q8_0 | mode=vocabulary_synonym | attempt=71
2026-06-29 13:40:28 | RUN | model=Bielik-4.5B-v3.0-Instruct-GGUF:Q8_0 | mode=vocabulary_synonym | attempt=72
2026-06-29 13:40:45 | RUN | model=Bielik-4.5B-v3.0-Instruct-GGUF:Q8_0 | mode=vocabulary_synonym | attempt=73
2026-06-29 13:41:01 | RUN | model=Bielik-4.5B-v3.0-Instruct-GGUF:Q8_0 | mode=vocabulary_synonym | attempt=74
2026-06-29 13:41:18 | RUN | model=Bielik-4.5B-v3.0-Instruct-GGUF:Q8_0 | mode=vocabulary_synonym | attempt=75
2026-06-29 13:41:34 | RUN | model=Bielik-4.5B-v3.0-Instruct-GGUF:Q8_0 | mode=vocabulary_synonym | attempt=76
2026-06-29 13:41:51 | RUN | model=Bielik-4.5B-v3.0-Instruct-GGUF:Q8_0 | mode=vocabulary_synonym | attempt=77
2026-06-29 13:42:07 | RUN | model=Bielik-4.5B-v3.0-Instruct-GGUF:Q8_0 | mode=vocabulary_synonym | attempt=78
2026-06-29 13:42:24 | RUN | model=Bielik-4.5B-v3.0-Instruct-GGUF:Q8_0 | mode=vocabulary_synonym | attempt=79
2026-06-29 13:42:40 | RUN | model=Bielik-4.5B-v3.0-Instruct-GGUF:Q8_0 | mode=vocabulary_synonym | attempt=80
2026-06-29 13:42:57 | RUN | model=Bielik-4.5B-v3.0-Instruct-GGUF:Q8_0 | mode=vocabulary_synonym | attempt=81
2026-06-29 13:43:14 | RUN | model=Bielik-4.5B-v3.0-Instruct-GGUF:Q8_0 | mode=vocabulary_synonym | attempt=82
2026-06-29 13:43:30 | RUN | model=Bielik-4.5B-v3.0-Instruct-GGUF:Q8_0 | mode=vocabulary_synonym | attempt=83
2026-06-29 13:43:47 | RUN | model=Bielik-4.5B-v3.0-Instruct-GGUF:Q8_0 | mode=vocabulary_synonym | attempt=84
2026-06-29 13:44:04 | RUN | model=Bielik-4.5B-v3.0-Instruct-GGUF:Q8_0 | mode=vocabulary_synonym | attempt=85
2026-06-29 13:44:21 | RUN | model=Bielik-4.5B-v3.0-Instruct-GGUF:Q8_0 | mode=vocabulary_synonym | attempt=86
2026-06-29 13:44:37 | RUN | model=Bielik-4.5B-v3.0-Instruct-GGUF:Q8_0 | mode=vocabulary_synonym | attempt=87
2026-06-29 13:44:54 | RUN | model=Bielik-4.5B-v3.0-Instruct-GGUF:Q8_0 | mode=vocabulary_synonym | attempt=88
2026-06-29 13:45:10 | RUN | model=Bielik-4.5B-v3.0-Instruct-GGUF:Q8_0 | mode=vocabulary_synonym | attempt=89
2026-06-29 13:45:27 | RUN | model=Bielik-4.5B-v3.0-Instruct-GGUF:Q8_0 | mode=vocabulary_synonym | attempt=90
2026-06-29 13:45:43 | RUN | model=Bielik-4.5B-v3.0-Instruct-GGUF:Q8_0 | mode=vocabulary_synonym | attempt=91
2026-06-29 13:46:00 | RUN | model=Bielik-4.5B-v3.0-Instruct-GGUF:Q8_0 | mode=vocabulary_synonym | attempt=92
2026-06-29 13:46:16 | RUN | model=Bielik-4.5B-v3.0-Instruct-GGUF:Q8_0 | mode=vocabulary_synonym | attempt=93
2026-06-29 13:46:33 | RUN | model=Bielik-4.5B-v3.0-Instruct-GGUF:Q8_0 | mode=vocabulary_synonym | attempt=94
2026-06-29 13:46:49 | RUN | model=Bielik-4.5B-v3.0-Instruct-GGUF:Q8_0 | mode=vocabulary_synonym | attempt=95
2026-06-29 13:47:05 | RUN | model=Bielik-4.5B-v3.0-Instruct-GGUF:Q8_0 | mode=vocabulary_synonym | attempt=96
2026-06-29 13:47:22 | RUN | model=Bielik-4.5B-v3.0-Instruct-GGUF:Q8_0 | mode=vocabulary_synonym | attempt=97
2026-06-29 13:47:38 | RUN | model=Bielik-4.5B-v3.0-Instruct-GGUF:Q8_0 | mode=vocabulary_synonym | attempt=98
2026-06-29 13:47:54 | RUN | model=Bielik-4.5B-v3.0-Instruct-GGUF:Q8_0 | mode=vocabulary_synonym | attempt=99
2026-06-29 13:48:11 | RUN | model=Bielik-4.5B-v3.0-Instruct-GGUF:Q8_0 | mode=vocabulary_synonym | attempt=100
2026-06-29 13:48:23 | SUMMARY SAVED | model=Bielik-4.5B-v3.0-Instruct-GGUF:Q8_0 | mode=vocabulary_synonym
2026-06-29 13:48:23 | MODE STARTED | model=Bielik-4.5B-v3.0-Instruct-GGUF:Q8_0 | mode=vocabulary_antonym
2026-06-29 13:48:23 | RUN | model=Bielik-4.5B-v3.0-Instruct-GGUF:Q8_0 | mode=vocabulary_antonym | attempt=1
2026-06-29 13:48:40 | RUN | model=Bielik-4.5B-v3.0-Instruct-GGUF:Q8_0 | mode=vocabulary_antonym | attempt=2
2026-06-29 13:48:56 | RUN | model=Bielik-4.5B-v3.0-Instruct-GGUF:Q8_0 | mode=vocabulary_antonym | attempt=3
2026-06-29 13:49:13 | RUN | model=Bielik-4.5B-v3.0-Instruct-GGUF:Q8_0 | mode=vocabulary_antonym | attempt=4
2026-06-29 13:49:29 | RUN | model=Bielik-4.5B-v3.0-Instruct-GGUF:Q8_0 | mode=vocabulary_antonym | attempt=5
2026-06-29 13:49:46 | RUN | model=Bielik-4.5B-v3.0-Instruct-GGUF:Q8_0 | mode=vocabulary_antonym | attempt=6
2026-06-29 13:50:02 | RUN | model=Bielik-4.5B-v3.0-Instruct-GGUF:Q8_0 | mode=vocabulary_antonym | attempt=7
2026-06-29 13:50:18 | RUN | model=Bielik-4.5B-v3.0-Instruct-GGUF:Q8_0 | mode=vocabulary_antonym | attempt=8
2026-06-29 13:50:35 | RUN | model=Bielik-4.5B-v3.0-Instruct-GGUF:Q8_0 | mode=vocabulary_antonym | attempt=9
2026-06-29 13:50:51 | RUN | model=Bielik-4.5B-v3.0-Instruct-GGUF:Q8_0 | mode=vocabulary_antonym | attempt=10
2026-06-29 13:51:08 | RUN | model=Bielik-4.5B-v3.0-Instruct-GGUF:Q8_0 | mode=vocabulary_antonym | attempt=11
2026-06-29 13:51:24 | RUN | model=Bielik-4.5B-v3.0-Instruct-GGUF:Q8_0 | mode=vocabulary_antonym | attempt=12
2026-06-29 13:51:40 | RUN | model=Bielik-4.5B-v3.0-Instruct-GGUF:Q8_0 | mode=vocabulary_antonym | attempt=13
2026-06-29 13:51:57 | RUN | model=Bielik-4.5B-v3.0-Instruct-GGUF:Q8_0 | mode=vocabulary_antonym | attempt=14
2026-06-29 13:52:13 | RUN | model=Bielik-4.5B-v3.0-Instruct-GGUF:Q8_0 | mode=vocabulary_antonym | attempt=15
2026-06-29 13:52:29 | RUN | model=Bielik-4.5B-v3.0-Instruct-GGUF:Q8_0 | mode=vocabulary_antonym | attempt=16
2026-06-29 13:52:46 | RUN | model=Bielik-4.5B-v3.0-Instruct-GGUF:Q8_0 | mode=vocabulary_antonym | attempt=17
2026-06-29 13:53:02 | RUN | model=Bielik-4.5B-v3.0-Instruct-GGUF:Q8_0 | mode=vocabulary_antonym | attempt=18
2026-06-29 13:53:19 | RUN | model=Bielik-4.5B-v3.0-Instruct-GGUF:Q8_0 | mode=vocabulary_antonym | attempt=19
2026-06-29 13:53:35 | RUN | model=Bielik-4.5B-v3.0-Instruct-GGUF:Q8_0 | mode=vocabulary_antonym | attempt=20
2026-06-29 13:53:51 | RUN | model=Bielik-4.5B-v3.0-Instruct-GGUF:Q8_0 | mode=vocabulary_antonym | attempt=21
2026-06-29 13:54:08 | RUN | model=Bielik-4.5B-v3.0-Instruct-GGUF:Q8_0 | mode=vocabulary_antonym | attempt=22
2026-06-29 13:54:24 | RUN | model=Bielik-4.5B-v3.0-Instruct-GGUF:Q8_0 | mode=vocabulary_antonym | attempt=23
2026-06-29 13:54:41 | RUN | model=Bielik-4.5B-v3.0-Instruct-GGUF:Q8_0 | mode=vocabulary_antonym | attempt=24
2026-06-29 13:54:57 | RUN | model=Bielik-4.5B-v3.0-Instruct-GGUF:Q8_0 | mode=vocabulary_antonym | attempt=25
2026-06-29 13:55:14 | RUN | model=Bielik-4.5B-v3.0-Instruct-GGUF:Q8_0 | mode=vocabulary_antonym | attempt=26
2026-06-29 13:55:30 | RUN | model=Bielik-4.5B-v3.0-Instruct-GGUF:Q8_0 | mode=vocabulary_antonym | attempt=27
2026-06-29 13:55:46 | RUN | model=Bielik-4.5B-v3.0-Instruct-GGUF:Q8_0 | mode=vocabulary_antonym | attempt=28
2026-06-29 13:56:03 | RUN | model=Bielik-4.5B-v3.0-Instruct-GGUF:Q8_0 | mode=vocabulary_antonym | attempt=29
2026-06-29 13:56:19 | RUN | model=Bielik-4.5B-v3.0-Instruct-GGUF:Q8_0 | mode=vocabulary_antonym | attempt=30
2026-06-29 13:56:35 | RUN | model=Bielik-4.5B-v3.0-Instruct-GGUF:Q8_0 | mode=vocabulary_antonym | attempt=31
2026-06-29 13:56:52 | RUN | model=Bielik-4.5B-v3.0-Instruct-GGUF:Q8_0 | mode=vocabulary_antonym | attempt=32
2026-06-29 13:57:08 | RUN | model=Bielik-4.5B-v3.0-Instruct-GGUF:Q8_0 | mode=vocabulary_antonym | attempt=33
2026-06-29 13:57:25 | RUN | model=Bielik-4.5B-v3.0-Instruct-GGUF:Q8_0 | mode=vocabulary_antonym | attempt=34
2026-06-29 13:57:41 | RUN | model=Bielik-4.5B-v3.0-Instruct-GGUF:Q8_0 | mode=vocabulary_antonym | attempt=35
2026-06-29 13:57:57 | RUN | model=Bielik-4.5B-v3.0-Instruct-GGUF:Q8_0 | mode=vocabulary_antonym | attempt=36
2026-06-29 13:58:14 | RUN | model=Bielik-4.5B-v3.0-Instruct-GGUF:Q8_0 | mode=vocabulary_antonym | attempt=37
2026-06-29 13:58:30 | RUN | model=Bielik-4.5B-v3.0-Instruct-GGUF:Q8_0 | mode=vocabulary_antonym | attempt=38
2026-06-29 13:58:46 | RUN | model=Bielik-4.5B-v3.0-Instruct-GGUF:Q8_0 | mode=vocabulary_antonym | attempt=39
2026-06-29 13:59:02 | RUN | model=Bielik-4.5B-v3.0-Instruct-GGUF:Q8_0 | mode=vocabulary_antonym | attempt=40
2026-06-29 13:59:19 | RUN | model=Bielik-4.5B-v3.0-Instruct-GGUF:Q8_0 | mode=vocabulary_antonym | attempt=41
2026-06-29 13:59:35 | RUN | model=Bielik-4.5B-v3.0-Instruct-GGUF:Q8_0 | mode=vocabulary_antonym | attempt=42
2026-06-29 13:59:52 | RUN | model=Bielik-4.5B-v3.0-Instruct-GGUF:Q8_0 | mode=vocabulary_antonym | attempt=43
2026-06-29 14:00:08 | RUN | model=Bielik-4.5B-v3.0-Instruct-GGUF:Q8_0 | mode=vocabulary_antonym | attempt=44
2026-06-29 14:00:24 | RUN | model=Bielik-4.5B-v3.0-Instruct-GGUF:Q8_0 | mode=vocabulary_antonym | attempt=45
2026-06-29 14:00:41 | RUN | model=Bielik-4.5B-v3.0-Instruct-GGUF:Q8_0 | mode=vocabulary_antonym | attempt=46
2026-06-29 14:00:57 | RUN | model=Bielik-4.5B-v3.0-Instruct-GGUF:Q8_0 | mode=vocabulary_antonym | attempt=47
2026-06-29 14:01:13 | RUN | model=Bielik-4.5B-v3.0-Instruct-GGUF:Q8_0 | mode=vocabulary_antonym | attempt=48
2026-06-29 14:01:30 | RUN | model=Bielik-4.5B-v3.0-Instruct-GGUF:Q8_0 | mode=vocabulary_antonym | attempt=49
2026-06-29 14:01:46 | RUN | model=Bielik-4.5B-v3.0-Instruct-GGUF:Q8_0 | mode=vocabulary_antonym | attempt=50
2026-06-29 14:02:03 | RUN | model=Bielik-4.5B-v3.0-Instruct-GGUF:Q8_0 | mode=vocabulary_antonym | attempt=51
2026-06-29 14:02:19 | RUN | model=Bielik-4.5B-v3.0-Instruct-GGUF:Q8_0 | mode=vocabulary_antonym | attempt=52
2026-06-29 14:02:35 | RUN | model=Bielik-4.5B-v3.0-Instruct-GGUF:Q8_0 | mode=vocabulary_antonym | attempt=53
2026-06-29 14:02:52 | RUN | model=Bielik-4.5B-v3.0-Instruct-GGUF:Q8_0 | mode=vocabulary_antonym | attempt=54
2026-06-29 14:03:08 | RUN | model=Bielik-4.5B-v3.0-Instruct-GGUF:Q8_0 | mode=vocabulary_antonym | attempt=55
2026-06-29 14:03:24 | RUN | model=Bielik-4.5B-v3.0-Instruct-GGUF:Q8_0 | mode=vocabulary_antonym | attempt=56
2026-06-29 14:03:40 | RUN | model=Bielik-4.5B-v3.0-Instruct-GGUF:Q8_0 | mode=vocabulary_antonym | attempt=57
2026-06-29 14:03:57 | RUN | model=Bielik-4.5B-v3.0-Instruct-GGUF:Q8_0 | mode=vocabulary_antonym | attempt=58
2026-06-29 14:04:13 | RUN | model=Bielik-4.5B-v3.0-Instruct-GGUF:Q8_0 | mode=vocabulary_antonym | attempt=59
2026-06-29 14:04:29 | RUN | model=Bielik-4.5B-v3.0-Instruct-GGUF:Q8_0 | mode=vocabulary_antonym | attempt=60
2026-06-29 14:04:46 | RUN | model=Bielik-4.5B-v3.0-Instruct-GGUF:Q8_0 | mode=vocabulary_antonym | attempt=61
2026-06-29 14:05:02 | RUN | model=Bielik-4.5B-v3.0-Instruct-GGUF:Q8_0 | mode=vocabulary_antonym | attempt=62
2026-06-29 14:05:19 | RUN | model=Bielik-4.5B-v3.0-Instruct-GGUF:Q8_0 | mode=vocabulary_antonym | attempt=63
2026-06-29 14:05:35 | RUN | model=Bielik-4.5B-v3.0-Instruct-GGUF:Q8_0 | mode=vocabulary_antonym | attempt=64
2026-06-29 14:05:51 | RUN | model=Bielik-4.5B-v3.0-Instruct-GGUF:Q8_0 | mode=vocabulary_antonym | attempt=65
2026-06-29 14:06:07 | RUN | model=Bielik-4.5B-v3.0-Instruct-GGUF:Q8_0 | mode=vocabulary_antonym | attempt=66
2026-06-29 14:06:24 | RUN | model=Bielik-4.5B-v3.0-Instruct-GGUF:Q8_0 | mode=vocabulary_antonym | attempt=67
2026-06-29 14:06:41 | RUN | model=Bielik-4.5B-v3.0-Instruct-GGUF:Q8_0 | mode=vocabulary_antonym | attempt=68
2026-06-29 14:06:57 | RUN | model=Bielik-4.5B-v3.0-Instruct-GGUF:Q8_0 | mode=vocabulary_antonym | attempt=69
2026-06-29 14:07:13 | RUN | model=Bielik-4.5B-v3.0-Instruct-GGUF:Q8_0 | mode=vocabulary_antonym | attempt=70
2026-06-29 14:07:29 | RUN | model=Bielik-4.5B-v3.0-Instruct-GGUF:Q8_0 | mode=vocabulary_antonym | attempt=71
2026-06-29 14:07:46 | RUN | model=Bielik-4.5B-v3.0-Instruct-GGUF:Q8_0 | mode=vocabulary_antonym | attempt=72
2026-06-29 14:08:02 | RUN | model=Bielik-4.5B-v3.0-Instruct-GGUF:Q8_0 | mode=vocabulary_antonym | attempt=73
2026-06-29 14:08:19 | RUN | model=Bielik-4.5B-v3.0-Instruct-GGUF:Q8_0 | mode=vocabulary_antonym | attempt=74
2026-06-29 14:08:35 | RUN | model=Bielik-4.5B-v3.0-Instruct-GGUF:Q8_0 | mode=vocabulary_antonym | attempt=75
2026-06-29 14:08:51 | RUN | model=Bielik-4.5B-v3.0-Instruct-GGUF:Q8_0 | mode=vocabulary_antonym | attempt=76
2026-06-29 14:09:08 | RUN | model=Bielik-4.5B-v3.0-Instruct-GGUF:Q8_0 | mode=vocabulary_antonym | attempt=77
2026-06-29 14:09:24 | RUN | model=Bielik-4.5B-v3.0-Instruct-GGUF:Q8_0 | mode=vocabulary_antonym | attempt=78
2026-06-29 14:09:40 | RUN | model=Bielik-4.5B-v3.0-Instruct-GGUF:Q8_0 | mode=vocabulary_antonym | attempt=79
2026-06-29 14:09:57 | RUN | model=Bielik-4.5B-v3.0-Instruct-GGUF:Q8_0 | mode=vocabulary_antonym | attempt=80
2026-06-29 14:10:13 | RUN | model=Bielik-4.5B-v3.0-Instruct-GGUF:Q8_0 | mode=vocabulary_antonym | attempt=81
2026-06-29 14:10:29 | RUN | model=Bielik-4.5B-v3.0-Instruct-GGUF:Q8_0 | mode=vocabulary_antonym | attempt=82
2026-06-29 14:10:46 | RUN | model=Bielik-4.5B-v3.0-Instruct-GGUF:Q8_0 | mode=vocabulary_antonym | attempt=83
2026-06-29 14:11:02 | RUN | model=Bielik-4.5B-v3.0-Instruct-GGUF:Q8_0 | mode=vocabulary_antonym | attempt=84
2026-06-29 14:11:18 | RUN | model=Bielik-4.5B-v3.0-Instruct-GGUF:Q8_0 | mode=vocabulary_antonym | attempt=85
2026-06-29 14:11:35 | RUN | model=Bielik-4.5B-v3.0-Instruct-GGUF:Q8_0 | mode=vocabulary_antonym | attempt=86
2026-06-29 14:11:52 | RUN | model=Bielik-4.5B-v3.0-Instruct-GGUF:Q8_0 | mode=vocabulary_antonym | attempt=87
2026-06-29 14:12:08 | RUN | model=Bielik-4.5B-v3.0-Instruct-GGUF:Q8_0 | mode=vocabulary_antonym | attempt=88
2026-06-29 14:12:24 | RUN | model=Bielik-4.5B-v3.0-Instruct-GGUF:Q8_0 | mode=vocabulary_antonym | attempt=89
2026-06-29 14:12:41 | RUN | model=Bielik-4.5B-v3.0-Instruct-GGUF:Q8_0 | mode=vocabulary_antonym | attempt=90
2026-06-29 14:12:57 | RUN | model=Bielik-4.5B-v3.0-Instruct-GGUF:Q8_0 | mode=vocabulary_antonym | attempt=91
2026-06-29 14:13:14 | RUN | model=Bielik-4.5B-v3.0-Instruct-GGUF:Q8_0 | mode=vocabulary_antonym | attempt=92
2026-06-29 14:13:30 | RUN | model=Bielik-4.5B-v3.0-Instruct-GGUF:Q8_0 | mode=vocabulary_antonym | attempt=93
2026-06-29 14:13:46 | RUN | model=Bielik-4.5B-v3.0-Instruct-GGUF:Q8_0 | mode=vocabulary_antonym | attempt=94
2026-06-29 14:14:03 | RUN | model=Bielik-4.5B-v3.0-Instruct-GGUF:Q8_0 | mode=vocabulary_antonym | attempt=95
2026-06-29 14:14:19 | RUN | model=Bielik-4.5B-v3.0-Instruct-GGUF:Q8_0 | mode=vocabulary_antonym | attempt=96
2026-06-29 14:14:35 | RUN | model=Bielik-4.5B-v3.0-Instruct-GGUF:Q8_0 | mode=vocabulary_antonym | attempt=97
2026-06-29 14:14:52 | RUN | model=Bielik-4.5B-v3.0-Instruct-GGUF:Q8_0 | mode=vocabulary_antonym | attempt=98
2026-06-29 14:15:08 | RUN | model=Bielik-4.5B-v3.0-Instruct-GGUF:Q8_0 | mode=vocabulary_antonym | attempt=99
2026-06-29 14:15:24 | RUN | model=Bielik-4.5B-v3.0-Instruct-GGUF:Q8_0 | mode=vocabulary_antonym | attempt=100
2026-06-29 14:15:36 | SUMMARY SAVED | model=Bielik-4.5B-v3.0-Instruct-GGUF:Q8_0 | mode=vocabulary_antonym
2026-06-29 14:15:48 | MODEL STARTED | deepseek-r1:8b
2026-06-29 14:15:48 | MODE STARTED | model=deepseek-r1:8b | mode=vocabulary_definition
2026-06-29 14:15:48 | RUN | model=deepseek-r1:8b | mode=vocabulary_definition | attempt=1
2026-06-29 14:16:08 | RUN | model=deepseek-r1:8b | mode=vocabulary_definition | attempt=2
2026-06-29 14:16:22 | RUN | model=deepseek-r1:8b | mode=vocabulary_definition | attempt=3
2026-06-29 14:16:37 | RUN | model=deepseek-r1:8b | mode=vocabulary_definition | attempt=4
2026-06-29 14:16:51 | RUN | model=deepseek-r1:8b | mode=vocabulary_definition | attempt=5
2026-06-29 14:17:05 | RUN | model=deepseek-r1:8b | mode=vocabulary_definition | attempt=6
2026-06-29 14:17:22 | RUN | model=deepseek-r1:8b | mode=vocabulary_definition | attempt=7
2026-06-29 14:17:36 | RUN | model=deepseek-r1:8b | mode=vocabulary_definition | attempt=8
2026-06-29 14:17:51 | RUN | model=deepseek-r1:8b | mode=vocabulary_definition | attempt=9
2026-06-29 14:18:06 | RUN | model=deepseek-r1:8b | mode=vocabulary_definition | attempt=10
2026-06-29 14:18:20 | RUN | model=deepseek-r1:8b | mode=vocabulary_definition | attempt=11
2026-06-29 14:18:36 | RUN | model=deepseek-r1:8b | mode=vocabulary_definition | attempt=12
2026-06-29 14:18:50 | RUN | model=deepseek-r1:8b | mode=vocabulary_definition | attempt=13
2026-06-29 14:19:04 | RUN | model=deepseek-r1:8b | mode=vocabulary_definition | attempt=14
2026-06-29 14:19:18 | RUN | model=deepseek-r1:8b | mode=vocabulary_definition | attempt=15
2026-06-29 14:19:32 | RUN | model=deepseek-r1:8b | mode=vocabulary_definition | attempt=16
2026-06-29 14:19:46 | RUN | model=deepseek-r1:8b | mode=vocabulary_definition | attempt=17
2026-06-29 14:20:00 | RUN | model=deepseek-r1:8b | mode=vocabulary_definition | attempt=18
2026-06-29 14:20:15 | RUN | model=deepseek-r1:8b | mode=vocabulary_definition | attempt=19
2026-06-29 14:20:30 | RUN | model=deepseek-r1:8b | mode=vocabulary_definition | attempt=20
2026-06-29 14:20:45 | RUN | model=deepseek-r1:8b | mode=vocabulary_definition | attempt=21
2026-06-29 14:20:59 | RUN | model=deepseek-r1:8b | mode=vocabulary_definition | attempt=22
2026-06-29 14:21:14 | RUN | model=deepseek-r1:8b | mode=vocabulary_definition | attempt=23
2026-06-29 14:21:30 | RUN | model=deepseek-r1:8b | mode=vocabulary_definition | attempt=24
2026-06-29 14:21:46 | RUN | model=deepseek-r1:8b | mode=vocabulary_definition | attempt=25
2026-06-29 14:22:00 | RUN | model=deepseek-r1:8b | mode=vocabulary_definition | attempt=26
2026-06-29 14:22:14 | RUN | model=deepseek-r1:8b | mode=vocabulary_definition | attempt=27
2026-06-29 14:22:28 | RUN | model=deepseek-r1:8b | mode=vocabulary_definition | attempt=28
2026-06-29 14:22:43 | RUN | model=deepseek-r1:8b | mode=vocabulary_definition | attempt=29
2026-06-29 14:22:57 | RUN | model=deepseek-r1:8b | mode=vocabulary_definition | attempt=30
2026-06-29 14:23:11 | RUN | model=deepseek-r1:8b | mode=vocabulary_definition | attempt=31
2026-06-29 14:23:25 | RUN | model=deepseek-r1:8b | mode=vocabulary_definition | attempt=32
2026-06-29 14:23:40 | RUN | model=deepseek-r1:8b | mode=vocabulary_definition | attempt=33
2026-06-29 14:23:54 | RUN | model=deepseek-r1:8b | mode=vocabulary_definition | attempt=34
2026-06-29 14:24:10 | RUN | model=deepseek-r1:8b | mode=vocabulary_definition | attempt=35
2026-06-29 14:24:25 | RUN | model=deepseek-r1:8b | mode=vocabulary_definition | attempt=36
2026-06-29 14:24:38 | RUN | model=deepseek-r1:8b | mode=vocabulary_definition | attempt=37
2026-06-29 14:24:52 | RUN | model=deepseek-r1:8b | mode=vocabulary_definition | attempt=38
2026-06-29 14:25:06 | RUN | model=deepseek-r1:8b | mode=vocabulary_definition | attempt=39
2026-06-29 14:25:22 | RUN | model=deepseek-r1:8b | mode=vocabulary_definition | attempt=40
2026-06-29 14:25:36 | RUN | model=deepseek-r1:8b | mode=vocabulary_definition | attempt=41
2026-06-29 14:25:51 | RUN | model=deepseek-r1:8b | mode=vocabulary_definition | attempt=42
2026-06-29 14:26:06 | RUN | model=deepseek-r1:8b | mode=vocabulary_definition | attempt=43
2026-06-29 14:26:21 | RUN | model=deepseek-r1:8b | mode=vocabulary_definition | attempt=44
2026-06-29 14:26:35 | RUN | model=deepseek-r1:8b | mode=vocabulary_definition | attempt=45
2026-06-29 14:26:51 | RUN | model=deepseek-r1:8b | mode=vocabulary_definition | attempt=46
2026-06-29 14:27:06 | RUN | model=deepseek-r1:8b | mode=vocabulary_definition | attempt=47
2026-06-29 14:27:20 | RUN | model=deepseek-r1:8b | mode=vocabulary_definition | attempt=48
2026-06-29 14:27:34 | RUN | model=deepseek-r1:8b | mode=vocabulary_definition | attempt=49
2026-06-29 14:27:48 | RUN | model=deepseek-r1:8b | mode=vocabulary_definition | attempt=50
2026-06-29 14:28:03 | RUN | model=deepseek-r1:8b | mode=vocabulary_definition | attempt=51
2026-06-29 14:28:17 | RUN | model=deepseek-r1:8b | mode=vocabulary_definition | attempt=52
2026-06-29 14:28:31 | RUN | model=deepseek-r1:8b | mode=vocabulary_definition | attempt=53
2026-06-29 14:28:45 | RUN | model=deepseek-r1:8b | mode=vocabulary_definition | attempt=54
2026-06-29 14:28:59 | RUN | model=deepseek-r1:8b | mode=vocabulary_definition | attempt=55
2026-06-29 14:29:13 | RUN | model=deepseek-r1:8b | mode=vocabulary_definition | attempt=56
2026-06-29 14:29:26 | RUN | model=deepseek-r1:8b | mode=vocabulary_definition | attempt=57
2026-06-29 14:29:40 | RUN | model=deepseek-r1:8b | mode=vocabulary_definition | attempt=58
2026-06-29 14:29:55 | RUN | model=deepseek-r1:8b | mode=vocabulary_definition | attempt=59
2026-06-29 14:30:11 | RUN | model=deepseek-r1:8b | mode=vocabulary_definition | attempt=60
2026-06-29 14:30:25 | RUN | model=deepseek-r1:8b | mode=vocabulary_definition | attempt=61
2026-06-29 14:30:39 | RUN | model=deepseek-r1:8b | mode=vocabulary_definition | attempt=62
2026-06-29 14:30:54 | RUN | model=deepseek-r1:8b | mode=vocabulary_definition | attempt=63
2026-06-29 14:31:08 | RUN | model=deepseek-r1:8b | mode=vocabulary_definition | attempt=64
2026-06-29 14:31:22 | RUN | model=deepseek-r1:8b | mode=vocabulary_definition | attempt=65
2026-06-29 14:31:37 | RUN | model=deepseek-r1:8b | mode=vocabulary_definition | attempt=66
2026-06-29 14:31:51 | RUN | model=deepseek-r1:8b | mode=vocabulary_definition | attempt=67
2026-06-29 14:32:06 | RUN | model=deepseek-r1:8b | mode=vocabulary_definition | attempt=68
2026-06-29 14:32:21 | RUN | model=deepseek-r1:8b | mode=vocabulary_definition | attempt=69
2026-06-29 14:32:35 | RUN | model=deepseek-r1:8b | mode=vocabulary_definition | attempt=70
2026-06-29 14:32:49 | RUN | model=deepseek-r1:8b | mode=vocabulary_definition | attempt=71
2026-06-29 14:33:03 | RUN | model=deepseek-r1:8b | mode=vocabulary_definition | attempt=72
2026-06-29 14:33:18 | RUN | model=deepseek-r1:8b | mode=vocabulary_definition | attempt=73
2026-06-29 14:33:33 | RUN | model=deepseek-r1:8b | mode=vocabulary_definition | attempt=74
2026-06-29 14:33:48 | RUN | model=deepseek-r1:8b | mode=vocabulary_definition | attempt=75
2026-06-29 14:34:02 | RUN | model=deepseek-r1:8b | mode=vocabulary_definition | attempt=76
2026-06-29 14:34:17 | RUN | model=deepseek-r1:8b | mode=vocabulary_definition | attempt=77
2026-06-29 14:34:31 | RUN | model=deepseek-r1:8b | mode=vocabulary_definition | attempt=78
2026-06-29 14:34:45 | RUN | model=deepseek-r1:8b | mode=vocabulary_definition | attempt=79
2026-06-29 14:35:00 | RUN | model=deepseek-r1:8b | mode=vocabulary_definition | attempt=80
2026-06-29 14:35:14 | RUN | model=deepseek-r1:8b | mode=vocabulary_definition | attempt=81
2026-06-29 14:35:28 | RUN | model=deepseek-r1:8b | mode=vocabulary_definition | attempt=82
2026-06-29 14:35:43 | RUN | model=deepseek-r1:8b | mode=vocabulary_definition | attempt=83
2026-06-29 14:35:57 | RUN | model=deepseek-r1:8b | mode=vocabulary_definition | attempt=84
2026-06-29 14:36:12 | RUN | model=deepseek-r1:8b | mode=vocabulary_definition | attempt=85
2026-06-29 14:36:26 | RUN | model=deepseek-r1:8b | mode=vocabulary_definition | attempt=86
2026-06-29 14:36:40 | RUN | model=deepseek-r1:8b | mode=vocabulary_definition | attempt=87
2026-06-29 14:36:54 | RUN | model=deepseek-r1:8b | mode=vocabulary_definition | attempt=88
2026-06-29 14:37:10 | RUN | model=deepseek-r1:8b | mode=vocabulary_definition | attempt=89
2026-06-29 14:37:25 | RUN | model=deepseek-r1:8b | mode=vocabulary_definition | attempt=90
2026-06-29 14:37:40 | RUN | model=deepseek-r1:8b | mode=vocabulary_definition | attempt=91
2026-06-29 14:37:55 | RUN | model=deepseek-r1:8b | mode=vocabulary_definition | attempt=92
2026-06-29 14:38:09 | RUN | model=deepseek-r1:8b | mode=vocabulary_definition | attempt=93
2026-06-29 14:38:24 | RUN | model=deepseek-r1:8b | mode=vocabulary_definition | attempt=94
2026-06-29 14:38:38 | RUN | model=deepseek-r1:8b | mode=vocabulary_definition | attempt=95
2026-06-29 14:38:52 | RUN | model=deepseek-r1:8b | mode=vocabulary_definition | attempt=96
2026-06-29 14:39:07 | RUN | model=deepseek-r1:8b | mode=vocabulary_definition | attempt=97
2026-06-29 14:39:21 | RUN | model=deepseek-r1:8b | mode=vocabulary_definition | attempt=98
2026-06-29 14:39:35 | RUN | model=deepseek-r1:8b | mode=vocabulary_definition | attempt=99
2026-06-29 14:39:50 | RUN | model=deepseek-r1:8b | mode=vocabulary_definition | attempt=100
2026-06-29 14:40:00 | SUMMARY SAVED | model=deepseek-r1:8b | mode=vocabulary_definition
2026-06-29 14:40:00 | MODE STARTED | model=deepseek-r1:8b | mode=vocabulary_match
2026-06-29 14:40:00 | RUN | model=deepseek-r1:8b | mode=vocabulary_match | attempt=1
2026-06-29 14:40:12 | RUN | model=deepseek-r1:8b | mode=vocabulary_match | attempt=2
2026-06-29 14:40:24 | RUN | model=deepseek-r1:8b | mode=vocabulary_match | attempt=3
2026-06-29 14:40:37 | RUN | model=deepseek-r1:8b | mode=vocabulary_match | attempt=4
2026-06-29 14:40:49 | RUN | model=deepseek-r1:8b | mode=vocabulary_match | attempt=5
2026-06-29 14:41:01 | RUN | model=deepseek-r1:8b | mode=vocabulary_match | attempt=6
2026-06-29 14:41:13 | RUN | model=deepseek-r1:8b | mode=vocabulary_match | attempt=7
2026-06-29 14:41:25 | RUN | model=deepseek-r1:8b | mode=vocabulary_match | attempt=8
2026-06-29 14:41:37 | RUN | model=deepseek-r1:8b | mode=vocabulary_match | attempt=9
2026-06-29 14:41:50 | RUN | model=deepseek-r1:8b | mode=vocabulary_match | attempt=10
2026-06-29 14:42:02 | RUN | model=deepseek-r1:8b | mode=vocabulary_match | attempt=11
2026-06-29 14:42:14 | RUN | model=deepseek-r1:8b | mode=vocabulary_match | attempt=12
2026-06-29 14:42:27 | RUN | model=deepseek-r1:8b | mode=vocabulary_match | attempt=13
2026-06-29 14:42:39 | RUN | model=deepseek-r1:8b | mode=vocabulary_match | attempt=14
2026-06-29 14:42:51 | RUN | model=deepseek-r1:8b | mode=vocabulary_match | attempt=15
2026-06-29 14:43:03 | RUN | model=deepseek-r1:8b | mode=vocabulary_match | attempt=16
2026-06-29 14:43:15 | RUN | model=deepseek-r1:8b | mode=vocabulary_match | attempt=17
2026-06-29 14:43:27 | RUN | model=deepseek-r1:8b | mode=vocabulary_match | attempt=18
2026-06-29 14:43:39 | RUN | model=deepseek-r1:8b | mode=vocabulary_match | attempt=19
2026-06-29 14:43:51 | RUN | model=deepseek-r1:8b | mode=vocabulary_match | attempt=20
2026-06-29 14:44:05 | RUN | model=deepseek-r1:8b | mode=vocabulary_match | attempt=21
2026-06-29 14:44:17 | RUN | model=deepseek-r1:8b | mode=vocabulary_match | attempt=22
2026-06-29 14:44:29 | RUN | model=deepseek-r1:8b | mode=vocabulary_match | attempt=23
2026-06-29 14:44:41 | RUN | model=deepseek-r1:8b | mode=vocabulary_match | attempt=24
2026-06-29 14:44:54 | RUN | model=deepseek-r1:8b | mode=vocabulary_match | attempt=25
2026-06-29 14:45:06 | RUN | model=deepseek-r1:8b | mode=vocabulary_match | attempt=26
2026-06-29 14:45:18 | RUN | model=deepseek-r1:8b | mode=vocabulary_match | attempt=27
2026-06-29 14:45:30 | RUN | model=deepseek-r1:8b | mode=vocabulary_match | attempt=28
2026-06-29 14:45:42 | RUN | model=deepseek-r1:8b | mode=vocabulary_match | attempt=29
2026-06-29 14:45:55 | RUN | model=deepseek-r1:8b | mode=vocabulary_match | attempt=30
2026-06-29 14:46:07 | RUN | model=deepseek-r1:8b | mode=vocabulary_match | attempt=31
2026-06-29 14:46:19 | RUN | model=deepseek-r1:8b | mode=vocabulary_match | attempt=32
2026-06-29 14:46:31 | RUN | model=deepseek-r1:8b | mode=vocabulary_match | attempt=33
2026-06-29 14:46:43 | RUN | model=deepseek-r1:8b | mode=vocabulary_match | attempt=34
2026-06-29 14:46:55 | RUN | model=deepseek-r1:8b | mode=vocabulary_match | attempt=35
2026-06-29 14:47:08 | RUN | model=deepseek-r1:8b | mode=vocabulary_match | attempt=36
2026-06-29 14:47:20 | RUN | model=deepseek-r1:8b | mode=vocabulary_match | attempt=37
2026-06-29 14:47:32 | RUN | model=deepseek-r1:8b | mode=vocabulary_match | attempt=38
2026-06-29 14:47:45 | RUN | model=deepseek-r1:8b | mode=vocabulary_match | attempt=39
2026-06-29 14:47:57 | RUN | model=deepseek-r1:8b | mode=vocabulary_match | attempt=40
2026-06-29 14:48:09 | RUN | model=deepseek-r1:8b | mode=vocabulary_match | attempt=41
2026-06-29 14:48:21 | RUN | model=deepseek-r1:8b | mode=vocabulary_match | attempt=42
2026-06-29 14:48:33 | RUN | model=deepseek-r1:8b | mode=vocabulary_match | attempt=43
2026-06-29 14:48:45 | RUN | model=deepseek-r1:8b | mode=vocabulary_match | attempt=44
2026-06-29 14:48:57 | RUN | model=deepseek-r1:8b | mode=vocabulary_match | attempt=45
2026-06-29 14:49:10 | RUN | model=deepseek-r1:8b | mode=vocabulary_match | attempt=46
2026-06-29 14:49:22 | RUN | model=deepseek-r1:8b | mode=vocabulary_match | attempt=47
2026-06-29 14:49:35 | RUN | model=deepseek-r1:8b | mode=vocabulary_match | attempt=48
2026-06-29 14:49:47 | RUN | model=deepseek-r1:8b | mode=vocabulary_match | attempt=49
2026-06-29 14:50:00 | RUN | model=deepseek-r1:8b | mode=vocabulary_match | attempt=50
2026-06-29 14:50:12 | RUN | model=deepseek-r1:8b | mode=vocabulary_match | attempt=51
2026-06-29 14:50:24 | RUN | model=deepseek-r1:8b | mode=vocabulary_match | attempt=52
2026-06-29 14:50:36 | RUN | model=deepseek-r1:8b | mode=vocabulary_match | attempt=53
2026-06-29 14:50:49 | RUN | model=deepseek-r1:8b | mode=vocabulary_match | attempt=54
2026-06-29 14:51:02 | RUN | model=deepseek-r1:8b | mode=vocabulary_match | attempt=55
2026-06-29 14:51:15 | RUN | model=deepseek-r1:8b | mode=vocabulary_match | attempt=56
2026-06-29 14:51:27 | RUN | model=deepseek-r1:8b | mode=vocabulary_match | attempt=57
2026-06-29 14:51:40 | RUN | model=deepseek-r1:8b | mode=vocabulary_match | attempt=58
2026-06-29 14:51:52 | RUN | model=deepseek-r1:8b | mode=vocabulary_match | attempt=59
2026-06-29 14:52:04 | RUN | model=deepseek-r1:8b | mode=vocabulary_match | attempt=60
2026-06-29 14:52:16 | RUN | model=deepseek-r1:8b | mode=vocabulary_match | attempt=61
2026-06-29 14:52:28 | RUN | model=deepseek-r1:8b | mode=vocabulary_match | attempt=62
2026-06-29 14:52:41 | RUN | model=deepseek-r1:8b | mode=vocabulary_match | attempt=63
2026-06-29 14:52:53 | RUN | model=deepseek-r1:8b | mode=vocabulary_match | attempt=64
2026-06-29 14:53:05 | RUN | model=deepseek-r1:8b | mode=vocabulary_match | attempt=65
2026-06-29 14:53:17 | RUN | model=deepseek-r1:8b | mode=vocabulary_match | attempt=66
2026-06-29 14:53:29 | RUN | model=deepseek-r1:8b | mode=vocabulary_match | attempt=67
2026-06-29 14:53:42 | RUN | model=deepseek-r1:8b | mode=vocabulary_match | attempt=68
2026-06-29 14:53:54 | RUN | model=deepseek-r1:8b | mode=vocabulary_match | attempt=69
2026-06-29 14:54:06 | RUN | model=deepseek-r1:8b | mode=vocabulary_match | attempt=70
2026-06-29 14:54:18 | RUN | model=deepseek-r1:8b | mode=vocabulary_match | attempt=71
2026-06-29 14:54:30 | RUN | model=deepseek-r1:8b | mode=vocabulary_match | attempt=72
2026-06-29 14:54:43 | RUN | model=deepseek-r1:8b | mode=vocabulary_match | attempt=73
2026-06-29 14:54:55 | RUN | model=deepseek-r1:8b | mode=vocabulary_match | attempt=74
2026-06-29 14:55:08 | RUN | model=deepseek-r1:8b | mode=vocabulary_match | attempt=75
2026-06-29 14:55:20 | RUN | model=deepseek-r1:8b | mode=vocabulary_match | attempt=76
2026-06-29 14:55:32 | RUN | model=deepseek-r1:8b | mode=vocabulary_match | attempt=77
2026-06-29 14:55:44 | RUN | model=deepseek-r1:8b | mode=vocabulary_match | attempt=78
2026-06-29 14:55:56 | RUN | model=deepseek-r1:8b | mode=vocabulary_match | attempt=79
2026-06-29 14:56:09 | RUN | model=deepseek-r1:8b | mode=vocabulary_match | attempt=80
2026-06-29 14:56:21 | RUN | model=deepseek-r1:8b | mode=vocabulary_match | attempt=81
2026-06-29 14:56:34 | RUN | model=deepseek-r1:8b | mode=vocabulary_match | attempt=82
2026-06-29 14:56:46 | RUN | model=deepseek-r1:8b | mode=vocabulary_match | attempt=83
2026-06-29 14:56:57 | RUN | model=deepseek-r1:8b | mode=vocabulary_match | attempt=84
2026-06-29 14:57:09 | RUN | model=deepseek-r1:8b | mode=vocabulary_match | attempt=85
2026-06-29 14:57:22 | RUN | model=deepseek-r1:8b | mode=vocabulary_match | attempt=86
2026-06-29 14:57:35 | RUN | model=deepseek-r1:8b | mode=vocabulary_match | attempt=87
2026-06-29 14:57:47 | RUN | model=deepseek-r1:8b | mode=vocabulary_match | attempt=88
2026-06-29 14:57:59 | RUN | model=deepseek-r1:8b | mode=vocabulary_match | attempt=89
2026-06-29 14:58:12 | RUN | model=deepseek-r1:8b | mode=vocabulary_match | attempt=90
2026-06-29 14:58:23 | RUN | model=deepseek-r1:8b | mode=vocabulary_match | attempt=91
2026-06-29 14:58:36 | RUN | model=deepseek-r1:8b | mode=vocabulary_match | attempt=92
2026-06-29 14:58:48 | RUN | model=deepseek-r1:8b | mode=vocabulary_match | attempt=93
2026-06-29 14:59:02 | RUN | model=deepseek-r1:8b | mode=vocabulary_match | attempt=94
2026-06-29 14:59:14 | RUN | model=deepseek-r1:8b | mode=vocabulary_match | attempt=95
2026-06-29 14:59:26 | RUN | model=deepseek-r1:8b | mode=vocabulary_match | attempt=96
2026-06-29 14:59:38 | RUN | model=deepseek-r1:8b | mode=vocabulary_match | attempt=97
2026-06-29 14:59:50 | RUN | model=deepseek-r1:8b | mode=vocabulary_match | attempt=98
2026-06-29 15:00:02 | RUN | model=deepseek-r1:8b | mode=vocabulary_match | attempt=99
2026-06-29 15:00:14 | RUN | model=deepseek-r1:8b | mode=vocabulary_match | attempt=100
2026-06-29 15:00:23 | SUMMARY SAVED | model=deepseek-r1:8b | mode=vocabulary_match
2026-06-29 15:00:23 | MODE STARTED | model=deepseek-r1:8b | mode=vocabulary_synonym
2026-06-29 15:00:23 | RUN | model=deepseek-r1:8b | mode=vocabulary_synonym | attempt=1
2026-06-29 15:00:36 | RUN | model=deepseek-r1:8b | mode=vocabulary_synonym | attempt=2
2026-06-29 15:00:49 | RUN | model=deepseek-r1:8b | mode=vocabulary_synonym | attempt=3
2026-06-29 15:01:01 | RUN | model=deepseek-r1:8b | mode=vocabulary_synonym | attempt=4
2026-06-29 15:01:14 | RUN | model=deepseek-r1:8b | mode=vocabulary_synonym | attempt=5
2026-06-29 15:01:27 | RUN | model=deepseek-r1:8b | mode=vocabulary_synonym | attempt=6
2026-06-29 15:01:41 | RUN | model=deepseek-r1:8b | mode=vocabulary_synonym | attempt=7
2026-06-29 15:01:54 | RUN | model=deepseek-r1:8b | mode=vocabulary_synonym | attempt=8
2026-06-29 15:02:07 | RUN | model=deepseek-r1:8b | mode=vocabulary_synonym | attempt=9
2026-06-29 15:02:19 | RUN | model=deepseek-r1:8b | mode=vocabulary_synonym | attempt=10
2026-06-29 15:02:32 | RUN | model=deepseek-r1:8b | mode=vocabulary_synonym | attempt=11
2026-06-29 15:02:45 | RUN | model=deepseek-r1:8b | mode=vocabulary_synonym | attempt=12
2026-06-29 15:02:58 | RUN | model=deepseek-r1:8b | mode=vocabulary_synonym | attempt=13
2026-06-29 15:03:12 | RUN | model=deepseek-r1:8b | mode=vocabulary_synonym | attempt=14
2026-06-29 15:03:25 | RUN | model=deepseek-r1:8b | mode=vocabulary_synonym | attempt=15
2026-06-29 15:03:37 | RUN | model=deepseek-r1:8b | mode=vocabulary_synonym | attempt=16
2026-06-29 15:03:50 | RUN | model=deepseek-r1:8b | mode=vocabulary_synonym | attempt=17
2026-06-29 15:04:03 | RUN | model=deepseek-r1:8b | mode=vocabulary_synonym | attempt=18
2026-06-29 15:04:16 | RUN | model=deepseek-r1:8b | mode=vocabulary_synonym | attempt=19
2026-06-29 15:04:29 | RUN | model=deepseek-r1:8b | mode=vocabulary_synonym | attempt=20
2026-06-29 15:04:42 | RUN | model=deepseek-r1:8b | mode=vocabulary_synonym | attempt=21
2026-06-29 15:04:55 | RUN | model=deepseek-r1:8b | mode=vocabulary_synonym | attempt=22
2026-06-29 15:05:08 | RUN | model=deepseek-r1:8b | mode=vocabulary_synonym | attempt=23
2026-06-29 15:05:21 | RUN | model=deepseek-r1:8b | mode=vocabulary_synonym | attempt=24
2026-06-29 15:05:34 | RUN | model=deepseek-r1:8b | mode=vocabulary_synonym | attempt=25
2026-06-29 15:05:46 | RUN | model=deepseek-r1:8b | mode=vocabulary_synonym | attempt=26
2026-06-29 15:05:59 | RUN | model=deepseek-r1:8b | mode=vocabulary_synonym | attempt=27
2026-06-29 15:06:12 | RUN | model=deepseek-r1:8b | mode=vocabulary_synonym | attempt=28
2026-06-29 15:06:25 | RUN | model=deepseek-r1:8b | mode=vocabulary_synonym | attempt=29
2026-06-29 15:06:38 | RUN | model=deepseek-r1:8b | mode=vocabulary_synonym | attempt=30
2026-06-29 15:06:51 | RUN | model=deepseek-r1:8b | mode=vocabulary_synonym | attempt=31
2026-06-29 15:07:04 | RUN | model=deepseek-r1:8b | mode=vocabulary_synonym | attempt=32
2026-06-29 15:07:17 | RUN | model=deepseek-r1:8b | mode=vocabulary_synonym | attempt=33
2026-06-29 15:07:30 | RUN | model=deepseek-r1:8b | mode=vocabulary_synonym | attempt=34
2026-06-29 15:07:42 | RUN | model=deepseek-r1:8b | mode=vocabulary_synonym | attempt=35
2026-06-29 15:07:56 | RUN | model=deepseek-r1:8b | mode=vocabulary_synonym | attempt=36
2026-06-29 15:08:09 | RUN | model=deepseek-r1:8b | mode=vocabulary_synonym | attempt=37
2026-06-29 15:08:22 | RUN | model=deepseek-r1:8b | mode=vocabulary_synonym | attempt=38
2026-06-29 15:08:35 | RUN | model=deepseek-r1:8b | mode=vocabulary_synonym | attempt=39
2026-06-29 15:08:48 | RUN | model=deepseek-r1:8b | mode=vocabulary_synonym | attempt=40
2026-06-29 15:09:00 | RUN | model=deepseek-r1:8b | mode=vocabulary_synonym | attempt=41
2026-06-29 15:09:14 | RUN | model=deepseek-r1:8b | mode=vocabulary_synonym | attempt=42
2026-06-29 15:09:26 | RUN | model=deepseek-r1:8b | mode=vocabulary_synonym | attempt=43
2026-06-29 15:09:39 | RUN | model=deepseek-r1:8b | mode=vocabulary_synonym | attempt=44
2026-06-29 15:09:52 | RUN | model=deepseek-r1:8b | mode=vocabulary_synonym | attempt=45
2026-06-29 15:10:05 | RUN | model=deepseek-r1:8b | mode=vocabulary_synonym | attempt=46
2026-06-29 15:10:18 | RUN | model=deepseek-r1:8b | mode=vocabulary_synonym | attempt=47
2026-06-29 15:10:31 | RUN | model=deepseek-r1:8b | mode=vocabulary_synonym | attempt=48
2026-06-29 15:10:44 | RUN | model=deepseek-r1:8b | mode=vocabulary_synonym | attempt=49
2026-06-29 15:10:57 | RUN | model=deepseek-r1:8b | mode=vocabulary_synonym | attempt=50
2026-06-29 15:11:10 | RUN | model=deepseek-r1:8b | mode=vocabulary_synonym | attempt=51
2026-06-29 15:11:23 | RUN | model=deepseek-r1:8b | mode=vocabulary_synonym | attempt=52
2026-06-29 15:11:35 | RUN | model=deepseek-r1:8b | mode=vocabulary_synonym | attempt=53
2026-06-29 15:11:48 | RUN | model=deepseek-r1:8b | mode=vocabulary_synonym | attempt=54
2026-06-29 15:12:01 | RUN | model=deepseek-r1:8b | mode=vocabulary_synonym | attempt=55
2026-06-29 15:12:14 | RUN | model=deepseek-r1:8b | mode=vocabulary_synonym | attempt=56
2026-06-29 15:12:27 | RUN | model=deepseek-r1:8b | mode=vocabulary_synonym | attempt=57
2026-06-29 15:12:40 | RUN | model=deepseek-r1:8b | mode=vocabulary_synonym | attempt=58
2026-06-29 15:12:53 | RUN | model=deepseek-r1:8b | mode=vocabulary_synonym | attempt=59
2026-06-29 15:13:06 | RUN | model=deepseek-r1:8b | mode=vocabulary_synonym | attempt=60
2026-06-29 15:13:18 | RUN | model=deepseek-r1:8b | mode=vocabulary_synonym | attempt=61
2026-06-29 15:13:31 | RUN | model=deepseek-r1:8b | mode=vocabulary_synonym | attempt=62
2026-06-29 15:13:44 | RUN | model=deepseek-r1:8b | mode=vocabulary_synonym | attempt=63
2026-06-29 15:13:57 | RUN | model=deepseek-r1:8b | mode=vocabulary_synonym | attempt=64
2026-06-29 15:14:10 | RUN | model=deepseek-r1:8b | mode=vocabulary_synonym | attempt=65
2026-06-29 15:14:22 | RUN | model=deepseek-r1:8b | mode=vocabulary_synonym | attempt=66
2026-06-29 15:14:35 | RUN | model=deepseek-r1:8b | mode=vocabulary_synonym | attempt=67
2026-06-29 15:14:49 | RUN | model=deepseek-r1:8b | mode=vocabulary_synonym | attempt=68
2026-06-29 15:15:02 | RUN | model=deepseek-r1:8b | mode=vocabulary_synonym | attempt=69
2026-06-29 15:15:14 | RUN | model=deepseek-r1:8b | mode=vocabulary_synonym | attempt=70
2026-06-29 15:15:27 | RUN | model=deepseek-r1:8b | mode=vocabulary_synonym | attempt=71
2026-06-29 15:15:40 | RUN | model=deepseek-r1:8b | mode=vocabulary_synonym | attempt=72
2026-06-29 15:15:53 | RUN | model=deepseek-r1:8b | mode=vocabulary_synonym | attempt=73
2026-06-29 15:16:06 | RUN | model=deepseek-r1:8b | mode=vocabulary_synonym | attempt=74
2026-06-29 15:16:19 | RUN | model=deepseek-r1:8b | mode=vocabulary_synonym | attempt=75
2026-06-29 15:16:33 | RUN | model=deepseek-r1:8b | mode=vocabulary_synonym | attempt=76
2026-06-29 15:16:45 | RUN | model=deepseek-r1:8b | mode=vocabulary_synonym | attempt=77
2026-06-29 15:16:59 | RUN | model=deepseek-r1:8b | mode=vocabulary_synonym | attempt=78
2026-06-29 15:17:12 | RUN | model=deepseek-r1:8b | mode=vocabulary_synonym | attempt=79
2026-06-29 15:17:24 | RUN | model=deepseek-r1:8b | mode=vocabulary_synonym | attempt=80
2026-06-29 15:17:37 | RUN | model=deepseek-r1:8b | mode=vocabulary_synonym | attempt=81
2026-06-29 15:17:50 | RUN | model=deepseek-r1:8b | mode=vocabulary_synonym | attempt=82
2026-06-29 15:18:03 | RUN | model=deepseek-r1:8b | mode=vocabulary_synonym | attempt=83
2026-06-29 15:18:16 | RUN | model=deepseek-r1:8b | mode=vocabulary_synonym | attempt=84
2026-06-29 15:18:29 | RUN | model=deepseek-r1:8b | mode=vocabulary_synonym | attempt=85
2026-06-29 15:18:42 | RUN | model=deepseek-r1:8b | mode=vocabulary_synonym | attempt=86
2026-06-29 15:18:55 | RUN | model=deepseek-r1:8b | mode=vocabulary_synonym | attempt=87
2026-06-29 15:19:07 | RUN | model=deepseek-r1:8b | mode=vocabulary_synonym | attempt=88
2026-06-29 15:19:20 | RUN | model=deepseek-r1:8b | mode=vocabulary_synonym | attempt=89
2026-06-29 15:19:33 | RUN | model=deepseek-r1:8b | mode=vocabulary_synonym | attempt=90
2026-06-29 15:19:46 | RUN | model=deepseek-r1:8b | mode=vocabulary_synonym | attempt=91
2026-06-29 15:19:59 | RUN | model=deepseek-r1:8b | mode=vocabulary_synonym | attempt=92
2026-06-29 15:20:12 | RUN | model=deepseek-r1:8b | mode=vocabulary_synonym | attempt=93
2026-06-29 15:20:25 | RUN | model=deepseek-r1:8b | mode=vocabulary_synonym | attempt=94
2026-06-29 15:20:38 | RUN | model=deepseek-r1:8b | mode=vocabulary_synonym | attempt=95
2026-06-29 15:20:51 | RUN | model=deepseek-r1:8b | mode=vocabulary_synonym | attempt=96
2026-06-29 15:21:04 | RUN | model=deepseek-r1:8b | mode=vocabulary_synonym | attempt=97
2026-06-29 15:21:16 | RUN | model=deepseek-r1:8b | mode=vocabulary_synonym | attempt=98
2026-06-29 15:21:29 | RUN | model=deepseek-r1:8b | mode=vocabulary_synonym | attempt=99
2026-06-29 15:21:42 | RUN | model=deepseek-r1:8b | mode=vocabulary_synonym | attempt=100
2026-06-29 15:21:51 | SUMMARY SAVED | model=deepseek-r1:8b | mode=vocabulary_synonym
2026-06-29 15:21:51 | MODE STARTED | model=deepseek-r1:8b | mode=vocabulary_antonym
2026-06-29 15:21:51 | RUN | model=deepseek-r1:8b | mode=vocabulary_antonym | attempt=1
2026-06-29 15:22:03 | RUN | model=deepseek-r1:8b | mode=vocabulary_antonym | attempt=2
2026-06-29 15:22:17 | RUN | model=deepseek-r1:8b | mode=vocabulary_antonym | attempt=3
2026-06-29 15:22:29 | RUN | model=deepseek-r1:8b | mode=vocabulary_antonym | attempt=4
2026-06-29 15:22:42 | RUN | model=deepseek-r1:8b | mode=vocabulary_antonym | attempt=5
2026-06-29 15:22:55 | RUN | model=deepseek-r1:8b | mode=vocabulary_antonym | attempt=6
2026-06-29 15:23:07 | RUN | model=deepseek-r1:8b | mode=vocabulary_antonym | attempt=7
2026-06-29 15:23:20 | RUN | model=deepseek-r1:8b | mode=vocabulary_antonym | attempt=8
2026-06-29 15:23:33 | RUN | model=deepseek-r1:8b | mode=vocabulary_antonym | attempt=9
2026-06-29 15:23:46 | RUN | model=deepseek-r1:8b | mode=vocabulary_antonym | attempt=10
2026-06-29 15:23:59 | RUN | model=deepseek-r1:8b | mode=vocabulary_antonym | attempt=11
2026-06-29 15:24:11 | RUN | model=deepseek-r1:8b | mode=vocabulary_antonym | attempt=12
2026-06-29 15:24:24 | RUN | model=deepseek-r1:8b | mode=vocabulary_antonym | attempt=13
2026-06-29 15:24:37 | RUN | model=deepseek-r1:8b | mode=vocabulary_antonym | attempt=14
2026-06-29 15:24:49 | RUN | model=deepseek-r1:8b | mode=vocabulary_antonym | attempt=15
2026-06-29 15:25:02 | RUN | model=deepseek-r1:8b | mode=vocabulary_antonym | attempt=16
2026-06-29 15:25:15 | RUN | model=deepseek-r1:8b | mode=vocabulary_antonym | attempt=17
2026-06-29 15:25:27 | RUN | model=deepseek-r1:8b | mode=vocabulary_antonym | attempt=18
2026-06-29 15:25:41 | RUN | model=deepseek-r1:8b | mode=vocabulary_antonym | attempt=19
2026-06-29 15:25:53 | RUN | model=deepseek-r1:8b | mode=vocabulary_antonym | attempt=20
2026-06-29 15:26:06 | RUN | model=deepseek-r1:8b | mode=vocabulary_antonym | attempt=21
2026-06-29 15:26:18 | RUN | model=deepseek-r1:8b | mode=vocabulary_antonym | attempt=22
2026-06-29 15:26:31 | RUN | model=deepseek-r1:8b | mode=vocabulary_antonym | attempt=23
2026-06-29 15:26:44 | RUN | model=deepseek-r1:8b | mode=vocabulary_antonym | attempt=24
2026-06-29 15:26:56 | RUN | model=deepseek-r1:8b | mode=vocabulary_antonym | attempt=25
2026-06-29 15:27:09 | RUN | model=deepseek-r1:8b | mode=vocabulary_antonym | attempt=26
2026-06-29 15:27:22 | RUN | model=deepseek-r1:8b | mode=vocabulary_antonym | attempt=27
2026-06-29 15:27:34 | RUN | model=deepseek-r1:8b | mode=vocabulary_antonym | attempt=28
2026-06-29 15:27:47 | RUN | model=deepseek-r1:8b | mode=vocabulary_antonym | attempt=29
2026-06-29 15:28:00 | RUN | model=deepseek-r1:8b | mode=vocabulary_antonym | attempt=30
2026-06-29 15:28:13 | RUN | model=deepseek-r1:8b | mode=vocabulary_antonym | attempt=31
2026-06-29 15:28:26 | RUN | model=deepseek-r1:8b | mode=vocabulary_antonym | attempt=32
2026-06-29 15:28:38 | RUN | model=deepseek-r1:8b | mode=vocabulary_antonym | attempt=33
2026-06-29 15:28:51 | RUN | model=deepseek-r1:8b | mode=vocabulary_antonym | attempt=34
2026-06-29 15:29:03 | RUN | model=deepseek-r1:8b | mode=vocabulary_antonym | attempt=35
2026-06-29 15:29:16 | RUN | model=deepseek-r1:8b | mode=vocabulary_antonym | attempt=36
2026-06-29 15:29:29 | RUN | model=deepseek-r1:8b | mode=vocabulary_antonym | attempt=37
2026-06-29 15:29:42 | RUN | model=deepseek-r1:8b | mode=vocabulary_antonym | attempt=38
2026-06-29 15:29:54 | RUN | model=deepseek-r1:8b | mode=vocabulary_antonym | attempt=39
2026-06-29 15:30:07 | RUN | model=deepseek-r1:8b | mode=vocabulary_antonym | attempt=40
2026-06-29 15:30:20 | RUN | model=deepseek-r1:8b | mode=vocabulary_antonym | attempt=41
2026-06-29 15:30:32 | RUN | model=deepseek-r1:8b | mode=vocabulary_antonym | attempt=42
2026-06-29 15:30:45 | RUN | model=deepseek-r1:8b | mode=vocabulary_antonym | attempt=43
2026-06-29 15:30:57 | RUN | model=deepseek-r1:8b | mode=vocabulary_antonym | attempt=44
2026-06-29 15:31:10 | RUN | model=deepseek-r1:8b | mode=vocabulary_antonym | attempt=45
2026-06-29 15:31:23 | RUN | model=deepseek-r1:8b | mode=vocabulary_antonym | attempt=46
2026-06-29 15:31:36 | RUN | model=deepseek-r1:8b | mode=vocabulary_antonym | attempt=47
2026-06-29 15:31:48 | RUN | model=deepseek-r1:8b | mode=vocabulary_antonym | attempt=48
2026-06-29 15:32:00 | RUN | model=deepseek-r1:8b | mode=vocabulary_antonym | attempt=49
2026-06-29 15:32:13 | RUN | model=deepseek-r1:8b | mode=vocabulary_antonym | attempt=50
2026-06-29 15:32:26 | RUN | model=deepseek-r1:8b | mode=vocabulary_antonym | attempt=51
2026-06-29 15:32:39 | RUN | model=deepseek-r1:8b | mode=vocabulary_antonym | attempt=52
2026-06-29 15:32:51 | RUN | model=deepseek-r1:8b | mode=vocabulary_antonym | attempt=53
2026-06-29 15:33:04 | RUN | model=deepseek-r1:8b | mode=vocabulary_antonym | attempt=54
2026-06-29 15:33:17 | RUN | model=deepseek-r1:8b | mode=vocabulary_antonym | attempt=55
2026-06-29 15:33:29 | RUN | model=deepseek-r1:8b | mode=vocabulary_antonym | attempt=56
2026-06-29 15:33:41 | RUN | model=deepseek-r1:8b | mode=vocabulary_antonym | attempt=57
2026-06-29 15:33:54 | RUN | model=deepseek-r1:8b | mode=vocabulary_antonym | attempt=58
2026-06-29 15:34:07 | RUN | model=deepseek-r1:8b | mode=vocabulary_antonym | attempt=59
2026-06-29 15:34:19 | RUN | model=deepseek-r1:8b | mode=vocabulary_antonym | attempt=60
2026-06-29 15:34:32 | RUN | model=deepseek-r1:8b | mode=vocabulary_antonym | attempt=61
2026-06-29 15:34:44 | RUN | model=deepseek-r1:8b | mode=vocabulary_antonym | attempt=62
2026-06-29 15:34:57 | RUN | model=deepseek-r1:8b | mode=vocabulary_antonym | attempt=63
2026-06-29 15:35:09 | RUN | model=deepseek-r1:8b | mode=vocabulary_antonym | attempt=64
2026-06-29 15:35:22 | RUN | model=deepseek-r1:8b | mode=vocabulary_antonym | attempt=65
2026-06-29 15:35:35 | RUN | model=deepseek-r1:8b | mode=vocabulary_antonym | attempt=66
2026-06-29 15:35:48 | RUN | model=deepseek-r1:8b | mode=vocabulary_antonym | attempt=67
2026-06-29 15:36:01 | RUN | model=deepseek-r1:8b | mode=vocabulary_antonym | attempt=68
2026-06-29 15:36:13 | RUN | model=deepseek-r1:8b | mode=vocabulary_antonym | attempt=69
2026-06-29 15:36:26 | RUN | model=deepseek-r1:8b | mode=vocabulary_antonym | attempt=70
2026-06-29 15:36:39 | RUN | model=deepseek-r1:8b | mode=vocabulary_antonym | attempt=71
2026-06-29 15:36:51 | RUN | model=deepseek-r1:8b | mode=vocabulary_antonym | attempt=72
2026-06-29 15:37:04 | RUN | model=deepseek-r1:8b | mode=vocabulary_antonym | attempt=73
2026-06-29 15:37:17 | RUN | model=deepseek-r1:8b | mode=vocabulary_antonym | attempt=74
2026-06-29 15:37:30 | RUN | model=deepseek-r1:8b | mode=vocabulary_antonym | attempt=75
2026-06-29 15:37:43 | RUN | model=deepseek-r1:8b | mode=vocabulary_antonym | attempt=76
2026-06-29 15:37:55 | RUN | model=deepseek-r1:8b | mode=vocabulary_antonym | attempt=77
2026-06-29 15:38:08 | RUN | model=deepseek-r1:8b | mode=vocabulary_antonym | attempt=78
2026-06-29 15:38:21 | RUN | model=deepseek-r1:8b | mode=vocabulary_antonym | attempt=79
2026-06-29 15:38:34 | RUN | model=deepseek-r1:8b | mode=vocabulary_antonym | attempt=80
2026-06-29 15:38:46 | RUN | model=deepseek-r1:8b | mode=vocabulary_antonym | attempt=81
2026-06-29 15:38:59 | RUN | model=deepseek-r1:8b | mode=vocabulary_antonym | attempt=82
2026-06-29 15:39:12 | RUN | model=deepseek-r1:8b | mode=vocabulary_antonym | attempt=83
2026-06-29 15:39:24 | RUN | model=deepseek-r1:8b | mode=vocabulary_antonym | attempt=84
2026-06-29 15:39:37 | RUN | model=deepseek-r1:8b | mode=vocabulary_antonym | attempt=85
2026-06-29 15:39:50 | RUN | model=deepseek-r1:8b | mode=vocabulary_antonym | attempt=86
2026-06-29 15:40:03 | RUN | model=deepseek-r1:8b | mode=vocabulary_antonym | attempt=87
2026-06-29 15:40:15 | RUN | model=deepseek-r1:8b | mode=vocabulary_antonym | attempt=88
2026-06-29 15:40:28 | RUN | model=deepseek-r1:8b | mode=vocabulary_antonym | attempt=89
2026-06-29 15:40:40 | RUN | model=deepseek-r1:8b | mode=vocabulary_antonym | attempt=90
2026-06-29 15:40:53 | RUN | model=deepseek-r1:8b | mode=vocabulary_antonym | attempt=91
2026-06-29 15:41:06 | RUN | model=deepseek-r1:8b | mode=vocabulary_antonym | attempt=92
2026-06-29 15:41:19 | RUN | model=deepseek-r1:8b | mode=vocabulary_antonym | attempt=93
2026-06-29 15:41:31 | RUN | model=deepseek-r1:8b | mode=vocabulary_antonym | attempt=94
2026-06-29 15:41:44 | RUN | model=deepseek-r1:8b | mode=vocabulary_antonym | attempt=95
2026-06-29 15:41:57 | RUN | model=deepseek-r1:8b | mode=vocabulary_antonym | attempt=96
2026-06-29 15:42:09 | RUN | model=deepseek-r1:8b | mode=vocabulary_antonym | attempt=97
2026-06-29 15:42:22 | RUN | model=deepseek-r1:8b | mode=vocabulary_antonym | attempt=98
2026-06-29 15:42:34 | RUN | model=deepseek-r1:8b | mode=vocabulary_antonym | attempt=99
2026-06-29 15:42:47 | RUN | model=deepseek-r1:8b | mode=vocabulary_antonym | attempt=100
2026-06-29 15:42:55 | SUMMARY SAVED | model=deepseek-r1:8b | mode=vocabulary_antonym
2026-06-29 15:42:55 | === BENCHMARK FINISHED ===
2026-06-29 16:05:21 | === BENCHMARK STARTED ===
2026-06-29 16:05:21 | MODEL STARTED | ministral-3:3b
2026-06-29 16:05:21 | MODE STARTED | model=ministral-3:3b | mode=writing
2026-06-29 16:05:21 | RUN | model=ministral-3:3b | mode=writing | attempt=1
2026-06-29 16:05:42 | RUN | model=ministral-3:3b | mode=writing | attempt=2
2026-06-29 16:06:01 | RUN | model=ministral-3:3b | mode=writing | attempt=3
2026-06-29 16:06:19 | RUN | model=ministral-3:3b | mode=writing | attempt=4
2026-06-29 16:06:38 | RUN | model=ministral-3:3b | mode=writing | attempt=5
2026-06-29 16:06:56 | RUN | model=ministral-3:3b | mode=writing | attempt=6
2026-06-29 16:07:15 | RUN | model=ministral-3:3b | mode=writing | attempt=7
2026-06-29 16:07:33 | RUN | model=ministral-3:3b | mode=writing | attempt=8
2026-06-29 16:07:52 | RUN | model=ministral-3:3b | mode=writing | attempt=9
2026-06-29 16:08:10 | RUN | model=ministral-3:3b | mode=writing | attempt=10
2026-06-29 16:08:29 | RUN | model=ministral-3:3b | mode=writing | attempt=11
2026-06-29 16:08:47 | RUN | model=ministral-3:3b | mode=writing | attempt=12
2026-06-29 16:09:06 | RUN | model=ministral-3:3b | mode=writing | attempt=13
2026-06-29 16:09:24 | RUN | model=ministral-3:3b | mode=writing | attempt=14
2026-06-29 16:09:43 | RUN | model=ministral-3:3b | mode=writing | attempt=15
2026-06-29 16:10:01 | RUN | model=ministral-3:3b | mode=writing | attempt=16
2026-06-29 16:10:20 | RUN | model=ministral-3:3b | mode=writing | attempt=17
2026-06-29 16:10:38 | RUN | model=ministral-3:3b | mode=writing | attempt=18
2026-06-29 16:10:57 | RUN | model=ministral-3:3b | mode=writing | attempt=19
2026-06-29 16:11:15 | RUN | model=ministral-3:3b | mode=writing | attempt=20
2026-06-29 16:11:34 | RUN | model=ministral-3:3b | mode=writing | attempt=21
2026-06-29 16:11:52 | RUN | model=ministral-3:3b | mode=writing | attempt=22
2026-06-29 16:12:11 | RUN | model=ministral-3:3b | mode=writing | attempt=23
2026-06-29 16:12:30 | RUN | model=ministral-3:3b | mode=writing | attempt=24
2026-06-29 16:12:48 | RUN | model=ministral-3:3b | mode=writing | attempt=25
2026-06-29 16:13:07 | RUN | model=ministral-3:3b | mode=writing | attempt=26
2026-06-29 16:13:25 | RUN | model=ministral-3:3b | mode=writing | attempt=27
2026-06-29 16:13:44 | RUN | model=ministral-3:3b | mode=writing | attempt=28
2026-06-29 16:14:02 | RUN | model=ministral-3:3b | mode=writing | attempt=29
2026-06-29 16:14:21 | RUN | model=ministral-3:3b | mode=writing | attempt=30
2026-06-29 16:14:39 | RUN | model=ministral-3:3b | mode=writing | attempt=31
2026-06-29 16:14:58 | RUN | model=ministral-3:3b | mode=writing | attempt=32
2026-06-29 16:15:16 | RUN | model=ministral-3:3b | mode=writing | attempt=33
2026-06-29 16:15:35 | RUN | model=ministral-3:3b | mode=writing | attempt=34
2026-06-29 16:15:53 | RUN | model=ministral-3:3b | mode=writing | attempt=35
2026-06-29 16:16:12 | RUN | model=ministral-3:3b | mode=writing | attempt=36
2026-06-29 16:16:30 | RUN | model=ministral-3:3b | mode=writing | attempt=37
2026-06-29 16:16:49 | RUN | model=ministral-3:3b | mode=writing | attempt=38
2026-06-29 16:17:08 | RUN | model=ministral-3:3b | mode=writing | attempt=39
2026-06-29 16:17:26 | RUN | model=ministral-3:3b | mode=writing | attempt=40
2026-06-29 16:17:45 | RUN | model=ministral-3:3b | mode=writing | attempt=41
2026-06-29 16:18:03 | RUN | model=ministral-3:3b | mode=writing | attempt=42
2026-06-29 16:18:22 | RUN | model=ministral-3:3b | mode=writing | attempt=43
2026-06-29 16:18:40 | RUN | model=ministral-3:3b | mode=writing | attempt=44
2026-06-29 16:18:59 | RUN | model=ministral-3:3b | mode=writing | attempt=45
2026-06-29 16:19:18 | RUN | model=ministral-3:3b | mode=writing | attempt=46
2026-06-29 16:19:36 | RUN | model=ministral-3:3b | mode=writing | attempt=47
2026-06-29 16:19:55 | RUN | model=ministral-3:3b | mode=writing | attempt=48
2026-06-29 16:20:13 | RUN | model=ministral-3:3b | mode=writing | attempt=49
2026-06-29 16:20:32 | RUN | model=ministral-3:3b | mode=writing | attempt=50
2026-06-29 16:20:50 | RUN | model=ministral-3:3b | mode=writing | attempt=51
2026-06-29 16:21:09 | RUN | model=ministral-3:3b | mode=writing | attempt=52
2026-06-29 16:21:28 | RUN | model=ministral-3:3b | mode=writing | attempt=53
2026-06-29 16:21:46 | RUN | model=ministral-3:3b | mode=writing | attempt=54
2026-06-29 16:22:05 | RUN | model=ministral-3:3b | mode=writing | attempt=55
2026-06-29 16:22:23 | RUN | model=ministral-3:3b | mode=writing | attempt=56
2026-06-29 16:22:42 | RUN | model=ministral-3:3b | mode=writing | attempt=57
2026-06-29 16:23:00 | RUN | model=ministral-3:3b | mode=writing | attempt=58
2026-06-29 16:23:19 | RUN | model=ministral-3:3b | mode=writing | attempt=59
2026-06-29 16:23:37 | RUN | model=ministral-3:3b | mode=writing | attempt=60
2026-06-29 16:23:56 | RUN | model=ministral-3:3b | mode=writing | attempt=61
2026-06-29 16:24:14 | RUN | model=ministral-3:3b | mode=writing | attempt=62
2026-06-29 16:24:33 | RUN | model=ministral-3:3b | mode=writing | attempt=63
2026-06-29 16:24:52 | RUN | model=ministral-3:3b | mode=writing | attempt=64
2026-06-29 16:25:10 | RUN | model=ministral-3:3b | mode=writing | attempt=65
2026-06-29 16:25:29 | RUN | model=ministral-3:3b | mode=writing | attempt=66
2026-06-29 16:25:47 | RUN | model=ministral-3:3b | mode=writing | attempt=67
2026-06-29 16:26:06 | RUN | model=ministral-3:3b | mode=writing | attempt=68
2026-06-29 16:26:24 | RUN | model=ministral-3:3b | mode=writing | attempt=69
2026-06-29 16:26:43 | RUN | model=ministral-3:3b | mode=writing | attempt=70
2026-06-29 16:27:01 | RUN | model=ministral-3:3b | mode=writing | attempt=71
2026-06-29 16:27:20 | RUN | model=ministral-3:3b | mode=writing | attempt=72
2026-06-29 16:27:38 | RUN | model=ministral-3:3b | mode=writing | attempt=73
2026-06-29 16:27:57 | RUN | model=ministral-3:3b | mode=writing | attempt=74
2026-06-29 16:28:16 | RUN | model=ministral-3:3b | mode=writing | attempt=75
2026-06-29 16:28:34 | RUN | model=ministral-3:3b | mode=writing | attempt=76
2026-06-29 16:28:53 | RUN | model=ministral-3:3b | mode=writing | attempt=77
2026-06-29 16:29:11 | RUN | model=ministral-3:3b | mode=writing | attempt=78
2026-06-29 16:29:30 | RUN | model=ministral-3:3b | mode=writing | attempt=79
2026-06-29 16:29:48 | RUN | model=ministral-3:3b | mode=writing | attempt=80
2026-06-29 16:30:07 | RUN | model=ministral-3:3b | mode=writing | attempt=81
2026-06-29 16:30:25 | RUN | model=ministral-3:3b | mode=writing | attempt=82
2026-06-29 16:30:44 | RUN | model=ministral-3:3b | mode=writing | attempt=83
2026-06-29 16:31:02 | RUN | model=ministral-3:3b | mode=writing | attempt=84
2026-06-29 16:31:21 | RUN | model=ministral-3:3b | mode=writing | attempt=85
2026-06-29 16:31:39 | RUN | model=ministral-3:3b | mode=writing | attempt=86
2026-06-29 16:31:58 | RUN | model=ministral-3:3b | mode=writing | attempt=87
2026-06-29 16:32:16 | RUN | model=ministral-3:3b | mode=writing | attempt=88
2026-06-29 16:32:35 | RUN | model=ministral-3:3b | mode=writing | attempt=89
2026-06-29 16:32:53 | RUN | model=ministral-3:3b | mode=writing | attempt=90
2026-06-29 16:33:12 | RUN | model=ministral-3:3b | mode=writing | attempt=91
2026-06-29 16:33:31 | RUN | model=ministral-3:3b | mode=writing | attempt=92
2026-06-29 16:33:49 | RUN | model=ministral-3:3b | mode=writing | attempt=93
2026-06-29 16:34:08 | RUN | model=ministral-3:3b | mode=writing | attempt=94
2026-06-29 16:34:26 | RUN | model=ministral-3:3b | mode=writing | attempt=95
2026-06-29 16:34:45 | RUN | model=ministral-3:3b | mode=writing | attempt=96
2026-06-29 16:35:03 | RUN | model=ministral-3:3b | mode=writing | attempt=97
2026-06-29 16:35:22 | RUN | model=ministral-3:3b | mode=writing | attempt=98
2026-06-29 16:35:40 | RUN | model=ministral-3:3b | mode=writing | attempt=99
2026-06-29 16:35:59 | RUN | model=ministral-3:3b | mode=writing | attempt=100
2026-06-29 16:36:13 | SUMMARY SAVED | model=ministral-3:3b | mode=writing
2026-06-29 16:36:25 | MODEL STARTED | qwen3.5:4b
2026-06-29 16:36:25 | MODE STARTED | model=qwen3.5:4b | mode=writing
2026-06-29 16:36:25 | RUN | model=qwen3.5:4b | mode=writing | attempt=1
2026-06-29 16:36:57 | RUN | model=qwen3.5:4b | mode=writing | attempt=2
2026-06-29 16:37:23 | RUN | model=qwen3.5:4b | mode=writing | attempt=3
2026-06-29 16:37:48 | RUN | model=qwen3.5:4b | mode=writing | attempt=4
2026-06-29 16:38:14 | RUN | model=qwen3.5:4b | mode=writing | attempt=5
2026-06-29 16:38:40 | RUN | model=qwen3.5:4b | mode=writing | attempt=6
2026-06-29 16:39:06 | RUN | model=qwen3.5:4b | mode=writing | attempt=7
2026-06-29 16:39:32 | RUN | model=qwen3.5:4b | mode=writing | attempt=8
2026-06-29 16:39:57 | RUN | model=qwen3.5:4b | mode=writing | attempt=9
2026-06-29 16:40:23 | RUN | model=qwen3.5:4b | mode=writing | attempt=10
2026-06-29 16:40:49 | RUN | model=qwen3.5:4b | mode=writing | attempt=11
2026-06-29 16:41:15 | RUN | model=qwen3.5:4b | mode=writing | attempt=12
2026-06-29 16:41:40 | RUN | model=qwen3.5:4b | mode=writing | attempt=13
2026-06-29 16:42:06 | RUN | model=qwen3.5:4b | mode=writing | attempt=14
2026-06-29 16:42:32 | RUN | model=qwen3.5:4b | mode=writing | attempt=15
2026-06-29 16:42:58 | RUN | model=qwen3.5:4b | mode=writing | attempt=16
2026-06-29 16:43:24 | RUN | model=qwen3.5:4b | mode=writing | attempt=17
2026-06-29 16:43:49 | RUN | model=qwen3.5:4b | mode=writing | attempt=18
2026-06-29 16:44:15 | RUN | model=qwen3.5:4b | mode=writing | attempt=19
2026-06-29 16:44:41 | RUN | model=qwen3.5:4b | mode=writing | attempt=20
2026-06-29 16:45:07 | RUN | model=qwen3.5:4b | mode=writing | attempt=21
2026-06-29 16:45:33 | RUN | model=qwen3.5:4b | mode=writing | attempt=22
2026-06-29 16:45:58 | RUN | model=qwen3.5:4b | mode=writing | attempt=23
2026-06-29 16:46:24 | RUN | model=qwen3.5:4b | mode=writing | attempt=24
2026-06-29 16:46:50 | RUN | model=qwen3.5:4b | mode=writing | attempt=25
2026-06-29 16:47:16 | RUN | model=qwen3.5:4b | mode=writing | attempt=26
2026-06-29 16:47:42 | RUN | model=qwen3.5:4b | mode=writing | attempt=27
2026-06-29 16:48:07 | RUN | model=qwen3.5:4b | mode=writing | attempt=28
2026-06-29 16:48:33 | RUN | model=qwen3.5:4b | mode=writing | attempt=29
2026-06-29 16:48:59 | RUN | model=qwen3.5:4b | mode=writing | attempt=30
2026-06-29 16:49:25 | RUN | model=qwen3.5:4b | mode=writing | attempt=31
2026-06-29 16:49:51 | RUN | model=qwen3.5:4b | mode=writing | attempt=32
2026-06-29 16:50:16 | RUN | model=qwen3.5:4b | mode=writing | attempt=33
2026-06-29 16:50:42 | RUN | model=qwen3.5:4b | mode=writing | attempt=34
2026-06-29 16:51:08 | RUN | model=qwen3.5:4b | mode=writing | attempt=35
2026-06-29 16:51:34 | RUN | model=qwen3.5:4b | mode=writing | attempt=36
2026-06-29 16:51:59 | RUN | model=qwen3.5:4b | mode=writing | attempt=37
2026-06-29 16:52:25 | RUN | model=qwen3.5:4b | mode=writing | attempt=38
2026-06-29 16:52:51 | RUN | model=qwen3.5:4b | mode=writing | attempt=39
2026-06-29 16:53:17 | RUN | model=qwen3.5:4b | mode=writing | attempt=40
2026-06-29 16:53:42 | RUN | model=qwen3.5:4b | mode=writing | attempt=41
2026-06-29 16:54:08 | RUN | model=qwen3.5:4b | mode=writing | attempt=42
2026-06-29 16:54:34 | RUN | model=qwen3.5:4b | mode=writing | attempt=43
2026-06-29 16:55:00 | RUN | model=qwen3.5:4b | mode=writing | attempt=44
2026-06-29 16:55:26 | RUN | model=qwen3.5:4b | mode=writing | attempt=45
2026-06-29 16:55:52 | RUN | model=qwen3.5:4b | mode=writing | attempt=46
2026-06-29 16:56:17 | RUN | model=qwen3.5:4b | mode=writing | attempt=47
2026-06-29 16:56:43 | RUN | model=qwen3.5:4b | mode=writing | attempt=48
2026-06-29 16:57:09 | RUN | model=qwen3.5:4b | mode=writing | attempt=49
2026-06-29 16:57:35 | RUN | model=qwen3.5:4b | mode=writing | attempt=50
2026-06-29 16:58:00 | RUN | model=qwen3.5:4b | mode=writing | attempt=51
2026-06-29 16:58:26 | RUN | model=qwen3.5:4b | mode=writing | attempt=52
2026-06-29 16:58:52 | RUN | model=qwen3.5:4b | mode=writing | attempt=53
2026-06-29 16:59:18 | RUN | model=qwen3.5:4b | mode=writing | attempt=54
2026-06-29 16:59:44 | RUN | model=qwen3.5:4b | mode=writing | attempt=55
2026-06-29 17:00:09 | RUN | model=qwen3.5:4b | mode=writing | attempt=56
2026-06-29 17:00:35 | RUN | model=qwen3.5:4b | mode=writing | attempt=57
2026-06-29 17:01:01 | RUN | model=qwen3.5:4b | mode=writing | attempt=58
2026-06-29 17:01:27 | RUN | model=qwen3.5:4b | mode=writing | attempt=59
2026-06-29 17:01:52 | RUN | model=qwen3.5:4b | mode=writing | attempt=60
2026-06-29 17:02:18 | RUN | model=qwen3.5:4b | mode=writing | attempt=61
2026-06-29 17:02:44 | RUN | model=qwen3.5:4b | mode=writing | attempt=62
2026-06-29 17:03:10 | RUN | model=qwen3.5:4b | mode=writing | attempt=63
2026-06-29 17:03:36 | RUN | model=qwen3.5:4b | mode=writing | attempt=64
2026-06-29 17:04:02 | RUN | model=qwen3.5:4b | mode=writing | attempt=65
2026-06-29 17:04:27 | RUN | model=qwen3.5:4b | mode=writing | attempt=66
2026-06-29 17:04:53 | RUN | model=qwen3.5:4b | mode=writing | attempt=67
2026-06-29 17:05:19 | RUN | model=qwen3.5:4b | mode=writing | attempt=68
2026-06-29 17:05:45 | RUN | model=qwen3.5:4b | mode=writing | attempt=69
2026-06-29 17:06:11 | RUN | model=qwen3.5:4b | mode=writing | attempt=70
2026-06-29 17:06:36 | RUN | model=qwen3.5:4b | mode=writing | attempt=71
2026-06-29 17:07:02 | RUN | model=qwen3.5:4b | mode=writing | attempt=72
2026-06-29 17:07:28 | RUN | model=qwen3.5:4b | mode=writing | attempt=73
2026-06-29 17:07:54 | RUN | model=qwen3.5:4b | mode=writing | attempt=74
2026-06-29 17:08:19 | RUN | model=qwen3.5:4b | mode=writing | attempt=75
2026-06-29 17:08:45 | RUN | model=qwen3.5:4b | mode=writing | attempt=76
2026-06-29 17:09:11 | RUN | model=qwen3.5:4b | mode=writing | attempt=77
2026-06-29 17:09:37 | RUN | model=qwen3.5:4b | mode=writing | attempt=78
2026-06-29 17:10:03 | RUN | model=qwen3.5:4b | mode=writing | attempt=79
2026-06-29 17:10:28 | RUN | model=qwen3.5:4b | mode=writing | attempt=80
2026-06-29 17:10:54 | RUN | model=qwen3.5:4b | mode=writing | attempt=81
2026-06-29 17:11:20 | RUN | model=qwen3.5:4b | mode=writing | attempt=82
2026-06-29 17:11:46 | RUN | model=qwen3.5:4b | mode=writing | attempt=83
2026-06-29 17:12:11 | RUN | model=qwen3.5:4b | mode=writing | attempt=84
2026-06-29 17:12:37 | RUN | model=qwen3.5:4b | mode=writing | attempt=85
2026-06-29 17:13:03 | RUN | model=qwen3.5:4b | mode=writing | attempt=86
2026-06-29 17:13:29 | RUN | model=qwen3.5:4b | mode=writing | attempt=87
2026-06-29 17:13:55 | RUN | model=qwen3.5:4b | mode=writing | attempt=88
2026-06-29 17:14:20 | RUN | model=qwen3.5:4b | mode=writing | attempt=89
2026-06-29 17:14:46 | RUN | model=qwen3.5:4b | mode=writing | attempt=90
2026-06-29 17:15:12 | RUN | model=qwen3.5:4b | mode=writing | attempt=91
2026-06-29 17:15:38 | RUN | model=qwen3.5:4b | mode=writing | attempt=92
2026-06-29 17:16:03 | RUN | model=qwen3.5:4b | mode=writing | attempt=93
2026-06-29 17:16:29 | RUN | model=qwen3.5:4b | mode=writing | attempt=94
2026-06-29 17:16:55 | RUN | model=qwen3.5:4b | mode=writing | attempt=95
2026-06-29 17:17:21 | RUN | model=qwen3.5:4b | mode=writing | attempt=96
2026-06-29 17:17:47 | RUN | model=qwen3.5:4b | mode=writing | attempt=97
2026-06-29 17:18:12 | RUN | model=qwen3.5:4b | mode=writing | attempt=98
2026-06-29 17:18:38 | RUN | model=qwen3.5:4b | mode=writing | attempt=99
2026-06-29 17:19:04 | RUN | model=qwen3.5:4b | mode=writing | attempt=100
2026-06-29 17:19:26 | SUMMARY SAVED | model=qwen3.5:4b | mode=writing
2026-06-29 17:19:38 | MODEL STARTED | llama3.1:8b
2026-06-29 17:19:38 | MODE STARTED | model=llama3.1:8b | mode=writing
2026-06-29 17:19:38 | RUN | model=llama3.1:8b | mode=writing | attempt=1
2026-06-29 17:20:09 | RUN | model=llama3.1:8b | mode=writing | attempt=2
2026-06-29 17:20:34 | RUN | model=llama3.1:8b | mode=writing | attempt=3
2026-06-29 17:21:00 | RUN | model=llama3.1:8b | mode=writing | attempt=4
2026-06-29 17:21:25 | RUN | model=llama3.1:8b | mode=writing | attempt=5
2026-06-29 17:21:50 | RUN | model=llama3.1:8b | mode=writing | attempt=6
2026-06-29 17:22:15 | RUN | model=llama3.1:8b | mode=writing | attempt=7
2026-06-29 17:22:41 | RUN | model=llama3.1:8b | mode=writing | attempt=8
2026-06-29 17:23:06 | RUN | model=llama3.1:8b | mode=writing | attempt=9
2026-06-29 17:23:31 | RUN | model=llama3.1:8b | mode=writing | attempt=10
2026-06-29 17:23:56 | RUN | model=llama3.1:8b | mode=writing | attempt=11
2026-06-29 17:24:21 | RUN | model=llama3.1:8b | mode=writing | attempt=12
2026-06-29 17:24:46 | RUN | model=llama3.1:8b | mode=writing | attempt=13
2026-06-29 17:25:12 | RUN | model=llama3.1:8b | mode=writing | attempt=14
2026-06-29 17:25:37 | RUN | model=llama3.1:8b | mode=writing | attempt=15
2026-06-29 17:26:02 | RUN | model=llama3.1:8b | mode=writing | attempt=16
2026-06-29 17:26:27 | RUN | model=llama3.1:8b | mode=writing | attempt=17
2026-06-29 17:26:52 | RUN | model=llama3.1:8b | mode=writing | attempt=18
2026-06-29 17:27:17 | RUN | model=llama3.1:8b | mode=writing | attempt=19
2026-06-29 17:27:43 | RUN | model=llama3.1:8b | mode=writing | attempt=20
2026-06-29 17:28:08 | RUN | model=llama3.1:8b | mode=writing | attempt=21
2026-06-29 17:28:33 | RUN | model=llama3.1:8b | mode=writing | attempt=22
2026-06-29 17:28:58 | RUN | model=llama3.1:8b | mode=writing | attempt=23
2026-06-29 17:29:23 | RUN | model=llama3.1:8b | mode=writing | attempt=24
2026-06-29 17:29:49 | RUN | model=llama3.1:8b | mode=writing | attempt=25
2026-06-29 17:30:14 | RUN | model=llama3.1:8b | mode=writing | attempt=26
2026-06-29 17:30:39 | RUN | model=llama3.1:8b | mode=writing | attempt=27
2026-06-29 17:31:04 | RUN | model=llama3.1:8b | mode=writing | attempt=28
2026-06-29 17:31:29 | RUN | model=llama3.1:8b | mode=writing | attempt=29
2026-06-29 17:31:55 | RUN | model=llama3.1:8b | mode=writing | attempt=30
2026-06-29 17:32:20 | RUN | model=llama3.1:8b | mode=writing | attempt=31
2026-06-29 17:32:45 | RUN | model=llama3.1:8b | mode=writing | attempt=32
2026-06-29 17:33:10 | RUN | model=llama3.1:8b | mode=writing | attempt=33
2026-06-29 17:33:35 | RUN | model=llama3.1:8b | mode=writing | attempt=34
2026-06-29 17:34:00 | RUN | model=llama3.1:8b | mode=writing | attempt=35
2026-06-29 17:34:25 | RUN | model=llama3.1:8b | mode=writing | attempt=36
2026-06-29 17:34:51 | RUN | model=llama3.1:8b | mode=writing | attempt=37
2026-06-29 17:35:16 | RUN | model=llama3.1:8b | mode=writing | attempt=38
2026-06-29 17:35:41 | RUN | model=llama3.1:8b | mode=writing | attempt=39
2026-06-29 17:36:06 | RUN | model=llama3.1:8b | mode=writing | attempt=40
2026-06-29 17:36:31 | RUN | model=llama3.1:8b | mode=writing | attempt=41
2026-06-29 17:36:56 | RUN | model=llama3.1:8b | mode=writing | attempt=42
2026-06-29 17:37:22 | RUN | model=llama3.1:8b | mode=writing | attempt=43
2026-06-29 17:37:47 | RUN | model=llama3.1:8b | mode=writing | attempt=44
2026-06-29 17:38:12 | RUN | model=llama3.1:8b | mode=writing | attempt=45
2026-06-29 17:38:37 | RUN | model=llama3.1:8b | mode=writing | attempt=46
2026-06-29 17:39:02 | RUN | model=llama3.1:8b | mode=writing | attempt=47
2026-06-29 17:39:28 | RUN | model=llama3.1:8b | mode=writing | attempt=48
2026-06-29 17:39:53 | RUN | model=llama3.1:8b | mode=writing | attempt=49
2026-06-29 17:40:18 | RUN | model=llama3.1:8b | mode=writing | attempt=50
2026-06-29 17:40:43 | RUN | model=llama3.1:8b | mode=writing | attempt=51
2026-06-29 17:41:08 | RUN | model=llama3.1:8b | mode=writing | attempt=52
2026-06-29 17:41:33 | RUN | model=llama3.1:8b | mode=writing | attempt=53
2026-06-29 17:41:58 | RUN | model=llama3.1:8b | mode=writing | attempt=54
2026-06-29 17:42:24 | RUN | model=llama3.1:8b | mode=writing | attempt=55
2026-06-29 17:42:49 | RUN | model=llama3.1:8b | mode=writing | attempt=56
2026-06-29 17:43:14 | RUN | model=llama3.1:8b | mode=writing | attempt=57
2026-06-29 17:43:39 | RUN | model=llama3.1:8b | mode=writing | attempt=58
2026-06-29 17:44:04 | RUN | model=llama3.1:8b | mode=writing | attempt=59
2026-06-29 17:44:29 | RUN | model=llama3.1:8b | mode=writing | attempt=60
2026-06-29 17:44:55 | RUN | model=llama3.1:8b | mode=writing | attempt=61
2026-06-29 17:45:20 | RUN | model=llama3.1:8b | mode=writing | attempt=62
2026-06-29 17:45:45 | RUN | model=llama3.1:8b | mode=writing | attempt=63
2026-06-29 17:46:10 | RUN | model=llama3.1:8b | mode=writing | attempt=64
2026-06-29 17:46:35 | RUN | model=llama3.1:8b | mode=writing | attempt=65
2026-06-29 17:47:00 | RUN | model=llama3.1:8b | mode=writing | attempt=66
2026-06-29 17:47:25 | RUN | model=llama3.1:8b | mode=writing | attempt=67
2026-06-29 17:47:51 | RUN | model=llama3.1:8b | mode=writing | attempt=68
2026-06-29 17:48:16 | RUN | model=llama3.1:8b | mode=writing | attempt=69
2026-06-29 17:48:41 | RUN | model=llama3.1:8b | mode=writing | attempt=70
2026-06-29 17:49:06 | RUN | model=llama3.1:8b | mode=writing | attempt=71
2026-06-29 17:49:32 | RUN | model=llama3.1:8b | mode=writing | attempt=72
2026-06-29 17:49:57 | RUN | model=llama3.1:8b | mode=writing | attempt=73
2026-06-29 17:50:22 | RUN | model=llama3.1:8b | mode=writing | attempt=74
2026-06-29 17:50:47 | RUN | model=llama3.1:8b | mode=writing | attempt=75
2026-06-29 17:51:12 | RUN | model=llama3.1:8b | mode=writing | attempt=76
2026-06-29 17:51:37 | RUN | model=llama3.1:8b | mode=writing | attempt=77
2026-06-29 17:52:02 | RUN | model=llama3.1:8b | mode=writing | attempt=78
2026-06-29 17:52:28 | RUN | model=llama3.1:8b | mode=writing | attempt=79
2026-06-29 17:52:53 | RUN | model=llama3.1:8b | mode=writing | attempt=80
2026-06-29 17:53:18 | RUN | model=llama3.1:8b | mode=writing | attempt=81
2026-06-29 17:53:43 | RUN | model=llama3.1:8b | mode=writing | attempt=82
2026-06-29 17:54:09 | RUN | model=llama3.1:8b | mode=writing | attempt=83
2026-06-29 17:54:34 | RUN | model=llama3.1:8b | mode=writing | attempt=84
2026-06-29 17:54:59 | RUN | model=llama3.1:8b | mode=writing | attempt=85
2026-06-29 17:55:24 | RUN | model=llama3.1:8b | mode=writing | attempt=86
2026-06-29 17:55:50 | RUN | model=llama3.1:8b | mode=writing | attempt=87
2026-06-29 17:56:15 | RUN | model=llama3.1:8b | mode=writing | attempt=88
2026-06-29 17:56:40 | RUN | model=llama3.1:8b | mode=writing | attempt=89
2026-06-29 17:57:05 | RUN | model=llama3.1:8b | mode=writing | attempt=90
2026-06-29 17:57:30 | RUN | model=llama3.1:8b | mode=writing | attempt=91
2026-06-29 17:57:55 | RUN | model=llama3.1:8b | mode=writing | attempt=92
2026-06-29 17:58:20 | RUN | model=llama3.1:8b | mode=writing | attempt=93
2026-06-29 17:58:45 | RUN | model=llama3.1:8b | mode=writing | attempt=94
2026-06-29 17:59:11 | RUN | model=llama3.1:8b | mode=writing | attempt=95
2026-06-29 17:59:36 | RUN | model=llama3.1:8b | mode=writing | attempt=96
2026-06-29 18:00:01 | RUN | model=llama3.1:8b | mode=writing | attempt=97
2026-06-29 18:00:26 | RUN | model=llama3.1:8b | mode=writing | attempt=98
2026-06-29 18:00:51 | RUN | model=llama3.1:8b | mode=writing | attempt=99
2026-06-29 18:01:16 | RUN | model=llama3.1:8b | mode=writing | attempt=100
2026-06-29 18:01:37 | SUMMARY SAVED | model=llama3.1:8b | mode=writing
2026-06-29 18:01:49 | MODEL STARTED | Bielik-4.5B-v3.0-Instruct-GGUF:Q8_0
2026-06-29 18:01:49 | MODE STARTED | model=Bielik-4.5B-v3.0-Instruct-GGUF:Q8_0 | mode=writing
2026-06-29 18:01:49 | RUN | model=Bielik-4.5B-v3.0-Instruct-GGUF:Q8_0 | mode=writing | attempt=1
2026-06-29 18:02:18 | RUN | model=Bielik-4.5B-v3.0-Instruct-GGUF:Q8_0 | mode=writing | attempt=2
2026-06-29 18:02:39 | RUN | model=Bielik-4.5B-v3.0-Instruct-GGUF:Q8_0 | mode=writing | attempt=3
2026-06-29 18:03:01 | RUN | model=Bielik-4.5B-v3.0-Instruct-GGUF:Q8_0 | mode=writing | attempt=4
2026-06-29 18:03:22 | RUN | model=Bielik-4.5B-v3.0-Instruct-GGUF:Q8_0 | mode=writing | attempt=5
2026-06-29 18:03:44 | RUN | model=Bielik-4.5B-v3.0-Instruct-GGUF:Q8_0 | mode=writing | attempt=6
2026-06-29 18:04:05 | RUN | model=Bielik-4.5B-v3.0-Instruct-GGUF:Q8_0 | mode=writing | attempt=7
2026-06-29 18:04:27 | RUN | model=Bielik-4.5B-v3.0-Instruct-GGUF:Q8_0 | mode=writing | attempt=8
2026-06-29 18:04:49 | RUN | model=Bielik-4.5B-v3.0-Instruct-GGUF:Q8_0 | mode=writing | attempt=9
2026-06-29 18:05:10 | RUN | model=Bielik-4.5B-v3.0-Instruct-GGUF:Q8_0 | mode=writing | attempt=10
2026-06-29 18:05:32 | RUN | model=Bielik-4.5B-v3.0-Instruct-GGUF:Q8_0 | mode=writing | attempt=11
2026-06-29 18:05:53 | RUN | model=Bielik-4.5B-v3.0-Instruct-GGUF:Q8_0 | mode=writing | attempt=12
2026-06-29 18:06:15 | RUN | model=Bielik-4.5B-v3.0-Instruct-GGUF:Q8_0 | mode=writing | attempt=13
2026-06-29 18:06:36 | RUN | model=Bielik-4.5B-v3.0-Instruct-GGUF:Q8_0 | mode=writing | attempt=14
2026-06-29 18:06:58 | RUN | model=Bielik-4.5B-v3.0-Instruct-GGUF:Q8_0 | mode=writing | attempt=15
2026-06-29 18:07:19 | RUN | model=Bielik-4.5B-v3.0-Instruct-GGUF:Q8_0 | mode=writing | attempt=16
2026-06-29 18:07:41 | RUN | model=Bielik-4.5B-v3.0-Instruct-GGUF:Q8_0 | mode=writing | attempt=17
2026-06-29 18:08:02 | RUN | model=Bielik-4.5B-v3.0-Instruct-GGUF:Q8_0 | mode=writing | attempt=18
2026-06-29 18:08:24 | RUN | model=Bielik-4.5B-v3.0-Instruct-GGUF:Q8_0 | mode=writing | attempt=19
2026-06-29 18:08:46 | RUN | model=Bielik-4.5B-v3.0-Instruct-GGUF:Q8_0 | mode=writing | attempt=20
2026-06-29 18:09:07 | RUN | model=Bielik-4.5B-v3.0-Instruct-GGUF:Q8_0 | mode=writing | attempt=21
2026-06-29 18:09:29 | RUN | model=Bielik-4.5B-v3.0-Instruct-GGUF:Q8_0 | mode=writing | attempt=22
2026-06-29 18:09:50 | RUN | model=Bielik-4.5B-v3.0-Instruct-GGUF:Q8_0 | mode=writing | attempt=23
2026-06-29 18:10:12 | RUN | model=Bielik-4.5B-v3.0-Instruct-GGUF:Q8_0 | mode=writing | attempt=24
2026-06-29 18:10:33 | RUN | model=Bielik-4.5B-v3.0-Instruct-GGUF:Q8_0 | mode=writing | attempt=25
2026-06-29 18:10:55 | RUN | model=Bielik-4.5B-v3.0-Instruct-GGUF:Q8_0 | mode=writing | attempt=26
2026-06-29 18:11:17 | RUN | model=Bielik-4.5B-v3.0-Instruct-GGUF:Q8_0 | mode=writing | attempt=27
2026-06-29 18:11:38 | RUN | model=Bielik-4.5B-v3.0-Instruct-GGUF:Q8_0 | mode=writing | attempt=28
2026-06-29 18:12:00 | RUN | model=Bielik-4.5B-v3.0-Instruct-GGUF:Q8_0 | mode=writing | attempt=29
2026-06-29 18:12:21 | RUN | model=Bielik-4.5B-v3.0-Instruct-GGUF:Q8_0 | mode=writing | attempt=30
2026-06-29 18:12:43 | RUN | model=Bielik-4.5B-v3.0-Instruct-GGUF:Q8_0 | mode=writing | attempt=31
2026-06-29 18:13:05 | RUN | model=Bielik-4.5B-v3.0-Instruct-GGUF:Q8_0 | mode=writing | attempt=32
2026-06-29 18:13:26 | RUN | model=Bielik-4.5B-v3.0-Instruct-GGUF:Q8_0 | mode=writing | attempt=33
2026-06-29 18:13:48 | RUN | model=Bielik-4.5B-v3.0-Instruct-GGUF:Q8_0 | mode=writing | attempt=34
2026-06-29 18:14:09 | RUN | model=Bielik-4.5B-v3.0-Instruct-GGUF:Q8_0 | mode=writing | attempt=35
2026-06-29 18:14:31 | RUN | model=Bielik-4.5B-v3.0-Instruct-GGUF:Q8_0 | mode=writing | attempt=36
2026-06-29 18:14:52 | RUN | model=Bielik-4.5B-v3.0-Instruct-GGUF:Q8_0 | mode=writing | attempt=37
2026-06-29 18:15:14 | RUN | model=Bielik-4.5B-v3.0-Instruct-GGUF:Q8_0 | mode=writing | attempt=38
2026-06-29 18:15:35 | RUN | model=Bielik-4.5B-v3.0-Instruct-GGUF:Q8_0 | mode=writing | attempt=39
2026-06-29 18:15:57 | RUN | model=Bielik-4.5B-v3.0-Instruct-GGUF:Q8_0 | mode=writing | attempt=40
2026-06-29 18:16:18 | RUN | model=Bielik-4.5B-v3.0-Instruct-GGUF:Q8_0 | mode=writing | attempt=41
2026-06-29 18:16:40 | RUN | model=Bielik-4.5B-v3.0-Instruct-GGUF:Q8_0 | mode=writing | attempt=42
2026-06-29 18:17:01 | RUN | model=Bielik-4.5B-v3.0-Instruct-GGUF:Q8_0 | mode=writing | attempt=43
2026-06-29 18:17:23 | RUN | model=Bielik-4.5B-v3.0-Instruct-GGUF:Q8_0 | mode=writing | attempt=44
2026-06-29 18:17:44 | RUN | model=Bielik-4.5B-v3.0-Instruct-GGUF:Q8_0 | mode=writing | attempt=45
2026-06-29 18:18:06 | RUN | model=Bielik-4.5B-v3.0-Instruct-GGUF:Q8_0 | mode=writing | attempt=46
2026-06-29 18:18:28 | RUN | model=Bielik-4.5B-v3.0-Instruct-GGUF:Q8_0 | mode=writing | attempt=47
2026-06-29 18:18:49 | RUN | model=Bielik-4.5B-v3.0-Instruct-GGUF:Q8_0 | mode=writing | attempt=48
2026-06-29 18:19:11 | RUN | model=Bielik-4.5B-v3.0-Instruct-GGUF:Q8_0 | mode=writing | attempt=49
2026-06-29 18:19:32 | RUN | model=Bielik-4.5B-v3.0-Instruct-GGUF:Q8_0 | mode=writing | attempt=50
2026-06-29 18:19:54 | RUN | model=Bielik-4.5B-v3.0-Instruct-GGUF:Q8_0 | mode=writing | attempt=51
2026-06-29 18:20:15 | RUN | model=Bielik-4.5B-v3.0-Instruct-GGUF:Q8_0 | mode=writing | attempt=52
2026-06-29 18:20:37 | RUN | model=Bielik-4.5B-v3.0-Instruct-GGUF:Q8_0 | mode=writing | attempt=53
2026-06-29 18:20:58 | RUN | model=Bielik-4.5B-v3.0-Instruct-GGUF:Q8_0 | mode=writing | attempt=54
2026-06-29 18:21:20 | RUN | model=Bielik-4.5B-v3.0-Instruct-GGUF:Q8_0 | mode=writing | attempt=55
2026-06-29 18:21:41 | RUN | model=Bielik-4.5B-v3.0-Instruct-GGUF:Q8_0 | mode=writing | attempt=56
2026-06-29 18:22:03 | RUN | model=Bielik-4.5B-v3.0-Instruct-GGUF:Q8_0 | mode=writing | attempt=57
2026-06-29 18:22:24 | RUN | model=Bielik-4.5B-v3.0-Instruct-GGUF:Q8_0 | mode=writing | attempt=58
2026-06-29 18:22:46 | RUN | model=Bielik-4.5B-v3.0-Instruct-GGUF:Q8_0 | mode=writing | attempt=59
2026-06-29 18:23:08 | RUN | model=Bielik-4.5B-v3.0-Instruct-GGUF:Q8_0 | mode=writing | attempt=60
2026-06-29 18:23:29 | RUN | model=Bielik-4.5B-v3.0-Instruct-GGUF:Q8_0 | mode=writing | attempt=61
2026-06-29 18:23:51 | RUN | model=Bielik-4.5B-v3.0-Instruct-GGUF:Q8_0 | mode=writing | attempt=62
2026-06-29 18:24:12 | RUN | model=Bielik-4.5B-v3.0-Instruct-GGUF:Q8_0 | mode=writing | attempt=63
2026-06-29 18:24:34 | RUN | model=Bielik-4.5B-v3.0-Instruct-GGUF:Q8_0 | mode=writing | attempt=64
2026-06-29 18:24:55 | RUN | model=Bielik-4.5B-v3.0-Instruct-GGUF:Q8_0 | mode=writing | attempt=65
2026-06-29 18:25:17 | RUN | model=Bielik-4.5B-v3.0-Instruct-GGUF:Q8_0 | mode=writing | attempt=66
2026-06-29 18:25:38 | RUN | model=Bielik-4.5B-v3.0-Instruct-GGUF:Q8_0 | mode=writing | attempt=67
2026-06-29 18:26:00 | RUN | model=Bielik-4.5B-v3.0-Instruct-GGUF:Q8_0 | mode=writing | attempt=68
2026-06-29 18:26:21 | RUN | model=Bielik-4.5B-v3.0-Instruct-GGUF:Q8_0 | mode=writing | attempt=69
2026-06-29 18:26:43 | RUN | model=Bielik-4.5B-v3.0-Instruct-GGUF:Q8_0 | mode=writing | attempt=70
2026-06-29 18:27:04 | RUN | model=Bielik-4.5B-v3.0-Instruct-GGUF:Q8_0 | mode=writing | attempt=71
2026-06-29 18:27:26 | RUN | model=Bielik-4.5B-v3.0-Instruct-GGUF:Q8_0 | mode=writing | attempt=72
2026-06-29 18:27:47 | RUN | model=Bielik-4.5B-v3.0-Instruct-GGUF:Q8_0 | mode=writing | attempt=73
2026-06-29 18:28:09 | RUN | model=Bielik-4.5B-v3.0-Instruct-GGUF:Q8_0 | mode=writing | attempt=74
2026-06-29 18:28:31 | RUN | model=Bielik-4.5B-v3.0-Instruct-GGUF:Q8_0 | mode=writing | attempt=75
2026-06-29 18:28:52 | RUN | model=Bielik-4.5B-v3.0-Instruct-GGUF:Q8_0 | mode=writing | attempt=76
2026-06-29 18:29:14 | RUN | model=Bielik-4.5B-v3.0-Instruct-GGUF:Q8_0 | mode=writing | attempt=77
2026-06-29 18:29:35 | RUN | model=Bielik-4.5B-v3.0-Instruct-GGUF:Q8_0 | mode=writing | attempt=78
2026-06-29 18:29:57 | RUN | model=Bielik-4.5B-v3.0-Instruct-GGUF:Q8_0 | mode=writing | attempt=79
2026-06-29 18:30:18 | RUN | model=Bielik-4.5B-v3.0-Instruct-GGUF:Q8_0 | mode=writing | attempt=80
2026-06-29 18:30:40 | RUN | model=Bielik-4.5B-v3.0-Instruct-GGUF:Q8_0 | mode=writing | attempt=81
2026-06-29 18:31:02 | RUN | model=Bielik-4.5B-v3.0-Instruct-GGUF:Q8_0 | mode=writing | attempt=82
2026-06-29 18:31:23 | RUN | model=Bielik-4.5B-v3.0-Instruct-GGUF:Q8_0 | mode=writing | attempt=83
2026-06-29 18:31:45 | RUN | model=Bielik-4.5B-v3.0-Instruct-GGUF:Q8_0 | mode=writing | attempt=84
2026-06-29 18:32:06 | RUN | model=Bielik-4.5B-v3.0-Instruct-GGUF:Q8_0 | mode=writing | attempt=85
2026-06-29 18:32:28 | RUN | model=Bielik-4.5B-v3.0-Instruct-GGUF:Q8_0 | mode=writing | attempt=86
2026-06-29 18:32:50 | RUN | model=Bielik-4.5B-v3.0-Instruct-GGUF:Q8_0 | mode=writing | attempt=87
2026-06-29 18:33:11 | RUN | model=Bielik-4.5B-v3.0-Instruct-GGUF:Q8_0 | mode=writing | attempt=88
2026-06-29 18:33:33 | RUN | model=Bielik-4.5B-v3.0-Instruct-GGUF:Q8_0 | mode=writing | attempt=89
2026-06-29 18:33:54 | RUN | model=Bielik-4.5B-v3.0-Instruct-GGUF:Q8_0 | mode=writing | attempt=90
2026-06-29 18:34:16 | RUN | model=Bielik-4.5B-v3.0-Instruct-GGUF:Q8_0 | mode=writing | attempt=91
2026-06-29 18:34:37 | RUN | model=Bielik-4.5B-v3.0-Instruct-GGUF:Q8_0 | mode=writing | attempt=92
2026-06-29 18:34:59 | RUN | model=Bielik-4.5B-v3.0-Instruct-GGUF:Q8_0 | mode=writing | attempt=93
2026-06-29 18:35:20 | RUN | model=Bielik-4.5B-v3.0-Instruct-GGUF:Q8_0 | mode=writing | attempt=94
2026-06-29 18:35:42 | RUN | model=Bielik-4.5B-v3.0-Instruct-GGUF:Q8_0 | mode=writing | attempt=95
2026-06-29 18:36:03 | RUN | model=Bielik-4.5B-v3.0-Instruct-GGUF:Q8_0 | mode=writing | attempt=96
2026-06-29 18:36:25 | RUN | model=Bielik-4.5B-v3.0-Instruct-GGUF:Q8_0 | mode=writing | attempt=97
2026-06-29 18:36:46 | RUN | model=Bielik-4.5B-v3.0-Instruct-GGUF:Q8_0 | mode=writing | attempt=98
2026-06-29 18:37:08 | RUN | model=Bielik-4.5B-v3.0-Instruct-GGUF:Q8_0 | mode=writing | attempt=99
2026-06-29 18:37:29 | RUN | model=Bielik-4.5B-v3.0-Instruct-GGUF:Q8_0 | mode=writing | attempt=100
2026-06-29 18:37:47 | SUMMARY SAVED | model=Bielik-4.5B-v3.0-Instruct-GGUF:Q8_0 | mode=writing
2026-06-29 18:37:59 | MODEL STARTED | deepseek-r1:8b
2026-06-29 18:37:59 | MODE STARTED | model=deepseek-r1:8b | mode=writing
2026-06-29 18:37:59 | RUN | model=deepseek-r1:8b | mode=writing | attempt=1
2026-06-29 18:38:30 | RUN | model=deepseek-r1:8b | mode=writing | attempt=2
2026-06-29 18:38:57 | RUN | model=deepseek-r1:8b | mode=writing | attempt=3
2026-06-29 18:39:24 | RUN | model=deepseek-r1:8b | mode=writing | attempt=4
2026-06-29 18:39:52 | RUN | model=deepseek-r1:8b | mode=writing | attempt=5
2026-06-29 18:40:19 | RUN | model=deepseek-r1:8b | mode=writing | attempt=6
2026-06-29 18:40:46 | RUN | model=deepseek-r1:8b | mode=writing | attempt=7
2026-06-29 18:41:13 | RUN | model=deepseek-r1:8b | mode=writing | attempt=8
2026-06-29 18:41:40 | RUN | model=deepseek-r1:8b | mode=writing | attempt=9
2026-06-29 18:42:08 | RUN | model=deepseek-r1:8b | mode=writing | attempt=10
2026-06-29 18:42:35 | RUN | model=deepseek-r1:8b | mode=writing | attempt=11
2026-06-29 18:43:02 | RUN | model=deepseek-r1:8b | mode=writing | attempt=12
2026-06-29 18:43:29 | RUN | model=deepseek-r1:8b | mode=writing | attempt=13
2026-06-29 18:43:57 | RUN | model=deepseek-r1:8b | mode=writing | attempt=14
2026-06-29 18:44:24 | RUN | model=deepseek-r1:8b | mode=writing | attempt=15
2026-06-29 18:44:51 | RUN | model=deepseek-r1:8b | mode=writing | attempt=16
2026-06-29 18:45:18 | RUN | model=deepseek-r1:8b | mode=writing | attempt=17
2026-06-29 18:45:45 | RUN | model=deepseek-r1:8b | mode=writing | attempt=18
2026-06-29 18:46:13 | RUN | model=deepseek-r1:8b | mode=writing | attempt=19
2026-06-29 18:46:40 | RUN | model=deepseek-r1:8b | mode=writing | attempt=20
2026-06-29 18:47:07 | RUN | model=deepseek-r1:8b | mode=writing | attempt=21
2026-06-29 18:47:34 | RUN | model=deepseek-r1:8b | mode=writing | attempt=22
2026-06-29 18:48:01 | RUN | model=deepseek-r1:8b | mode=writing | attempt=23
2026-06-29 18:48:29 | RUN | model=deepseek-r1:8b | mode=writing | attempt=24
2026-06-29 18:48:56 | RUN | model=deepseek-r1:8b | mode=writing | attempt=25
2026-06-29 18:49:23 | RUN | model=deepseek-r1:8b | mode=writing | attempt=26
2026-06-29 18:49:50 | RUN | model=deepseek-r1:8b | mode=writing | attempt=27
2026-06-29 18:50:17 | RUN | model=deepseek-r1:8b | mode=writing | attempt=28
2026-06-29 18:50:45 | RUN | model=deepseek-r1:8b | mode=writing | attempt=29
2026-06-29 18:51:12 | RUN | model=deepseek-r1:8b | mode=writing | attempt=30
2026-06-29 18:51:39 | RUN | model=deepseek-r1:8b | mode=writing | attempt=31
2026-06-29 18:52:06 | RUN | model=deepseek-r1:8b | mode=writing | attempt=32
2026-06-29 18:52:34 | RUN | model=deepseek-r1:8b | mode=writing | attempt=33
2026-06-29 18:53:01 | RUN | model=deepseek-r1:8b | mode=writing | attempt=34
2026-06-29 18:53:28 | RUN | model=deepseek-r1:8b | mode=writing | attempt=35
2026-06-29 18:53:55 | RUN | model=deepseek-r1:8b | mode=writing | attempt=36
2026-06-29 18:54:23 | RUN | model=deepseek-r1:8b | mode=writing | attempt=37
2026-06-29 18:54:50 | RUN | model=deepseek-r1:8b | mode=writing | attempt=38
2026-06-29 18:55:17 | RUN | model=deepseek-r1:8b | mode=writing | attempt=39
2026-06-29 18:55:44 | RUN | model=deepseek-r1:8b | mode=writing | attempt=40
2026-06-29 18:56:11 | RUN | model=deepseek-r1:8b | mode=writing | attempt=41
2026-06-29 18:56:39 | RUN | model=deepseek-r1:8b | mode=writing | attempt=42
2026-06-29 18:57:06 | RUN | model=deepseek-r1:8b | mode=writing | attempt=43
2026-06-29 18:57:33 | RUN | model=deepseek-r1:8b | mode=writing | attempt=44
2026-06-29 18:58:00 | RUN | model=deepseek-r1:8b | mode=writing | attempt=45
2026-06-29 18:58:27 | RUN | model=deepseek-r1:8b | mode=writing | attempt=46
2026-06-29 18:58:55 | RUN | model=deepseek-r1:8b | mode=writing | attempt=47
2026-06-29 18:59:22 | RUN | model=deepseek-r1:8b | mode=writing | attempt=48
2026-06-29 18:59:49 | RUN | model=deepseek-r1:8b | mode=writing | attempt=49
2026-06-29 19:00:16 | RUN | model=deepseek-r1:8b | mode=writing | attempt=50
2026-06-29 19:00:43 | RUN | model=deepseek-r1:8b | mode=writing | attempt=51
2026-06-29 19:01:11 | RUN | model=deepseek-r1:8b | mode=writing | attempt=52
2026-06-29 19:01:38 | RUN | model=deepseek-r1:8b | mode=writing | attempt=53
2026-06-29 19:02:05 | RUN | model=deepseek-r1:8b | mode=writing | attempt=54
2026-06-29 19:02:32 | RUN | model=deepseek-r1:8b | mode=writing | attempt=55
2026-06-29 19:02:59 | RUN | model=deepseek-r1:8b | mode=writing | attempt=56
2026-06-29 19:03:27 | RUN | model=deepseek-r1:8b | mode=writing | attempt=57
2026-06-29 19:03:54 | RUN | model=deepseek-r1:8b | mode=writing | attempt=58
2026-06-29 19:04:21 | RUN | model=deepseek-r1:8b | mode=writing | attempt=59
2026-06-29 19:04:48 | RUN | model=deepseek-r1:8b | mode=writing | attempt=60
2026-06-29 19:05:15 | RUN | model=deepseek-r1:8b | mode=writing | attempt=61
2026-06-29 19:05:43 | RUN | model=deepseek-r1:8b | mode=writing | attempt=62
2026-06-29 19:06:10 | RUN | model=deepseek-r1:8b | mode=writing | attempt=63
2026-06-29 19:06:37 | RUN | model=deepseek-r1:8b | mode=writing | attempt=64
2026-06-29 19:07:04 | RUN | model=deepseek-r1:8b | mode=writing | attempt=65
2026-06-29 19:07:32 | RUN | model=deepseek-r1:8b | mode=writing | attempt=66
2026-06-29 19:07:59 | RUN | model=deepseek-r1:8b | mode=writing | attempt=67
2026-06-29 19:08:26 | RUN | model=deepseek-r1:8b | mode=writing | attempt=68
2026-06-29 19:08:53 | RUN | model=deepseek-r1:8b | mode=writing | attempt=69
2026-06-29 19:09:20 | RUN | model=deepseek-r1:8b | mode=writing | attempt=70
2026-06-29 19:09:48 | RUN | model=deepseek-r1:8b | mode=writing | attempt=71
2026-06-29 19:10:15 | RUN | model=deepseek-r1:8b | mode=writing | attempt=72
2026-06-29 19:10:42 | RUN | model=deepseek-r1:8b | mode=writing | attempt=73
2026-06-29 19:11:09 | RUN | model=deepseek-r1:8b | mode=writing | attempt=74
2026-06-29 19:11:36 | RUN | model=deepseek-r1:8b | mode=writing | attempt=75
2026-06-29 19:12:04 | RUN | model=deepseek-r1:8b | mode=writing | attempt=76
2026-06-29 19:12:31 | RUN | model=deepseek-r1:8b | mode=writing | attempt=77
2026-06-29 19:12:58 | RUN | model=deepseek-r1:8b | mode=writing | attempt=78
2026-06-29 19:13:25 | RUN | model=deepseek-r1:8b | mode=writing | attempt=79
2026-06-29 19:13:52 | RUN | model=deepseek-r1:8b | mode=writing | attempt=80
2026-06-29 19:14:20 | RUN | model=deepseek-r1:8b | mode=writing | attempt=81
2026-06-29 19:14:47 | RUN | model=deepseek-r1:8b | mode=writing | attempt=82
2026-06-29 19:15:14 | RUN | model=deepseek-r1:8b | mode=writing | attempt=83
2026-06-29 19:15:41 | RUN | model=deepseek-r1:8b | mode=writing | attempt=84
2026-06-29 19:16:08 | RUN | model=deepseek-r1:8b | mode=writing | attempt=85
2026-06-29 19:16:36 | RUN | model=deepseek-r1:8b | mode=writing | attempt=86
2026-06-29 19:17:03 | RUN | model=deepseek-r1:8b | mode=writing | attempt=87
2026-06-29 19:17:30 | RUN | model=deepseek-r1:8b | mode=writing | attempt=88
2026-06-29 19:17:57 | RUN | model=deepseek-r1:8b | mode=writing | attempt=89
2026-06-29 19:18:24 | RUN | model=deepseek-r1:8b | mode=writing | attempt=90
2026-06-29 19:18:52 | RUN | model=deepseek-r1:8b | mode=writing | attempt=91
2026-06-29 19:19:19 | RUN | model=deepseek-r1:8b | mode=writing | attempt=92
2026-06-29 19:19:46 | RUN | model=deepseek-r1:8b | mode=writing | attempt=93
2026-06-29 19:20:13 | RUN | model=deepseek-r1:8b | mode=writing | attempt=94
2026-06-29 19:20:41 | RUN | model=deepseek-r1:8b | mode=writing | attempt=95
2026-06-29 19:21:08 | RUN | model=deepseek-r1:8b | mode=writing | attempt=96
2026-06-29 19:21:35 | RUN | model=deepseek-r1:8b | mode=writing | attempt=97
2026-06-29 19:22:02 | RUN | model=deepseek-r1:8b | mode=writing | attempt=98
2026-06-29 19:22:29 | RUN | model=deepseek-r1:8b | mode=writing | attempt=99
2026-06-29 19:22:57 | RUN | model=deepseek-r1:8b | mode=writing | attempt=100
2026-06-29 19:23:20 | SUMMARY SAVED | model=deepseek-r1:8b | mode=writing
2026-06-29 19:23:20 | === BENCHMARK FINISHED ===
