2026-07-12 21:13:34 | === JUDGE RUN STARTED ===
2026-07-12 21:13:34 | Model: Qwen/Qwen3.6-27B
2026-07-12 21:13:34 | Loaded input records: 4858
2026-07-12 21:13:34 | Existing output records: 0
2026-07-12 21:13:34 | Loading tokenizer...
2026-07-12 21:13:36 | Loading model...
2026-07-12 21:13:48 | RUN | 1/4858 | grammar_conditionals_1_2_3__Bielik-4.5B-v3.0-Instruct-GGUF_Q8_0__attempt_007
2026-07-12 21:14:04 | RUN | 2/4858 | grammar_conditionals_1_2_3__Bielik-4.5B-v3.0-Instruct-GGUF_Q8_0__attempt_008
2026-07-12 21:14:20 | RUN | 3/4858 | grammar_conditionals_1_2_3__Bielik-4.5B-v3.0-Instruct-GGUF_Q8_0__attempt_009
2026-07-12 21:14:35 | RUN | 4/4858 | grammar_conditionals_1_2_3__Bielik-4.5B-v3.0-Instruct-GGUF_Q8_0__attempt_010
2026-07-12 21:14:52 | RUN | 5/4858 | grammar_conditionals_1_2_3__Bielik-4.5B-v3.0-Instruct-GGUF_Q8_0__attempt_011
2026-07-12 21:15:11 | RUN | 6/4858 | grammar_conditionals_1_2_3__Bielik-4.5B-v3.0-Instruct-GGUF_Q8_0__attempt_013
2026-07-12 21:15:30 | RUN | 7/4858 | grammar_conditionals_1_2_3__Bielik-4.5B-v3.0-Instruct-GGUF_Q8_0__attempt_015
2026-07-12 21:15:48 | RUN | 8/4858 | grammar_conditionals_1_2_3__Bielik-4.5B-v3.0-Instruct-GGUF_Q8_0__attempt_019
2026-07-12 21:16:07 | RUN | 9/4858 | grammar_conditionals_1_2_3__Bielik-4.5B-v3.0-Instruct-GGUF_Q8_0__attempt_020
2026-07-12 21:16:24 | RUN | 10/4858 | grammar_conditionals_1_2_3__Bielik-4.5B-v3.0-Instruct-GGUF_Q8_0__attempt_022
2026-07-12 21:16:39 | RUN | 11/4858 | grammar_conditionals_1_2_3__Bielik-4.5B-v3.0-Instruct-GGUF_Q8_0__attempt_023
2026-07-12 21:16:53 | RUN | 12/4858 | grammar_conditionals_1_2_3__Bielik-4.5B-v3.0-Instruct-GGUF_Q8_0__attempt_026
2026-07-12 21:17:13 | RUN | 13/4858 | grammar_conditionals_1_2_3__Bielik-4.5B-v3.0-Instruct-GGUF_Q8_0__attempt_027
2026-07-12 21:17:26 | RUN | 14/4858 | grammar_conditionals_1_2_3__Bielik-4.5B-v3.0-Instruct-GGUF_Q8_0__attempt_030
2026-07-12 21:17:43 | RUN | 15/4858 | grammar_conditionals_1_2_3__Bielik-4.5B-v3.0-Instruct-GGUF_Q8_0__attempt_033
2026-07-12 21:18:02 | RUN | 16/4858 | grammar_conditionals_1_2_3__Bielik-4.5B-v3.0-Instruct-GGUF_Q8_0__attempt_034
2026-07-12 21:18:20 | RUN | 17/4858 | grammar_conditionals_1_2_3__Bielik-4.5B-v3.0-Instruct-GGUF_Q8_0__attempt_037
2026-07-12 21:18:37 | RUN | 18/4858 | grammar_conditionals_1_2_3__Bielik-4.5B-v3.0-Instruct-GGUF_Q8_0__attempt_038
2026-07-12 21:18:59 | RUN | 19/4858 | grammar_conditionals_1_2_3__Bielik-4.5B-v3.0-Instruct-GGUF_Q8_0__attempt_039
2026-07-12 21:19:17 | RUN | 20/4858 | grammar_conditionals_1_2_3__Bielik-4.5B-v3.0-Instruct-GGUF_Q8_0__attempt_040
2026-07-12 21:19:34 | RUN | 21/4858 | grammar_conditionals_1_2_3__Bielik-4.5B-v3.0-Instruct-GGUF_Q8_0__attempt_042
2026-07-12 21:19:50 | RUN | 22/4858 | grammar_conditionals_1_2_3__Bielik-4.5B-v3.0-Instruct-GGUF_Q8_0__attempt_043
2026-07-12 21:20:06 | RUN | 23/4858 | grammar_conditionals_1_2_3__Bielik-4.5B-v3.0-Instruct-GGUF_Q8_0__attempt_044
2026-07-12 21:20:26 | RUN | 24/4858 | grammar_conditionals_1_2_3__Bielik-4.5B-v3.0-Instruct-GGUF_Q8_0__attempt_045
2026-07-12 21:20:44 | RUN | 25/4858 | grammar_conditionals_1_2_3__Bielik-4.5B-v3.0-Instruct-GGUF_Q8_0__attempt_046
2026-07-12 21:21:00 | RUN | 26/4858 | grammar_conditionals_1_2_3__Bielik-4.5B-v3.0-Instruct-GGUF_Q8_0__attempt_047
2026-07-12 21:21:16 | RUN | 27/4858 | grammar_conditionals_1_2_3__Bielik-4.5B-v3.0-Instruct-GGUF_Q8_0__attempt_048
2026-07-12 21:21:31 | RUN | 28/4858 | grammar_conditionals_1_2_3__Bielik-4.5B-v3.0-Instruct-GGUF_Q8_0__attempt_049
2026-07-12 21:21:50 | RUN | 29/4858 | grammar_conditionals_1_2_3__Bielik-4.5B-v3.0-Instruct-GGUF_Q8_0__attempt_051
2026-07-12 21:22:08 | RUN | 30/4858 | grammar_conditionals_1_2_3__Bielik-4.5B-v3.0-Instruct-GGUF_Q8_0__attempt_052
2026-07-12 21:22:25 | RUN | 31/4858 | grammar_conditionals_1_2_3__Bielik-4.5B-v3.0-Instruct-GGUF_Q8_0__attempt_053
2026-07-12 21:22:45 | RUN | 32/4858 | grammar_conditionals_1_2_3__Bielik-4.5B-v3.0-Instruct-GGUF_Q8_0__attempt_054
2026-07-12 21:23:01 | RUN | 33/4858 | grammar_conditionals_1_2_3__Bielik-4.5B-v3.0-Instruct-GGUF_Q8_0__attempt_055
2026-07-12 21:23:18 | RUN | 34/4858 | grammar_conditionals_1_2_3__Bielik-4.5B-v3.0-Instruct-GGUF_Q8_0__attempt_056
2026-07-12 21:23:34 | RUN | 35/4858 | grammar_conditionals_1_2_3__Bielik-4.5B-v3.0-Instruct-GGUF_Q8_0__attempt_060
2026-07-12 21:23:50 | RUN | 36/4858 | grammar_conditionals_1_2_3__Bielik-4.5B-v3.0-Instruct-GGUF_Q8_0__attempt_061
2026-07-12 21:24:07 | RUN | 37/4858 | grammar_conditionals_1_2_3__Bielik-4.5B-v3.0-Instruct-GGUF_Q8_0__attempt_065
2026-07-12 21:24:25 | RUN | 38/4858 | grammar_conditionals_1_2_3__Bielik-4.5B-v3.0-Instruct-GGUF_Q8_0__attempt_066
2026-07-12 21:24:42 | RUN | 39/4858 | grammar_conditionals_1_2_3__Bielik-4.5B-v3.0-Instruct-GGUF_Q8_0__attempt_067
2026-07-12 21:25:00 | RUN | 40/4858 | grammar_conditionals_1_2_3__Bielik-4.5B-v3.0-Instruct-GGUF_Q8_0__attempt_072
2026-07-12 21:25:20 | RUN | 41/4858 | grammar_conditionals_1_2_3__Bielik-4.5B-v3.0-Instruct-GGUF_Q8_0__attempt_073
2026-07-12 21:25:40 | RUN | 42/4858 | grammar_conditionals_1_2_3__Bielik-4.5B-v3.0-Instruct-GGUF_Q8_0__attempt_074
2026-07-12 21:25:56 | RUN | 43/4858 | grammar_conditionals_1_2_3__Bielik-4.5B-v3.0-Instruct-GGUF_Q8_0__attempt_075
2026-07-12 21:26:17 | RUN | 44/4858 | grammar_conditionals_1_2_3__Bielik-4.5B-v3.0-Instruct-GGUF_Q8_0__attempt_077
2026-07-12 21:26:36 | RUN | 45/4858 | grammar_conditionals_1_2_3__Bielik-4.5B-v3.0-Instruct-GGUF_Q8_0__attempt_078
2026-07-12 21:26:53 | RUN | 46/4858 | grammar_conditionals_1_2_3__Bielik-4.5B-v3.0-Instruct-GGUF_Q8_0__attempt_079
2026-07-12 21:27:12 | RUN | 47/4858 | grammar_conditionals_1_2_3__Bielik-4.5B-v3.0-Instruct-GGUF_Q8_0__attempt_080
2026-07-12 21:27:29 | RUN | 48/4858 | grammar_conditionals_1_2_3__Bielik-4.5B-v3.0-Instruct-GGUF_Q8_0__attempt_081
2026-07-12 21:27:49 | RUN | 49/4858 | grammar_conditionals_1_2_3__Bielik-4.5B-v3.0-Instruct-GGUF_Q8_0__attempt_083
2026-07-12 21:28:10 | RUN | 50/4858 | grammar_conditionals_1_2_3__Bielik-4.5B-v3.0-Instruct-GGUF_Q8_0__attempt_084
2026-07-12 21:28:27 | RUN | 51/4858 | grammar_conditionals_1_2_3__Bielik-4.5B-v3.0-Instruct-GGUF_Q8_0__attempt_085
2026-07-12 21:28:42 | RUN | 52/4858 | grammar_conditionals_1_2_3__Bielik-4.5B-v3.0-Instruct-GGUF_Q8_0__attempt_086
2026-07-12 21:28:59 | RUN | 53/4858 | grammar_conditionals_1_2_3__Bielik-4.5B-v3.0-Instruct-GGUF_Q8_0__attempt_088
2026-07-12 21:29:20 | RUN | 54/4858 | grammar_conditionals_1_2_3__Bielik-4.5B-v3.0-Instruct-GGUF_Q8_0__attempt_089
2026-07-12 21:29:38 | RUN | 55/4858 | grammar_conditionals_1_2_3__Bielik-4.5B-v3.0-Instruct-GGUF_Q8_0__attempt_090
2026-07-12 21:29:55 | RUN | 56/4858 | grammar_conditionals_1_2_3__Bielik-4.5B-v3.0-Instruct-GGUF_Q8_0__attempt_092
2026-07-12 21:30:16 | RUN | 57/4858 | grammar_conditionals_1_2_3__Bielik-4.5B-v3.0-Instruct-GGUF_Q8_0__attempt_093
2026-07-12 21:30:34 | RUN | 58/4858 | grammar_conditionals_1_2_3__Bielik-4.5B-v3.0-Instruct-GGUF_Q8_0__attempt_096
2026-07-12 21:30:50 | RUN | 59/4858 | grammar_conditionals_1_2_3__Bielik-4.5B-v3.0-Instruct-GGUF_Q8_0__attempt_098
2026-07-12 21:31:06 | RUN | 60/4858 | grammar_conditionals_1_2_3__Bielik-4.5B-v3.0-Instruct-GGUF_Q8_0__attempt_099
2026-07-12 21:31:23 | RUN | 61/4858 | grammar_conditionals_1_2_3__Bielik-4.5B-v3.0-Instruct-GGUF_Q8_0__attempt_100
2026-07-12 21:31:43 | RUN | 62/4858 | grammar_conditionals_1_2_3__deepseek-r1_8b__attempt_001
2026-07-12 21:32:00 | RUN | 63/4858 | grammar_conditionals_1_2_3__deepseek-r1_8b__attempt_002
2026-07-12 21:32:17 | RUN | 64/4858 | grammar_conditionals_1_2_3__deepseek-r1_8b__attempt_003
2026-07-12 21:32:33 | RUN | 65/4858 | grammar_conditionals_1_2_3__deepseek-r1_8b__attempt_004
2026-07-12 21:32:51 | RUN | 66/4858 | grammar_conditionals_1_2_3__deepseek-r1_8b__attempt_005
2026-07-12 21:33:08 | RUN | 67/4858 | grammar_conditionals_1_2_3__deepseek-r1_8b__attempt_006
2026-07-12 21:33:27 | RUN | 68/4858 | grammar_conditionals_1_2_3__deepseek-r1_8b__attempt_008
2026-07-12 21:33:41 | RUN | 69/4858 | grammar_conditionals_1_2_3__deepseek-r1_8b__attempt_009
2026-07-12 21:34:00 | RUN | 70/4858 | grammar_conditionals_1_2_3__deepseek-r1_8b__attempt_015
2026-07-12 21:34:19 | RUN | 71/4858 | grammar_conditionals_1_2_3__deepseek-r1_8b__attempt_021
2026-07-12 21:34:36 | RUN | 72/4858 | grammar_conditionals_1_2_3__deepseek-r1_8b__attempt_023
2026-07-12 21:34:51 | RUN | 73/4858 | grammar_conditionals_1_2_3__deepseek-r1_8b__attempt_024
2026-07-12 21:35:09 | RUN | 74/4858 | grammar_conditionals_1_2_3__deepseek-r1_8b__attempt_026
2026-07-12 21:35:26 | RUN | 75/4858 | grammar_conditionals_1_2_3__deepseek-r1_8b__attempt_028
2026-07-12 21:35:41 | RUN | 76/4858 | grammar_conditionals_1_2_3__deepseek-r1_8b__attempt_029
2026-07-12 21:35:56 | RUN | 77/4858 | grammar_conditionals_1_2_3__deepseek-r1_8b__attempt_034
2026-07-12 21:36:10 | RUN | 78/4858 | grammar_conditionals_1_2_3__deepseek-r1_8b__attempt_036
2026-07-12 21:36:28 | RUN | 79/4858 | grammar_conditionals_1_2_3__deepseek-r1_8b__attempt_038
2026-07-12 21:36:46 | RUN | 80/4858 | grammar_conditionals_1_2_3__deepseek-r1_8b__attempt_041
2026-07-12 21:36:58 | RUN | 81/4858 | grammar_conditionals_1_2_3__deepseek-r1_8b__attempt_045
2026-07-12 21:37:16 | RUN | 82/4858 | grammar_conditionals_1_2_3__deepseek-r1_8b__attempt_047
2026-07-12 21:37:35 | RUN | 83/4858 | grammar_conditionals_1_2_3__deepseek-r1_8b__attempt_050
2026-07-12 21:37:53 | RUN | 84/4858 | grammar_conditionals_1_2_3__deepseek-r1_8b__attempt_056
2026-07-12 21:38:10 | RUN | 85/4858 | grammar_conditionals_1_2_3__deepseek-r1_8b__attempt_057
2026-07-12 21:38:26 | RUN | 86/4858 | grammar_conditionals_1_2_3__deepseek-r1_8b__attempt_060
2026-07-12 21:38:44 | RUN | 87/4858 | grammar_conditionals_1_2_3__deepseek-r1_8b__attempt_067
2026-07-12 21:39:01 | RUN | 88/4858 | grammar_conditionals_1_2_3__deepseek-r1_8b__attempt_068
2026-07-12 21:39:17 | RUN | 89/4858 | grammar_conditionals_1_2_3__deepseek-r1_8b__attempt_069
2026-07-12 21:39:33 | RUN | 90/4858 | grammar_conditionals_1_2_3__deepseek-r1_8b__attempt_070
2026-07-12 21:39:50 | RUN | 91/4858 | grammar_conditionals_1_2_3__deepseek-r1_8b__attempt_071
2026-07-12 21:40:09 | RUN | 92/4858 | grammar_conditionals_1_2_3__deepseek-r1_8b__attempt_074
2026-07-12 21:40:24 | RUN | 93/4858 | grammar_conditionals_1_2_3__deepseek-r1_8b__attempt_081
2026-07-12 21:40:42 | RUN | 94/4858 | grammar_conditionals_1_2_3__deepseek-r1_8b__attempt_082
2026-07-12 21:40:58 | RUN | 95/4858 | grammar_conditionals_1_2_3__deepseek-r1_8b__attempt_083
2026-07-12 21:41:17 | RUN | 96/4858 | grammar_conditionals_1_2_3__deepseek-r1_8b__attempt_087
2026-07-12 21:41:33 | RUN | 97/4858 | grammar_conditionals_1_2_3__deepseek-r1_8b__attempt_088
2026-07-12 21:41:51 | RUN | 98/4858 | grammar_conditionals_1_2_3__deepseek-r1_8b__attempt_091
2026-07-12 21:42:11 | RUN | 99/4858 | grammar_conditionals_1_2_3__deepseek-r1_8b__attempt_097
2026-07-12 21:42:28 | RUN | 100/4858 | grammar_conditionals_1_2_3__deepseek-r1_8b__attempt_100
2026-07-12 21:42:44 | RUN | 101/4858 | grammar_conditionals_1_2_3__llama3.1_8b__attempt_001
2026-07-12 21:43:00 | RUN | 102/4858 | grammar_conditionals_1_2_3__llama3.1_8b__attempt_002
2026-07-12 21:43:16 | RUN | 103/4858 | grammar_conditionals_1_2_3__llama3.1_8b__attempt_003
2026-07-12 21:43:32 | RUN | 104/4858 | grammar_conditionals_1_2_3__llama3.1_8b__attempt_004
2026-07-12 21:43:49 | RUN | 105/4858 | grammar_conditionals_1_2_3__llama3.1_8b__attempt_005
2026-07-12 21:44:04 | RUN | 106/4858 | grammar_conditionals_1_2_3__llama3.1_8b__attempt_006
2026-07-12 21:44:20 | RUN | 107/4858 | grammar_conditionals_1_2_3__llama3.1_8b__attempt_007
2026-07-12 21:44:37 | RUN | 108/4858 | grammar_conditionals_1_2_3__llama3.1_8b__attempt_008
2026-07-12 21:44:56 | RUN | 109/4858 | grammar_conditionals_1_2_3__llama3.1_8b__attempt_009
2026-07-12 21:45:13 | RUN | 110/4858 | grammar_conditionals_1_2_3__llama3.1_8b__attempt_010
2026-07-12 21:45:31 | RUN | 111/4858 | grammar_conditionals_1_2_3__llama3.1_8b__attempt_011
2026-07-12 21:45:51 | RUN | 112/4858 | grammar_conditionals_1_2_3__llama3.1_8b__attempt_012
2026-07-12 21:46:08 | RUN | 113/4858 | grammar_conditionals_1_2_3__llama3.1_8b__attempt_013
2026-07-12 21:46:26 | RUN | 114/4858 | grammar_conditionals_1_2_3__llama3.1_8b__attempt_014
2026-07-12 21:46:43 | RUN | 115/4858 | grammar_conditionals_1_2_3__llama3.1_8b__attempt_016
2026-07-12 21:47:00 | RUN | 116/4858 | grammar_conditionals_1_2_3__llama3.1_8b__attempt_017
2026-07-12 21:47:18 | RUN | 117/4858 | grammar_conditionals_1_2_3__llama3.1_8b__attempt_019
2026-07-12 21:47:36 | RUN | 118/4858 | grammar_conditionals_1_2_3__llama3.1_8b__attempt_020
2026-07-12 21:47:51 | RUN | 119/4858 | grammar_conditionals_1_2_3__llama3.1_8b__attempt_021
2026-07-12 21:48:11 | RUN | 120/4858 | grammar_conditionals_1_2_3__llama3.1_8b__attempt_022
2026-07-12 21:48:29 | RUN | 121/4858 | grammar_conditionals_1_2_3__llama3.1_8b__attempt_023
2026-07-12 21:48:46 | RUN | 122/4858 | grammar_conditionals_1_2_3__llama3.1_8b__attempt_024
2026-07-12 21:49:04 | RUN | 123/4858 | grammar_conditionals_1_2_3__llama3.1_8b__attempt_025
2026-07-12 21:49:20 | RUN | 124/4858 | grammar_conditionals_1_2_3__llama3.1_8b__attempt_026
2026-07-12 21:49:38 | RUN | 125/4858 | grammar_conditionals_1_2_3__llama3.1_8b__attempt_027
2026-07-12 21:49:54 | RUN | 126/4858 | grammar_conditionals_1_2_3__llama3.1_8b__attempt_028
2026-07-12 21:50:11 | RUN | 127/4858 | grammar_conditionals_1_2_3__llama3.1_8b__attempt_029
2026-07-12 21:50:28 | RUN | 128/4858 | grammar_conditionals_1_2_3__llama3.1_8b__attempt_030
2026-07-12 21:50:44 | RUN | 129/4858 | grammar_conditionals_1_2_3__llama3.1_8b__attempt_031
2026-07-12 21:51:01 | RUN | 130/4858 | grammar_conditionals_1_2_3__llama3.1_8b__attempt_032
2026-07-12 21:51:20 | RUN | 131/4858 | grammar_conditionals_1_2_3__llama3.1_8b__attempt_033
2026-07-12 21:51:37 | RUN | 132/4858 | grammar_conditionals_1_2_3__llama3.1_8b__attempt_034
2026-07-12 21:51:52 | RUN | 133/4858 | grammar_conditionals_1_2_3__llama3.1_8b__attempt_035
2026-07-12 21:52:11 | RUN | 134/4858 | grammar_conditionals_1_2_3__llama3.1_8b__attempt_036
2026-07-12 21:52:27 | RUN | 135/4858 | grammar_conditionals_1_2_3__llama3.1_8b__attempt_037
2026-07-12 21:52:44 | RUN | 136/4858 | grammar_conditionals_1_2_3__llama3.1_8b__attempt_038
2026-07-12 21:53:01 | RUN | 137/4858 | grammar_conditionals_1_2_3__llama3.1_8b__attempt_039
2026-07-12 21:53:21 | RUN | 138/4858 | grammar_conditionals_1_2_3__llama3.1_8b__attempt_040
2026-07-12 21:53:39 | RUN | 139/4858 | grammar_conditionals_1_2_3__llama3.1_8b__attempt_041
2026-07-12 21:53:55 | RUN | 140/4858 | grammar_conditionals_1_2_3__llama3.1_8b__attempt_042
2026-07-12 21:54:14 | RUN | 141/4858 | grammar_conditionals_1_2_3__llama3.1_8b__attempt_043
2026-07-12 21:54:31 | RUN | 142/4858 | grammar_conditionals_1_2_3__llama3.1_8b__attempt_044
2026-07-12 21:54:46 | RUN | 143/4858 | grammar_conditionals_1_2_3__llama3.1_8b__attempt_045
2026-07-12 21:55:02 | RUN | 144/4858 | grammar_conditionals_1_2_3__llama3.1_8b__attempt_046
2026-07-12 21:55:22 | RUN | 145/4858 | grammar_conditionals_1_2_3__llama3.1_8b__attempt_047
2026-07-12 21:55:42 | RUN | 146/4858 | grammar_conditionals_1_2_3__llama3.1_8b__attempt_048
2026-07-12 21:56:00 | RUN | 147/4858 | grammar_conditionals_1_2_3__llama3.1_8b__attempt_049
2026-07-12 21:56:15 | RUN | 148/4858 | grammar_conditionals_1_2_3__llama3.1_8b__attempt_050
2026-07-12 21:56:32 | RUN | 149/4858 | grammar_conditionals_1_2_3__llama3.1_8b__attempt_051
2026-07-12 21:56:52 | RUN | 150/4858 | grammar_conditionals_1_2_3__llama3.1_8b__attempt_052
2026-07-12 21:57:07 | RUN | 151/4858 | grammar_conditionals_1_2_3__llama3.1_8b__attempt_053
2026-07-12 21:57:25 | RUN | 152/4858 | grammar_conditionals_1_2_3__llama3.1_8b__attempt_054
2026-07-12 21:57:44 | RUN | 153/4858 | grammar_conditionals_1_2_3__llama3.1_8b__attempt_055
2026-07-12 21:58:02 | RUN | 154/4858 | grammar_conditionals_1_2_3__llama3.1_8b__attempt_057
2026-07-12 21:58:18 | RUN | 155/4858 | grammar_conditionals_1_2_3__llama3.1_8b__attempt_058
2026-07-12 21:58:35 | RUN | 156/4858 | grammar_conditionals_1_2_3__llama3.1_8b__attempt_059
2026-07-12 21:58:49 | RUN | 157/4858 | grammar_conditionals_1_2_3__llama3.1_8b__attempt_060
2026-07-12 21:59:08 | RUN | 158/4858 | grammar_conditionals_1_2_3__llama3.1_8b__attempt_061
2026-07-12 21:59:27 | RUN | 159/4858 | grammar_conditionals_1_2_3__llama3.1_8b__attempt_062
2026-07-12 21:59:42 | RUN | 160/4858 | grammar_conditionals_1_2_3__llama3.1_8b__attempt_063
2026-07-12 21:59:58 | RUN | 161/4858 | grammar_conditionals_1_2_3__llama3.1_8b__attempt_064
2026-07-12 22:00:16 | RUN | 162/4858 | grammar_conditionals_1_2_3__llama3.1_8b__attempt_065
2026-07-12 22:00:36 | RUN | 163/4858 | grammar_conditionals_1_2_3__llama3.1_8b__attempt_066
2026-07-12 22:00:53 | RUN | 164/4858 | grammar_conditionals_1_2_3__llama3.1_8b__attempt_067
2026-07-12 22:01:10 | RUN | 165/4858 | grammar_conditionals_1_2_3__llama3.1_8b__attempt_068
2026-07-12 22:01:25 | RUN | 166/4858 | grammar_conditionals_1_2_3__llama3.1_8b__attempt_069
2026-07-12 22:01:44 | RUN | 167/4858 | grammar_conditionals_1_2_3__llama3.1_8b__attempt_070
2026-07-12 22:01:58 | RUN | 168/4858 | grammar_conditionals_1_2_3__llama3.1_8b__attempt_071
2026-07-12 22:02:20 | RUN | 169/4858 | grammar_conditionals_1_2_3__llama3.1_8b__attempt_072
2026-07-12 22:02:36 | RUN | 170/4858 | grammar_conditionals_1_2_3__llama3.1_8b__attempt_073
2026-07-12 22:02:56 | RUN | 171/4858 | grammar_conditionals_1_2_3__llama3.1_8b__attempt_074
2026-07-12 22:03:13 | RUN | 172/4858 | grammar_conditionals_1_2_3__llama3.1_8b__attempt_075
2026-07-12 22:03:28 | RUN | 173/4858 | grammar_conditionals_1_2_3__llama3.1_8b__attempt_076
2026-07-12 22:03:46 | RUN | 174/4858 | grammar_conditionals_1_2_3__llama3.1_8b__attempt_077
2026-07-12 22:04:02 | RUN | 175/4858 | grammar_conditionals_1_2_3__llama3.1_8b__attempt_078
2026-07-12 22:04:21 | RUN | 176/4858 | grammar_conditionals_1_2_3__llama3.1_8b__attempt_079
2026-07-12 22:04:40 | RUN | 177/4858 | grammar_conditionals_1_2_3__llama3.1_8b__attempt_080
2026-07-12 22:04:59 | RUN | 178/4858 | grammar_conditionals_1_2_3__llama3.1_8b__attempt_081
2026-07-12 22:05:18 | RUN | 179/4858 | grammar_conditionals_1_2_3__llama3.1_8b__attempt_082
2026-07-12 22:05:37 | RUN | 180/4858 | grammar_conditionals_1_2_3__llama3.1_8b__attempt_083
2026-07-12 22:05:57 | RUN | 181/4858 | grammar_conditionals_1_2_3__llama3.1_8b__attempt_084
2026-07-12 22:06:14 | RUN | 182/4858 | grammar_conditionals_1_2_3__llama3.1_8b__attempt_085
2026-07-12 22:06:33 | RUN | 183/4858 | grammar_conditionals_1_2_3__llama3.1_8b__attempt_086
2026-07-12 22:06:55 | RUN | 184/4858 | grammar_conditionals_1_2_3__llama3.1_8b__attempt_087
2026-07-12 22:07:14 | RUN | 185/4858 | grammar_conditionals_1_2_3__llama3.1_8b__attempt_088
2026-07-12 22:07:34 | RUN | 186/4858 | grammar_conditionals_1_2_3__llama3.1_8b__attempt_089
2026-07-12 22:07:53 | RUN | 187/4858 | grammar_conditionals_1_2_3__llama3.1_8b__attempt_090
2026-07-12 22:08:12 | RUN | 188/4858 | grammar_conditionals_1_2_3__llama3.1_8b__attempt_091
2026-07-12 22:08:30 | RUN | 189/4858 | grammar_conditionals_1_2_3__llama3.1_8b__attempt_092
2026-07-12 22:08:45 | RUN | 190/4858 | grammar_conditionals_1_2_3__llama3.1_8b__attempt_093
2026-07-12 22:09:03 | RUN | 191/4858 | grammar_conditionals_1_2_3__llama3.1_8b__attempt_094
2026-07-12 22:09:21 | RUN | 192/4858 | grammar_conditionals_1_2_3__llama3.1_8b__attempt_095
2026-07-12 22:09:37 | RUN | 193/4858 | grammar_conditionals_1_2_3__llama3.1_8b__attempt_096
2026-07-12 22:09:54 | RUN | 194/4858 | grammar_conditionals_1_2_3__llama3.1_8b__attempt_097
2026-07-12 22:10:13 | RUN | 195/4858 | grammar_conditionals_1_2_3__llama3.1_8b__attempt_099
2026-07-12 22:10:29 | RUN | 196/4858 | grammar_conditionals_1_2_3__ministral-3_3b__attempt_002
2026-07-12 22:10:47 | RUN | 197/4858 | grammar_conditionals_1_2_3__ministral-3_3b__attempt_007
2026-07-12 22:11:03 | RUN | 198/4858 | grammar_conditionals_1_2_3__ministral-3_3b__attempt_012
2026-07-12 22:11:22 | RUN | 199/4858 | grammar_conditionals_1_2_3__ministral-3_3b__attempt_015
2026-07-12 22:11:38 | RUN | 200/4858 | grammar_conditionals_1_2_3__ministral-3_3b__attempt_017
2026-07-12 22:11:58 | RUN | 201/4858 | grammar_conditionals_1_2_3__ministral-3_3b__attempt_019
2026-07-12 22:12:15 | RUN | 202/4858 | grammar_conditionals_1_2_3__ministral-3_3b__attempt_020
2026-07-12 22:12:35 | RUN | 203/4858 | grammar_conditionals_1_2_3__ministral-3_3b__attempt_021
2026-07-12 22:12:52 | RUN | 204/4858 | grammar_conditionals_1_2_3__ministral-3_3b__attempt_022
2026-07-12 22:13:08 | RUN | 205/4858 | grammar_conditionals_1_2_3__ministral-3_3b__attempt_027
2026-07-12 22:13:25 | RUN | 206/4858 | grammar_conditionals_1_2_3__ministral-3_3b__attempt_028
2026-07-12 22:13:40 | RUN | 207/4858 | grammar_conditionals_1_2_3__ministral-3_3b__attempt_031
2026-07-12 22:14:00 | RUN | 208/4858 | grammar_conditionals_1_2_3__ministral-3_3b__attempt_033
2026-07-12 22:14:16 | RUN | 209/4858 | grammar_conditionals_1_2_3__ministral-3_3b__attempt_034
2026-07-12 22:14:34 | RUN | 210/4858 | grammar_conditionals_1_2_3__ministral-3_3b__attempt_037
2026-07-12 22:14:52 | RUN | 211/4858 | grammar_conditionals_1_2_3__ministral-3_3b__attempt_041
2026-07-12 22:15:09 | RUN | 212/4858 | grammar_conditionals_1_2_3__ministral-3_3b__attempt_042
2026-07-12 22:15:26 | RUN | 213/4858 | grammar_conditionals_1_2_3__ministral-3_3b__attempt_045
2026-07-12 22:15:46 | RUN | 214/4858 | grammar_conditionals_1_2_3__ministral-3_3b__attempt_047
2026-07-12 22:16:05 | RUN | 215/4858 | grammar_conditionals_1_2_3__ministral-3_3b__attempt_049
2026-07-12 22:16:24 | RUN | 216/4858 | grammar_conditionals_1_2_3__ministral-3_3b__attempt_054
2026-07-12 22:16:40 | RUN | 217/4858 | grammar_conditionals_1_2_3__ministral-3_3b__attempt_055
2026-07-12 22:16:57 | RUN | 218/4858 | grammar_conditionals_1_2_3__ministral-3_3b__attempt_056
2026-07-12 22:17:16 | RUN | 219/4858 | grammar_conditionals_1_2_3__ministral-3_3b__attempt_057
2026-07-12 22:17:39 | RUN | 220/4858 | grammar_conditionals_1_2_3__ministral-3_3b__attempt_058
2026-07-12 22:17:54 | RUN | 221/4858 | grammar_conditionals_1_2_3__ministral-3_3b__attempt_061
2026-07-12 22:18:13 | RUN | 222/4858 | grammar_conditionals_1_2_3__ministral-3_3b__attempt_065
2026-07-12 22:18:31 | RUN | 223/4858 | grammar_conditionals_1_2_3__ministral-3_3b__attempt_066
2026-07-12 22:18:52 | RUN | 224/4858 | grammar_conditionals_1_2_3__ministral-3_3b__attempt_069
2026-07-12 22:19:13 | RUN | 225/4858 | grammar_conditionals_1_2_3__ministral-3_3b__attempt_070
2026-07-12 22:19:36 | RUN | 226/4858 | grammar_conditionals_1_2_3__ministral-3_3b__attempt_072
2026-07-12 22:19:54 | RUN | 227/4858 | grammar_conditionals_1_2_3__ministral-3_3b__attempt_073
2026-07-12 22:20:13 | RUN | 228/4858 | grammar_conditionals_1_2_3__ministral-3_3b__attempt_074
2026-07-12 22:20:27 | RUN | 229/4858 | grammar_conditionals_1_2_3__ministral-3_3b__attempt_077
2026-07-12 22:20:50 | RUN | 230/4858 | grammar_conditionals_1_2_3__ministral-3_3b__attempt_078
2026-07-12 22:21:10 | RUN | 231/4858 | grammar_conditionals_1_2_3__ministral-3_3b__attempt_083
2026-07-12 22:21:28 | RUN | 232/4858 | grammar_conditionals_1_2_3__ministral-3_3b__attempt_084
2026-07-12 22:21:45 | RUN | 233/4858 | grammar_conditionals_1_2_3__ministral-3_3b__attempt_085
2026-07-12 22:22:32 | RUN | 234/4858 | grammar_conditionals_1_2_3__ministral-3_3b__attempt_086
2026-07-12 22:22:50 | RUN | 235/4858 | grammar_conditionals_1_2_3__ministral-3_3b__attempt_087
2026-07-12 22:23:05 | RUN | 236/4858 | grammar_conditionals_1_2_3__ministral-3_3b__attempt_090
2026-07-12 22:23:24 | RUN | 237/4858 | grammar_conditionals_1_2_3__ministral-3_3b__attempt_092
2026-07-12 22:23:42 | RUN | 238/4858 | grammar_conditionals_1_2_3__ministral-3_3b__attempt_094
2026-07-12 22:24:03 | RUN | 239/4858 | grammar_conditionals_1_2_3__ministral-3_3b__attempt_097
2026-07-12 22:24:22 | RUN | 240/4858 | grammar_conditionals_1_2_3__ministral-3_3b__attempt_098
2026-07-12 22:24:39 | RUN | 241/4858 | grammar_conditionals_1_2_3__qwen3.5_4b__attempt_002
2026-07-12 22:24:56 | RUN | 242/4858 | grammar_conditionals_1_2_3__qwen3.5_4b__attempt_005
2026-07-12 22:25:21 | RUN | 243/4858 | grammar_conditionals_1_2_3__qwen3.5_4b__attempt_006
2026-07-12 22:25:39 | RUN | 244/4858 | grammar_conditionals_1_2_3__qwen3.5_4b__attempt_007
2026-07-12 22:25:55 | RUN | 245/4858 | grammar_conditionals_1_2_3__qwen3.5_4b__attempt_009
2026-07-12 22:26:09 | RUN | 246/4858 | grammar_conditionals_1_2_3__qwen3.5_4b__attempt_010
2026-07-12 22:26:20 | RUN | 247/4858 | grammar_conditionals_1_2_3__qwen3.5_4b__attempt_011
2026-07-12 22:26:39 | RUN | 248/4858 | grammar_conditionals_1_2_3__qwen3.5_4b__attempt_012
2026-07-12 22:26:57 | RUN | 249/4858 | grammar_conditionals_1_2_3__qwen3.5_4b__attempt_013
2026-07-12 22:27:07 | RUN | 250/4858 | grammar_conditionals_1_2_3__qwen3.5_4b__attempt_015
2026-07-12 22:27:28 | RUN | 251/4858 | grammar_conditionals_1_2_3__qwen3.5_4b__attempt_016
2026-07-12 22:27:48 | RUN | 252/4858 | grammar_conditionals_1_2_3__qwen3.5_4b__attempt_017
2026-07-12 22:28:07 | RUN | 253/4858 | grammar_conditionals_1_2_3__qwen3.5_4b__attempt_018
2026-07-12 22:28:25 | RUN | 254/4858 | grammar_conditionals_1_2_3__qwen3.5_4b__attempt_019
2026-07-12 22:28:43 | RUN | 255/4858 | grammar_conditionals_1_2_3__qwen3.5_4b__attempt_020
2026-07-12 22:28:59 | RUN | 256/4858 | grammar_conditionals_1_2_3__qwen3.5_4b__attempt_021
2026-07-12 22:29:16 | RUN | 257/4858 | grammar_conditionals_1_2_3__qwen3.5_4b__attempt_023
2026-07-12 22:29:39 | RUN | 258/4858 | grammar_conditionals_1_2_3__qwen3.5_4b__attempt_024
2026-07-12 22:30:00 | RUN | 259/4858 | grammar_conditionals_1_2_3__qwen3.5_4b__attempt_025
2026-07-12 22:30:11 | RUN | 260/4858 | grammar_conditionals_1_2_3__qwen3.5_4b__attempt_027
2026-07-12 22:30:33 | RUN | 261/4858 | grammar_conditionals_1_2_3__qwen3.5_4b__attempt_029
2026-07-12 22:30:51 | RUN | 262/4858 | grammar_conditionals_1_2_3__qwen3.5_4b__attempt_031
2026-07-12 22:31:09 | RUN | 263/4858 | grammar_conditionals_1_2_3__qwen3.5_4b__attempt_032
2026-07-12 22:31:24 | RUN | 264/4858 | grammar_conditionals_1_2_3__qwen3.5_4b__attempt_034
2026-07-12 22:31:42 | RUN | 265/4858 | grammar_conditionals_1_2_3__qwen3.5_4b__attempt_035
2026-07-12 22:32:00 | RUN | 266/4858 | grammar_conditionals_1_2_3__qwen3.5_4b__attempt_036
2026-07-12 22:32:18 | RUN | 267/4858 | grammar_conditionals_1_2_3__qwen3.5_4b__attempt_037
2026-07-12 22:32:35 | RUN | 268/4858 | grammar_conditionals_1_2_3__qwen3.5_4b__attempt_038
2026-07-12 22:32:45 | RUN | 269/4858 | grammar_conditionals_1_2_3__qwen3.5_4b__attempt_039
2026-07-12 22:33:07 | RUN | 270/4858 | grammar_conditionals_1_2_3__qwen3.5_4b__attempt_040
2026-07-12 22:33:32 | RUN | 271/4858 | grammar_conditionals_1_2_3__qwen3.5_4b__attempt_041
2026-07-12 22:33:41 | RUN | 272/4858 | grammar_conditionals_1_2_3__qwen3.5_4b__attempt_042
2026-07-12 22:33:51 | RUN | 273/4858 | grammar_conditionals_1_2_3__qwen3.5_4b__attempt_043
2026-07-12 22:34:07 | RUN | 274/4858 | grammar_conditionals_1_2_3__qwen3.5_4b__attempt_044
2026-07-12 22:34:23 | RUN | 275/4858 | grammar_conditionals_1_2_3__qwen3.5_4b__attempt_045
2026-07-12 22:34:45 | RUN | 276/4858 | grammar_conditionals_1_2_3__qwen3.5_4b__attempt_046
2026-07-12 22:35:04 | RUN | 277/4858 | grammar_conditionals_1_2_3__qwen3.5_4b__attempt_047
2026-07-12 22:35:21 | RUN | 278/4858 | grammar_conditionals_1_2_3__qwen3.5_4b__attempt_048
2026-07-12 22:35:39 | RUN | 279/4858 | grammar_conditionals_1_2_3__qwen3.5_4b__attempt_051
2026-07-12 22:35:49 | RUN | 280/4858 | grammar_conditionals_1_2_3__qwen3.5_4b__attempt_052
2026-07-12 22:36:06 | RUN | 281/4858 | grammar_conditionals_1_2_3__qwen3.5_4b__attempt_053
2026-07-12 22:36:22 | RUN | 282/4858 | grammar_conditionals_1_2_3__qwen3.5_4b__attempt_054
2026-07-12 22:36:40 | RUN | 283/4858 | grammar_conditionals_1_2_3__qwen3.5_4b__attempt_055
2026-07-12 22:36:56 | RUN | 284/4858 | grammar_conditionals_1_2_3__qwen3.5_4b__attempt_056
2026-07-12 22:37:11 | RUN | 285/4858 | grammar_conditionals_1_2_3__qwen3.5_4b__attempt_057
2026-07-12 22:37:27 | RUN | 286/4858 | grammar_conditionals_1_2_3__qwen3.5_4b__attempt_058
2026-07-12 22:37:44 | RUN | 287/4858 | grammar_conditionals_1_2_3__qwen3.5_4b__attempt_061
2026-07-12 22:38:05 | RUN | 288/4858 | grammar_conditionals_1_2_3__qwen3.5_4b__attempt_063
2026-07-12 22:38:22 | RUN | 289/4858 | grammar_conditionals_1_2_3__qwen3.5_4b__attempt_064
2026-07-12 22:38:39 | RUN | 290/4858 | grammar_conditionals_1_2_3__qwen3.5_4b__attempt_066
2026-07-12 22:38:59 | RUN | 291/4858 | grammar_conditionals_1_2_3__qwen3.5_4b__attempt_067
2026-07-12 22:39:19 | RUN | 292/4858 | grammar_conditionals_1_2_3__qwen3.5_4b__attempt_068
2026-07-12 22:39:41 | RUN | 293/4858 | grammar_conditionals_1_2_3__qwen3.5_4b__attempt_069
2026-07-12 22:40:05 | RUN | 294/4858 | grammar_conditionals_1_2_3__qwen3.5_4b__attempt_071
2026-07-12 22:40:22 | RUN | 295/4858 | grammar_conditionals_1_2_3__qwen3.5_4b__attempt_072
2026-07-12 22:40:43 | RUN | 296/4858 | grammar_conditionals_1_2_3__qwen3.5_4b__attempt_073
2026-07-12 22:40:58 | RUN | 297/4858 | grammar_conditionals_1_2_3__qwen3.5_4b__attempt_075
2026-07-12 22:41:15 | RUN | 298/4858 | grammar_conditionals_1_2_3__qwen3.5_4b__attempt_076
2026-07-12 22:41:34 | RUN | 299/4858 | grammar_conditionals_1_2_3__qwen3.5_4b__attempt_077
2026-07-12 22:41:51 | RUN | 300/4858 | grammar_conditionals_1_2_3__qwen3.5_4b__attempt_080
2026-07-12 22:42:06 | RUN | 301/4858 | grammar_conditionals_1_2_3__qwen3.5_4b__attempt_081
2026-07-12 22:42:29 | RUN | 302/4858 | grammar_conditionals_1_2_3__qwen3.5_4b__attempt_082
2026-07-12 22:42:44 | RUN | 303/4858 | grammar_conditionals_1_2_3__qwen3.5_4b__attempt_085
2026-07-12 22:43:03 | RUN | 304/4858 | grammar_conditionals_1_2_3__qwen3.5_4b__attempt_086
2026-07-12 22:43:20 | RUN | 305/4858 | grammar_conditionals_1_2_3__qwen3.5_4b__attempt_087
2026-07-12 22:43:37 | RUN | 306/4858 | grammar_conditionals_1_2_3__qwen3.5_4b__attempt_088
2026-07-12 22:43:54 | RUN | 307/4858 | grammar_conditionals_1_2_3__qwen3.5_4b__attempt_089
2026-07-12 22:44:15 | RUN | 308/4858 | grammar_conditionals_1_2_3__qwen3.5_4b__attempt_090
2026-07-12 22:44:32 | RUN | 309/4858 | grammar_conditionals_1_2_3__qwen3.5_4b__attempt_091
2026-07-12 22:44:45 | RUN | 310/4858 | grammar_conditionals_1_2_3__qwen3.5_4b__attempt_092
2026-07-12 22:45:07 | RUN | 311/4858 | grammar_conditionals_1_2_3__qwen3.5_4b__attempt_093
2026-07-12 22:45:26 | RUN | 312/4858 | grammar_conditionals_1_2_3__qwen3.5_4b__attempt_094
2026-07-12 22:45:36 | RUN | 313/4858 | grammar_conditionals_1_2_3__qwen3.5_4b__attempt_095
2026-07-12 22:45:53 | RUN | 314/4858 | grammar_conditionals_1_2_3__qwen3.5_4b__attempt_096
2026-07-12 22:46:14 | RUN | 315/4858 | grammar_conditionals_1_2_3__qwen3.5_4b__attempt_098
2026-07-12 22:46:29 | RUN | 316/4858 | grammar_conditionals_1_2_3__qwen3.5_4b__attempt_099
2026-07-12 22:46:46 | RUN | 317/4858 | grammar_conditionals_1_2_3__qwen3.5_4b__attempt_100
2026-07-12 22:47:03 | RUN | 318/4858 | grammar_gerund_vs_infinitive__Bielik-4.5B-v3.0-Instruct-GGUF_Q8_0__attempt_002
2026-07-12 22:47:20 | RUN | 319/4858 | grammar_gerund_vs_infinitive__Bielik-4.5B-v3.0-Instruct-GGUF_Q8_0__attempt_003
2026-07-12 22:47:38 | RUN | 320/4858 | grammar_gerund_vs_infinitive__Bielik-4.5B-v3.0-Instruct-GGUF_Q8_0__attempt_004
2026-07-12 22:47:54 | RUN | 321/4858 | grammar_gerund_vs_infinitive__Bielik-4.5B-v3.0-Instruct-GGUF_Q8_0__attempt_006
2026-07-12 22:48:11 | RUN | 322/4858 | grammar_gerund_vs_infinitive__Bielik-4.5B-v3.0-Instruct-GGUF_Q8_0__attempt_007
2026-07-12 22:48:29 | RUN | 323/4858 | grammar_gerund_vs_infinitive__Bielik-4.5B-v3.0-Instruct-GGUF_Q8_0__attempt_008
2026-07-12 22:48:45 | RUN | 324/4858 | grammar_gerund_vs_infinitive__Bielik-4.5B-v3.0-Instruct-GGUF_Q8_0__attempt_009
2026-07-12 22:49:02 | RUN | 325/4858 | grammar_gerund_vs_infinitive__Bielik-4.5B-v3.0-Instruct-GGUF_Q8_0__attempt_010
2026-07-12 22:49:19 | RUN | 326/4858 | grammar_gerund_vs_infinitive__Bielik-4.5B-v3.0-Instruct-GGUF_Q8_0__attempt_011
2026-07-12 22:49:36 | RUN | 327/4858 | grammar_gerund_vs_infinitive__Bielik-4.5B-v3.0-Instruct-GGUF_Q8_0__attempt_012
2026-07-12 22:49:56 | RUN | 328/4858 | grammar_gerund_vs_infinitive__Bielik-4.5B-v3.0-Instruct-GGUF_Q8_0__attempt_013
2026-07-12 22:50:13 | RUN | 329/4858 | grammar_gerund_vs_infinitive__Bielik-4.5B-v3.0-Instruct-GGUF_Q8_0__attempt_014
2026-07-12 22:50:37 | RUN | 330/4858 | grammar_gerund_vs_infinitive__Bielik-4.5B-v3.0-Instruct-GGUF_Q8_0__attempt_017
2026-07-12 22:50:55 | RUN | 331/4858 | grammar_gerund_vs_infinitive__Bielik-4.5B-v3.0-Instruct-GGUF_Q8_0__attempt_019
2026-07-12 22:51:13 | RUN | 332/4858 | grammar_gerund_vs_infinitive__Bielik-4.5B-v3.0-Instruct-GGUF_Q8_0__attempt_021
2026-07-12 22:51:36 | RUN | 333/4858 | grammar_gerund_vs_infinitive__Bielik-4.5B-v3.0-Instruct-GGUF_Q8_0__attempt_022
2026-07-12 22:51:53 | RUN | 334/4858 | grammar_gerund_vs_infinitive__Bielik-4.5B-v3.0-Instruct-GGUF_Q8_0__attempt_023
2026-07-12 22:52:11 | RUN | 335/4858 | grammar_gerund_vs_infinitive__Bielik-4.5B-v3.0-Instruct-GGUF_Q8_0__attempt_024
2026-07-12 22:52:29 | RUN | 336/4858 | grammar_gerund_vs_infinitive__Bielik-4.5B-v3.0-Instruct-GGUF_Q8_0__attempt_027
2026-07-12 22:52:47 | RUN | 337/4858 | grammar_gerund_vs_infinitive__Bielik-4.5B-v3.0-Instruct-GGUF_Q8_0__attempt_029
2026-07-12 22:53:04 | RUN | 338/4858 | grammar_gerund_vs_infinitive__Bielik-4.5B-v3.0-Instruct-GGUF_Q8_0__attempt_031
2026-07-12 22:53:21 | RUN | 339/4858 | grammar_gerund_vs_infinitive__Bielik-4.5B-v3.0-Instruct-GGUF_Q8_0__attempt_032
2026-07-12 22:53:40 | RUN | 340/4858 | grammar_gerund_vs_infinitive__Bielik-4.5B-v3.0-Instruct-GGUF_Q8_0__attempt_033
2026-07-12 22:53:59 | RUN | 341/4858 | grammar_gerund_vs_infinitive__Bielik-4.5B-v3.0-Instruct-GGUF_Q8_0__attempt_034
2026-07-12 22:54:19 | RUN | 342/4858 | grammar_gerund_vs_infinitive__Bielik-4.5B-v3.0-Instruct-GGUF_Q8_0__attempt_035
2026-07-12 22:54:36 | RUN | 343/4858 | grammar_gerund_vs_infinitive__Bielik-4.5B-v3.0-Instruct-GGUF_Q8_0__attempt_036
2026-07-12 22:54:54 | RUN | 344/4858 | grammar_gerund_vs_infinitive__Bielik-4.5B-v3.0-Instruct-GGUF_Q8_0__attempt_037
2026-07-12 22:55:17 | RUN | 345/4858 | grammar_gerund_vs_infinitive__Bielik-4.5B-v3.0-Instruct-GGUF_Q8_0__attempt_038
2026-07-12 22:55:37 | RUN | 346/4858 | grammar_gerund_vs_infinitive__Bielik-4.5B-v3.0-Instruct-GGUF_Q8_0__attempt_039
2026-07-12 22:55:59 | RUN | 347/4858 | grammar_gerund_vs_infinitive__Bielik-4.5B-v3.0-Instruct-GGUF_Q8_0__attempt_041
2026-07-12 22:56:17 | RUN | 348/4858 | grammar_gerund_vs_infinitive__Bielik-4.5B-v3.0-Instruct-GGUF_Q8_0__attempt_042
2026-07-12 22:56:37 | RUN | 349/4858 | grammar_gerund_vs_infinitive__Bielik-4.5B-v3.0-Instruct-GGUF_Q8_0__attempt_043
2026-07-12 22:56:55 | RUN | 350/4858 | grammar_gerund_vs_infinitive__Bielik-4.5B-v3.0-Instruct-GGUF_Q8_0__attempt_044
2026-07-12 22:57:14 | RUN | 351/4858 | grammar_gerund_vs_infinitive__Bielik-4.5B-v3.0-Instruct-GGUF_Q8_0__attempt_045
2026-07-12 22:57:31 | RUN | 352/4858 | grammar_gerund_vs_infinitive__Bielik-4.5B-v3.0-Instruct-GGUF_Q8_0__attempt_046
2026-07-12 22:57:48 | RUN | 353/4858 | grammar_gerund_vs_infinitive__Bielik-4.5B-v3.0-Instruct-GGUF_Q8_0__attempt_047
2026-07-12 22:58:08 | RUN | 354/4858 | grammar_gerund_vs_infinitive__Bielik-4.5B-v3.0-Instruct-GGUF_Q8_0__attempt_048
2026-07-12 22:58:27 | RUN | 355/4858 | grammar_gerund_vs_infinitive__Bielik-4.5B-v3.0-Instruct-GGUF_Q8_0__attempt_051
2026-07-12 22:58:44 | RUN | 356/4858 | grammar_gerund_vs_infinitive__Bielik-4.5B-v3.0-Instruct-GGUF_Q8_0__attempt_052
2026-07-12 22:58:59 | RUN | 357/4858 | grammar_gerund_vs_infinitive__Bielik-4.5B-v3.0-Instruct-GGUF_Q8_0__attempt_054
2026-07-12 22:59:19 | RUN | 358/4858 | grammar_gerund_vs_infinitive__Bielik-4.5B-v3.0-Instruct-GGUF_Q8_0__attempt_055
2026-07-12 22:59:36 | RUN | 359/4858 | grammar_gerund_vs_infinitive__Bielik-4.5B-v3.0-Instruct-GGUF_Q8_0__attempt_056
2026-07-12 22:59:55 | RUN | 360/4858 | grammar_gerund_vs_infinitive__Bielik-4.5B-v3.0-Instruct-GGUF_Q8_0__attempt_057
2026-07-12 23:00:15 | RUN | 361/4858 | grammar_gerund_vs_infinitive__Bielik-4.5B-v3.0-Instruct-GGUF_Q8_0__attempt_061
2026-07-12 23:00:38 | RUN | 362/4858 | grammar_gerund_vs_infinitive__Bielik-4.5B-v3.0-Instruct-GGUF_Q8_0__attempt_062
2026-07-12 23:00:55 | RUN | 363/4858 | grammar_gerund_vs_infinitive__Bielik-4.5B-v3.0-Instruct-GGUF_Q8_0__attempt_064
2026-07-12 23:01:16 | RUN | 364/4858 | grammar_gerund_vs_infinitive__Bielik-4.5B-v3.0-Instruct-GGUF_Q8_0__attempt_065
2026-07-12 23:01:38 | RUN | 365/4858 | grammar_gerund_vs_infinitive__Bielik-4.5B-v3.0-Instruct-GGUF_Q8_0__attempt_066
2026-07-12 23:01:59 | RUN | 366/4858 | grammar_gerund_vs_infinitive__Bielik-4.5B-v3.0-Instruct-GGUF_Q8_0__attempt_069
2026-07-12 23:02:20 | RUN | 367/4858 | grammar_gerund_vs_infinitive__Bielik-4.5B-v3.0-Instruct-GGUF_Q8_0__attempt_070
2026-07-12 23:02:38 | RUN | 368/4858 | grammar_gerund_vs_infinitive__Bielik-4.5B-v3.0-Instruct-GGUF_Q8_0__attempt_073
2026-07-12 23:02:56 | RUN | 369/4858 | grammar_gerund_vs_infinitive__Bielik-4.5B-v3.0-Instruct-GGUF_Q8_0__attempt_074
2026-07-12 23:03:18 | RUN | 370/4858 | grammar_gerund_vs_infinitive__Bielik-4.5B-v3.0-Instruct-GGUF_Q8_0__attempt_076
2026-07-12 23:03:35 | RUN | 371/4858 | grammar_gerund_vs_infinitive__Bielik-4.5B-v3.0-Instruct-GGUF_Q8_0__attempt_078
2026-07-12 23:03:58 | RUN | 372/4858 | grammar_gerund_vs_infinitive__Bielik-4.5B-v3.0-Instruct-GGUF_Q8_0__attempt_080
2026-07-12 23:04:20 | RUN | 373/4858 | grammar_gerund_vs_infinitive__Bielik-4.5B-v3.0-Instruct-GGUF_Q8_0__attempt_081
2026-07-12 23:04:38 | RUN | 374/4858 | grammar_gerund_vs_infinitive__Bielik-4.5B-v3.0-Instruct-GGUF_Q8_0__attempt_082
2026-07-12 23:04:55 | RUN | 375/4858 | grammar_gerund_vs_infinitive__Bielik-4.5B-v3.0-Instruct-GGUF_Q8_0__attempt_083
2026-07-12 23:05:11 | RUN | 376/4858 | grammar_gerund_vs_infinitive__Bielik-4.5B-v3.0-Instruct-GGUF_Q8_0__attempt_084
2026-07-12 23:05:33 | RUN | 377/4858 | grammar_gerund_vs_infinitive__Bielik-4.5B-v3.0-Instruct-GGUF_Q8_0__attempt_085
2026-07-12 23:05:52 | RUN | 378/4858 | grammar_gerund_vs_infinitive__Bielik-4.5B-v3.0-Instruct-GGUF_Q8_0__attempt_086
2026-07-12 23:06:15 | RUN | 379/4858 | grammar_gerund_vs_infinitive__Bielik-4.5B-v3.0-Instruct-GGUF_Q8_0__attempt_087
2026-07-12 23:06:35 | RUN | 380/4858 | grammar_gerund_vs_infinitive__Bielik-4.5B-v3.0-Instruct-GGUF_Q8_0__attempt_088
2026-07-12 23:06:54 | RUN | 381/4858 | grammar_gerund_vs_infinitive__Bielik-4.5B-v3.0-Instruct-GGUF_Q8_0__attempt_090
2026-07-12 23:07:14 | RUN | 382/4858 | grammar_gerund_vs_infinitive__Bielik-4.5B-v3.0-Instruct-GGUF_Q8_0__attempt_091
2026-07-12 23:07:34 | RUN | 383/4858 | grammar_gerund_vs_infinitive__Bielik-4.5B-v3.0-Instruct-GGUF_Q8_0__attempt_092
2026-07-12 23:07:53 | RUN | 384/4858 | grammar_gerund_vs_infinitive__Bielik-4.5B-v3.0-Instruct-GGUF_Q8_0__attempt_093
2026-07-12 23:08:09 | RUN | 385/4858 | grammar_gerund_vs_infinitive__Bielik-4.5B-v3.0-Instruct-GGUF_Q8_0__attempt_094
2026-07-12 23:08:33 | RUN | 386/4858 | grammar_gerund_vs_infinitive__Bielik-4.5B-v3.0-Instruct-GGUF_Q8_0__attempt_096
2026-07-12 23:08:49 | RUN | 387/4858 | grammar_gerund_vs_infinitive__Bielik-4.5B-v3.0-Instruct-GGUF_Q8_0__attempt_097
2026-07-12 23:09:06 | RUN | 388/4858 | grammar_gerund_vs_infinitive__Bielik-4.5B-v3.0-Instruct-GGUF_Q8_0__attempt_098
2026-07-12 23:09:26 | RUN | 389/4858 | grammar_gerund_vs_infinitive__Bielik-4.5B-v3.0-Instruct-GGUF_Q8_0__attempt_099
2026-07-12 23:09:44 | RUN | 390/4858 | grammar_gerund_vs_infinitive__Bielik-4.5B-v3.0-Instruct-GGUF_Q8_0__attempt_100
2026-07-12 23:10:01 | RUN | 391/4858 | grammar_gerund_vs_infinitive__deepseek-r1_8b__attempt_002
2026-07-12 23:10:15 | RUN | 392/4858 | grammar_gerund_vs_infinitive__deepseek-r1_8b__attempt_003
2026-07-12 23:10:32 | RUN | 393/4858 | grammar_gerund_vs_infinitive__deepseek-r1_8b__attempt_004
2026-07-12 23:10:46 | RUN | 394/4858 | grammar_gerund_vs_infinitive__deepseek-r1_8b__attempt_005
2026-07-12 23:11:03 | RUN | 395/4858 | grammar_gerund_vs_infinitive__deepseek-r1_8b__attempt_008
2026-07-12 23:11:18 | RUN | 396/4858 | grammar_gerund_vs_infinitive__deepseek-r1_8b__attempt_011
2026-07-12 23:11:34 | RUN | 397/4858 | grammar_gerund_vs_infinitive__deepseek-r1_8b__attempt_013
2026-07-12 23:11:51 | RUN | 398/4858 | grammar_gerund_vs_infinitive__deepseek-r1_8b__attempt_015
2026-07-12 23:12:00 | RUN | 399/4858 | grammar_gerund_vs_infinitive__deepseek-r1_8b__attempt_016
2026-07-12 23:12:19 | RUN | 400/4858 | grammar_gerund_vs_infinitive__deepseek-r1_8b__attempt_017
2026-07-12 23:12:35 | RUN | 401/4858 | grammar_gerund_vs_infinitive__deepseek-r1_8b__attempt_019
2026-07-12 23:12:53 | RUN | 402/4858 | grammar_gerund_vs_infinitive__deepseek-r1_8b__attempt_022
2026-07-12 23:13:11 | RUN | 403/4858 | grammar_gerund_vs_infinitive__deepseek-r1_8b__attempt_023
2026-07-12 23:13:26 | RUN | 404/4858 | grammar_gerund_vs_infinitive__deepseek-r1_8b__attempt_027
2026-07-12 23:13:45 | RUN | 405/4858 | grammar_gerund_vs_infinitive__deepseek-r1_8b__attempt_028
2026-07-12 23:14:01 | RUN | 406/4858 | grammar_gerund_vs_infinitive__deepseek-r1_8b__attempt_031
2026-07-12 23:14:16 | RUN | 407/4858 | grammar_gerund_vs_infinitive__deepseek-r1_8b__attempt_032
2026-07-12 23:14:32 | RUN | 408/4858 | grammar_gerund_vs_infinitive__deepseek-r1_8b__attempt_033
2026-07-12 23:14:51 | RUN | 409/4858 | grammar_gerund_vs_infinitive__deepseek-r1_8b__attempt_034
2026-07-12 23:15:06 | RUN | 410/4858 | grammar_gerund_vs_infinitive__deepseek-r1_8b__attempt_036
2026-07-12 23:15:23 | RUN | 411/4858 | grammar_gerund_vs_infinitive__deepseek-r1_8b__attempt_037
2026-07-12 23:15:38 | RUN | 412/4858 | grammar_gerund_vs_infinitive__deepseek-r1_8b__attempt_039
2026-07-12 23:15:55 | RUN | 413/4858 | grammar_gerund_vs_infinitive__deepseek-r1_8b__attempt_040
2026-07-12 23:16:11 | RUN | 414/4858 | grammar_gerund_vs_infinitive__deepseek-r1_8b__attempt_041
2026-07-12 23:16:25 | RUN | 415/4858 | grammar_gerund_vs_infinitive__deepseek-r1_8b__attempt_042
2026-07-12 23:16:42 | RUN | 416/4858 | grammar_gerund_vs_infinitive__deepseek-r1_8b__attempt_044
2026-07-12 23:16:58 | RUN | 417/4858 | grammar_gerund_vs_infinitive__deepseek-r1_8b__attempt_045
2026-07-12 23:17:07 | RUN | 418/4858 | grammar_gerund_vs_infinitive__deepseek-r1_8b__attempt_048
2026-07-12 23:17:31 | RUN | 419/4858 | grammar_gerund_vs_infinitive__deepseek-r1_8b__attempt_053
2026-07-12 23:17:41 | RUN | 420/4858 | grammar_gerund_vs_infinitive__deepseek-r1_8b__attempt_058
2026-07-12 23:17:58 | RUN | 421/4858 | grammar_gerund_vs_infinitive__deepseek-r1_8b__attempt_059
2026-07-12 23:18:14 | RUN | 422/4858 | grammar_gerund_vs_infinitive__deepseek-r1_8b__attempt_060
2026-07-12 23:18:31 | RUN | 423/4858 | grammar_gerund_vs_infinitive__deepseek-r1_8b__attempt_061
2026-07-12 23:18:49 | RUN | 424/4858 | grammar_gerund_vs_infinitive__deepseek-r1_8b__attempt_063
2026-07-12 23:19:06 | RUN | 425/4858 | grammar_gerund_vs_infinitive__deepseek-r1_8b__attempt_064
2026-07-12 23:19:22 | RUN | 426/4858 | grammar_gerund_vs_infinitive__deepseek-r1_8b__attempt_065
2026-07-12 23:19:39 | RUN | 427/4858 | grammar_gerund_vs_infinitive__deepseek-r1_8b__attempt_066
2026-07-12 23:19:56 | RUN | 428/4858 | grammar_gerund_vs_infinitive__deepseek-r1_8b__attempt_068
2026-07-12 23:20:13 | RUN | 429/4858 | grammar_gerund_vs_infinitive__deepseek-r1_8b__attempt_069
2026-07-12 23:20:29 | RUN | 430/4858 | grammar_gerund_vs_infinitive__deepseek-r1_8b__attempt_070
2026-07-12 23:20:46 | RUN | 431/4858 | grammar_gerund_vs_infinitive__deepseek-r1_8b__attempt_071
2026-07-12 23:21:05 | RUN | 432/4858 | grammar_gerund_vs_infinitive__deepseek-r1_8b__attempt_072
2026-07-12 23:21:22 | RUN | 433/4858 | grammar_gerund_vs_infinitive__deepseek-r1_8b__attempt_075
2026-07-12 23:21:38 | RUN | 434/4858 | grammar_gerund_vs_infinitive__deepseek-r1_8b__attempt_078
2026-07-12 23:21:55 | RUN | 435/4858 | grammar_gerund_vs_infinitive__deepseek-r1_8b__attempt_081
2026-07-12 23:22:11 | RUN | 436/4858 | grammar_gerund_vs_infinitive__deepseek-r1_8b__attempt_082
2026-07-12 23:22:28 | RUN | 437/4858 | grammar_gerund_vs_infinitive__deepseek-r1_8b__attempt_085
2026-07-12 23:22:40 | RUN | 438/4858 | grammar_gerund_vs_infinitive__deepseek-r1_8b__attempt_086
2026-07-12 23:22:56 | RUN | 439/4858 | grammar_gerund_vs_infinitive__deepseek-r1_8b__attempt_087
2026-07-12 23:23:11 | RUN | 440/4858 | grammar_gerund_vs_infinitive__deepseek-r1_8b__attempt_088
2026-07-12 23:23:28 | RUN | 441/4858 | grammar_gerund_vs_infinitive__deepseek-r1_8b__attempt_089
2026-07-12 23:23:43 | RUN | 442/4858 | grammar_gerund_vs_infinitive__deepseek-r1_8b__attempt_090
2026-07-12 23:23:52 | RUN | 443/4858 | grammar_gerund_vs_infinitive__deepseek-r1_8b__attempt_091
2026-07-12 23:24:10 | RUN | 444/4858 | grammar_gerund_vs_infinitive__deepseek-r1_8b__attempt_093
2026-07-12 23:24:26 | RUN | 445/4858 | grammar_gerund_vs_infinitive__deepseek-r1_8b__attempt_097
2026-07-12 23:24:42 | RUN | 446/4858 | grammar_gerund_vs_infinitive__deepseek-r1_8b__attempt_098
2026-07-12 23:24:53 | RUN | 447/4858 | grammar_gerund_vs_infinitive__deepseek-r1_8b__attempt_099
2026-07-12 23:25:12 | RUN | 448/4858 | grammar_gerund_vs_infinitive__deepseek-r1_8b__attempt_100
2026-07-12 23:25:30 | RUN | 449/4858 | grammar_gerund_vs_infinitive__llama3.1_8b__attempt_001
2026-07-12 23:25:46 | RUN | 450/4858 | grammar_gerund_vs_infinitive__llama3.1_8b__attempt_002
2026-07-12 23:26:02 | RUN | 451/4858 | grammar_gerund_vs_infinitive__llama3.1_8b__attempt_004
2026-07-12 23:26:20 | RUN | 452/4858 | grammar_gerund_vs_infinitive__llama3.1_8b__attempt_005
2026-07-12 23:26:36 | RUN | 453/4858 | grammar_gerund_vs_infinitive__llama3.1_8b__attempt_006
2026-07-12 23:26:53 | RUN | 454/4858 | grammar_gerund_vs_infinitive__llama3.1_8b__attempt_007
2026-07-12 23:27:08 | RUN | 455/4858 | grammar_gerund_vs_infinitive__llama3.1_8b__attempt_008
2026-07-12 23:27:24 | RUN | 456/4858 | grammar_gerund_vs_infinitive__llama3.1_8b__attempt_009
2026-07-12 23:27:39 | RUN | 457/4858 | grammar_gerund_vs_infinitive__llama3.1_8b__attempt_011
2026-07-12 23:27:54 | RUN | 458/4858 | grammar_gerund_vs_infinitive__llama3.1_8b__attempt_012
2026-07-12 23:28:09 | RUN | 459/4858 | grammar_gerund_vs_infinitive__llama3.1_8b__attempt_013
2026-07-12 23:28:25 | RUN | 460/4858 | grammar_gerund_vs_infinitive__llama3.1_8b__attempt_014
2026-07-12 23:28:40 | RUN | 461/4858 | grammar_gerund_vs_infinitive__llama3.1_8b__attempt_015
2026-07-12 23:28:59 | RUN | 462/4858 | grammar_gerund_vs_infinitive__llama3.1_8b__attempt_017
2026-07-12 23:29:16 | RUN | 463/4858 | grammar_gerund_vs_infinitive__llama3.1_8b__attempt_019
2026-07-12 23:29:36 | RUN | 464/4858 | grammar_gerund_vs_infinitive__llama3.1_8b__attempt_020
2026-07-12 23:29:51 | RUN | 465/4858 | grammar_gerund_vs_infinitive__llama3.1_8b__attempt_021
2026-07-12 23:30:06 | RUN | 466/4858 | grammar_gerund_vs_infinitive__llama3.1_8b__attempt_023
2026-07-12 23:30:21 | RUN | 467/4858 | grammar_gerund_vs_infinitive__llama3.1_8b__attempt_024
2026-07-12 23:30:39 | RUN | 468/4858 | grammar_gerund_vs_infinitive__llama3.1_8b__attempt_025
2026-07-12 23:30:58 | RUN | 469/4858 | grammar_gerund_vs_infinitive__llama3.1_8b__attempt_026
2026-07-12 23:31:13 | RUN | 470/4858 | grammar_gerund_vs_infinitive__llama3.1_8b__attempt_028
2026-07-12 23:31:30 | RUN | 471/4858 | grammar_gerund_vs_infinitive__llama3.1_8b__attempt_031
2026-07-12 23:31:47 | RUN | 472/4858 | grammar_gerund_vs_infinitive__llama3.1_8b__attempt_032
2026-07-12 23:32:03 | RUN | 473/4858 | grammar_gerund_vs_infinitive__llama3.1_8b__attempt_033
2026-07-12 23:32:25 | RUN | 474/4858 | grammar_gerund_vs_infinitive__llama3.1_8b__attempt_034
2026-07-12 23:32:44 | RUN | 475/4858 | grammar_gerund_vs_infinitive__llama3.1_8b__attempt_035
2026-07-12 23:33:01 | RUN | 476/4858 | grammar_gerund_vs_infinitive__llama3.1_8b__attempt_036
2026-07-12 23:33:16 | RUN | 477/4858 | grammar_gerund_vs_infinitive__llama3.1_8b__attempt_038
2026-07-12 23:33:32 | RUN | 478/4858 | grammar_gerund_vs_infinitive__llama3.1_8b__attempt_039
2026-07-12 23:33:49 | RUN | 479/4858 | grammar_gerund_vs_infinitive__llama3.1_8b__attempt_041
2026-07-12 23:34:05 | RUN | 480/4858 | grammar_gerund_vs_infinitive__llama3.1_8b__attempt_042
2026-07-12 23:34:23 | RUN | 481/4858 | grammar_gerund_vs_infinitive__llama3.1_8b__attempt_043
2026-07-12 23:34:42 | RUN | 482/4858 | grammar_gerund_vs_infinitive__llama3.1_8b__attempt_046
2026-07-12 23:34:59 | RUN | 483/4858 | grammar_gerund_vs_infinitive__llama3.1_8b__attempt_047
2026-07-12 23:35:17 | RUN | 484/4858 | grammar_gerund_vs_infinitive__llama3.1_8b__attempt_048
2026-07-12 23:35:34 | RUN | 485/4858 | grammar_gerund_vs_infinitive__llama3.1_8b__attempt_050
2026-07-12 23:35:50 | RUN | 486/4858 | grammar_gerund_vs_infinitive__llama3.1_8b__attempt_052
2026-07-12 23:36:05 | RUN | 487/4858 | grammar_gerund_vs_infinitive__llama3.1_8b__attempt_053
2026-07-12 23:36:22 | RUN | 488/4858 | grammar_gerund_vs_infinitive__llama3.1_8b__attempt_054
2026-07-12 23:36:37 | RUN | 489/4858 | grammar_gerund_vs_infinitive__llama3.1_8b__attempt_055
2026-07-12 23:36:52 | RUN | 490/4858 | grammar_gerund_vs_infinitive__llama3.1_8b__attempt_056
2026-07-12 23:37:08 | RUN | 491/4858 | grammar_gerund_vs_infinitive__llama3.1_8b__attempt_057
2026-07-12 23:37:23 | RUN | 492/4858 | grammar_gerund_vs_infinitive__llama3.1_8b__attempt_058
2026-07-12 23:37:41 | RUN | 493/4858 | grammar_gerund_vs_infinitive__llama3.1_8b__attempt_059
2026-07-12 23:37:58 | RUN | 494/4858 | grammar_gerund_vs_infinitive__llama3.1_8b__attempt_060
2026-07-12 23:38:15 | RUN | 495/4858 | grammar_gerund_vs_infinitive__llama3.1_8b__attempt_061
2026-07-12 23:38:33 | RUN | 496/4858 | grammar_gerund_vs_infinitive__llama3.1_8b__attempt_062
2026-07-12 23:38:50 | RUN | 497/4858 | grammar_gerund_vs_infinitive__llama3.1_8b__attempt_063
2026-07-12 23:39:10 | RUN | 498/4858 | grammar_gerund_vs_infinitive__llama3.1_8b__attempt_064
2026-07-12 23:39:26 | RUN | 499/4858 | grammar_gerund_vs_infinitive__llama3.1_8b__attempt_065
2026-07-12 23:39:48 | RUN | 500/4858 | grammar_gerund_vs_infinitive__llama3.1_8b__attempt_066
2026-07-12 23:40:04 | RUN | 501/4858 | grammar_gerund_vs_infinitive__llama3.1_8b__attempt_067
2026-07-12 23:40:19 | RUN | 502/4858 | grammar_gerund_vs_infinitive__llama3.1_8b__attempt_068
2026-07-12 23:40:34 | RUN | 503/4858 | grammar_gerund_vs_infinitive__llama3.1_8b__attempt_069
2026-07-12 23:40:48 | RUN | 504/4858 | grammar_gerund_vs_infinitive__llama3.1_8b__attempt_070
2026-07-12 23:41:04 | RUN | 505/4858 | grammar_gerund_vs_infinitive__llama3.1_8b__attempt_071
2026-07-12 23:41:21 | RUN | 506/4858 | grammar_gerund_vs_infinitive__llama3.1_8b__attempt_072
2026-07-12 23:41:40 | RUN | 507/4858 | grammar_gerund_vs_infinitive__llama3.1_8b__attempt_074
2026-07-12 23:41:58 | RUN | 508/4858 | grammar_gerund_vs_infinitive__llama3.1_8b__attempt_076
2026-07-12 23:42:15 | RUN | 509/4858 | grammar_gerund_vs_infinitive__llama3.1_8b__attempt_077
2026-07-12 23:42:34 | RUN | 510/4858 | grammar_gerund_vs_infinitive__llama3.1_8b__attempt_079
2026-07-12 23:42:52 | RUN | 511/4858 | grammar_gerund_vs_infinitive__llama3.1_8b__attempt_080
2026-07-12 23:43:10 | RUN | 512/4858 | grammar_gerund_vs_infinitive__llama3.1_8b__attempt_081
2026-07-12 23:43:28 | RUN | 513/4858 | grammar_gerund_vs_infinitive__llama3.1_8b__attempt_085
2026-07-12 23:43:43 | RUN | 514/4858 | grammar_gerund_vs_infinitive__llama3.1_8b__attempt_086
2026-07-12 23:44:01 | RUN | 515/4858 | grammar_gerund_vs_infinitive__llama3.1_8b__attempt_087
2026-07-12 23:44:17 | RUN | 516/4858 | grammar_gerund_vs_infinitive__llama3.1_8b__attempt_088
2026-07-12 23:44:33 | RUN | 517/4858 | grammar_gerund_vs_infinitive__llama3.1_8b__attempt_089
2026-07-12 23:44:48 | RUN | 518/4858 | grammar_gerund_vs_infinitive__llama3.1_8b__attempt_090
2026-07-12 23:45:07 | RUN | 519/4858 | grammar_gerund_vs_infinitive__llama3.1_8b__attempt_092
2026-07-12 23:45:23 | RUN | 520/4858 | grammar_gerund_vs_infinitive__llama3.1_8b__attempt_094
2026-07-12 23:45:41 | RUN | 521/4858 | grammar_gerund_vs_infinitive__llama3.1_8b__attempt_095
2026-07-12 23:45:58 | RUN | 522/4858 | grammar_gerund_vs_infinitive__llama3.1_8b__attempt_096
2026-07-12 23:46:14 | RUN | 523/4858 | grammar_gerund_vs_infinitive__llama3.1_8b__attempt_098
2026-07-12 23:46:32 | RUN | 524/4858 | grammar_gerund_vs_infinitive__llama3.1_8b__attempt_100
2026-07-12 23:46:53 | RUN | 525/4858 | grammar_gerund_vs_infinitive__ministral-3_3b__attempt_001
2026-07-12 23:47:13 | RUN | 526/4858 | grammar_gerund_vs_infinitive__ministral-3_3b__attempt_005
2026-07-12 23:47:32 | RUN | 527/4858 | grammar_gerund_vs_infinitive__ministral-3_3b__attempt_008
2026-07-12 23:47:49 | RUN | 528/4858 | grammar_gerund_vs_infinitive__ministral-3_3b__attempt_011
2026-07-12 23:48:09 | RUN | 529/4858 | grammar_gerund_vs_infinitive__ministral-3_3b__attempt_012
2026-07-12 23:48:28 | RUN | 530/4858 | grammar_gerund_vs_infinitive__ministral-3_3b__attempt_013
2026-07-12 23:48:46 | RUN | 531/4858 | grammar_gerund_vs_infinitive__ministral-3_3b__attempt_020
2026-07-12 23:49:06 | RUN | 532/4858 | grammar_gerund_vs_infinitive__ministral-3_3b__attempt_023
2026-07-12 23:49:24 | RUN | 533/4858 | grammar_gerund_vs_infinitive__ministral-3_3b__attempt_025
2026-07-12 23:49:42 | RUN | 534/4858 | grammar_gerund_vs_infinitive__ministral-3_3b__attempt_031
2026-07-12 23:50:00 | RUN | 535/4858 | grammar_gerund_vs_infinitive__ministral-3_3b__attempt_032
2026-07-12 23:50:16 | RUN | 536/4858 | grammar_gerund_vs_infinitive__ministral-3_3b__attempt_041
2026-07-12 23:50:33 | RUN | 537/4858 | grammar_gerund_vs_infinitive__ministral-3_3b__attempt_046
2026-07-12 23:50:51 | RUN | 538/4858 | grammar_gerund_vs_infinitive__ministral-3_3b__attempt_048
2026-07-12 23:51:10 | RUN | 539/4858 | grammar_gerund_vs_infinitive__ministral-3_3b__attempt_050
2026-07-12 23:51:32 | RUN | 540/4858 | grammar_gerund_vs_infinitive__ministral-3_3b__attempt_054
2026-07-12 23:51:47 | RUN | 541/4858 | grammar_gerund_vs_infinitive__ministral-3_3b__attempt_056
2026-07-12 23:52:08 | RUN | 542/4858 | grammar_gerund_vs_infinitive__ministral-3_3b__attempt_057
2026-07-12 23:52:25 | RUN | 543/4858 | grammar_gerund_vs_infinitive__ministral-3_3b__attempt_058
2026-07-12 23:52:42 | RUN | 544/4858 | grammar_gerund_vs_infinitive__ministral-3_3b__attempt_060
2026-07-12 23:52:59 | RUN | 545/4858 | grammar_gerund_vs_infinitive__ministral-3_3b__attempt_062
2026-07-12 23:53:21 | RUN | 546/4858 | grammar_gerund_vs_infinitive__ministral-3_3b__attempt_063
2026-07-12 23:53:40 | RUN | 547/4858 | grammar_gerund_vs_infinitive__ministral-3_3b__attempt_066
2026-07-12 23:53:58 | RUN | 548/4858 | grammar_gerund_vs_infinitive__ministral-3_3b__attempt_068
2026-07-12 23:54:15 | RUN | 549/4858 | grammar_gerund_vs_infinitive__ministral-3_3b__attempt_070
2026-07-12 23:54:34 | RUN | 550/4858 | grammar_gerund_vs_infinitive__ministral-3_3b__attempt_075
2026-07-12 23:54:51 | RUN | 551/4858 | grammar_gerund_vs_infinitive__ministral-3_3b__attempt_077
2026-07-12 23:55:11 | RUN | 552/4858 | grammar_gerund_vs_infinitive__ministral-3_3b__attempt_080
2026-07-12 23:55:29 | RUN | 553/4858 | grammar_gerund_vs_infinitive__ministral-3_3b__attempt_081
2026-07-12 23:55:38 | RUN | 554/4858 | grammar_gerund_vs_infinitive__ministral-3_3b__attempt_089
2026-07-12 23:55:55 | RUN | 555/4858 | grammar_gerund_vs_infinitive__ministral-3_3b__attempt_091
2026-07-12 23:56:12 | RUN | 556/4858 | grammar_gerund_vs_infinitive__ministral-3_3b__attempt_094
2026-07-12 23:56:34 | RUN | 557/4858 | grammar_gerund_vs_infinitive__ministral-3_3b__attempt_095
2026-07-12 23:56:56 | RUN | 558/4858 | grammar_gerund_vs_infinitive__ministral-3_3b__attempt_098
2026-07-12 23:57:15 | RUN | 559/4858 | grammar_gerund_vs_infinitive__ministral-3_3b__attempt_099
2026-07-12 23:57:35 | RUN | 560/4858 | grammar_gerund_vs_infinitive__qwen3.5_4b__attempt_001
2026-07-12 23:57:53 | RUN | 561/4858 | grammar_gerund_vs_infinitive__qwen3.5_4b__attempt_002
2026-07-12 23:58:04 | RUN | 562/4858 | grammar_gerund_vs_infinitive__qwen3.5_4b__attempt_004
2026-07-12 23:58:14 | RUN | 563/4858 | grammar_gerund_vs_infinitive__qwen3.5_4b__attempt_005
2026-07-12 23:58:32 | RUN | 564/4858 | grammar_gerund_vs_infinitive__qwen3.5_4b__attempt_007
2026-07-12 23:58:53 | RUN | 565/4858 | grammar_gerund_vs_infinitive__qwen3.5_4b__attempt_008
2026-07-12 23:59:02 | RUN | 566/4858 | grammar_gerund_vs_infinitive__qwen3.5_4b__attempt_009
2026-07-12 23:59:11 | RUN | 567/4858 | grammar_gerund_vs_infinitive__qwen3.5_4b__attempt_012
2026-07-12 23:59:31 | RUN | 568/4858 | grammar_gerund_vs_infinitive__qwen3.5_4b__attempt_013
2026-07-12 23:59:48 | RUN | 569/4858 | grammar_gerund_vs_infinitive__qwen3.5_4b__attempt_014
2026-07-13 00:00:05 | RUN | 570/4858 | grammar_gerund_vs_infinitive__qwen3.5_4b__attempt_015
2026-07-13 00:00:14 | RUN | 571/4858 | grammar_gerund_vs_infinitive__qwen3.5_4b__attempt_016
2026-07-13 00:00:24 | RUN | 572/4858 | grammar_gerund_vs_infinitive__qwen3.5_4b__attempt_017
2026-07-13 00:00:45 | RUN | 573/4858 | grammar_gerund_vs_infinitive__qwen3.5_4b__attempt_018
2026-07-13 00:00:54 | RUN | 574/4858 | grammar_gerund_vs_infinitive__qwen3.5_4b__attempt_019
2026-07-13 00:01:03 | RUN | 575/4858 | grammar_gerund_vs_infinitive__qwen3.5_4b__attempt_020
2026-07-13 00:01:14 | RUN | 576/4858 | grammar_gerund_vs_infinitive__qwen3.5_4b__attempt_021
2026-07-13 00:01:32 | RUN | 577/4858 | grammar_gerund_vs_infinitive__qwen3.5_4b__attempt_022
2026-07-13 00:01:41 | RUN | 578/4858 | grammar_gerund_vs_infinitive__qwen3.5_4b__attempt_023
2026-07-13 00:01:54 | RUN | 579/4858 | grammar_gerund_vs_infinitive__qwen3.5_4b__attempt_024
2026-07-13 00:02:06 | RUN | 580/4858 | grammar_gerund_vs_infinitive__qwen3.5_4b__attempt_025
2026-07-13 00:02:15 | RUN | 581/4858 | grammar_gerund_vs_infinitive__qwen3.5_4b__attempt_026
2026-07-13 00:02:24 | RUN | 582/4858 | grammar_gerund_vs_infinitive__qwen3.5_4b__attempt_027
2026-07-13 00:02:43 | RUN | 583/4858 | grammar_gerund_vs_infinitive__qwen3.5_4b__attempt_029
2026-07-13 00:02:52 | RUN | 584/4858 | grammar_gerund_vs_infinitive__qwen3.5_4b__attempt_030
2026-07-13 00:03:03 | RUN | 585/4858 | grammar_gerund_vs_infinitive__qwen3.5_4b__attempt_031
2026-07-13 00:03:12 | RUN | 586/4858 | grammar_gerund_vs_infinitive__qwen3.5_4b__attempt_032
2026-07-13 00:03:36 | RUN | 587/4858 | grammar_gerund_vs_infinitive__qwen3.5_4b__attempt_033
2026-07-13 00:03:47 | RUN | 588/4858 | grammar_gerund_vs_infinitive__qwen3.5_4b__attempt_034
2026-07-13 00:03:56 | RUN | 589/4858 | grammar_gerund_vs_infinitive__qwen3.5_4b__attempt_035
2026-07-13 00:04:07 | RUN | 590/4858 | grammar_gerund_vs_infinitive__qwen3.5_4b__attempt_036
2026-07-13 00:04:23 | RUN | 591/4858 | grammar_gerund_vs_infinitive__qwen3.5_4b__attempt_037
2026-07-13 00:04:36 | RUN | 592/4858 | grammar_gerund_vs_infinitive__qwen3.5_4b__attempt_038
2026-07-13 00:04:56 | RUN | 593/4858 | grammar_gerund_vs_infinitive__qwen3.5_4b__attempt_039
2026-07-13 00:05:05 | RUN | 594/4858 | grammar_gerund_vs_infinitive__qwen3.5_4b__attempt_040
2026-07-13 00:05:41 | RUN | 595/4858 | grammar_gerund_vs_infinitive__qwen3.5_4b__attempt_041
2026-07-13 00:06:00 | RUN | 596/4858 | grammar_gerund_vs_infinitive__qwen3.5_4b__attempt_042
2026-07-13 00:06:12 | RUN | 597/4858 | grammar_gerund_vs_infinitive__qwen3.5_4b__attempt_043
2026-07-13 00:06:33 | RUN | 598/4858 | grammar_gerund_vs_infinitive__qwen3.5_4b__attempt_044
2026-07-13 00:06:43 | RUN | 599/4858 | grammar_gerund_vs_infinitive__qwen3.5_4b__attempt_045
2026-07-13 00:06:52 | RUN | 600/4858 | grammar_gerund_vs_infinitive__qwen3.5_4b__attempt_046
2026-07-13 00:07:11 | RUN | 601/4858 | grammar_gerund_vs_infinitive__qwen3.5_4b__attempt_047
2026-07-13 00:07:32 | RUN | 602/4858 | grammar_gerund_vs_infinitive__qwen3.5_4b__attempt_048
2026-07-13 00:07:41 | RUN | 603/4858 | grammar_gerund_vs_infinitive__qwen3.5_4b__attempt_049
2026-07-13 00:07:50 | RUN | 604/4858 | grammar_gerund_vs_infinitive__qwen3.5_4b__attempt_050
2026-07-13 00:07:59 | RUN | 605/4858 | grammar_gerund_vs_infinitive__qwen3.5_4b__attempt_051
2026-07-13 00:08:10 | RUN | 606/4858 | grammar_gerund_vs_infinitive__qwen3.5_4b__attempt_052
2026-07-13 00:08:19 | RUN | 607/4858 | grammar_gerund_vs_infinitive__qwen3.5_4b__attempt_053
2026-07-13 00:08:29 | RUN | 608/4858 | grammar_gerund_vs_infinitive__qwen3.5_4b__attempt_055
2026-07-13 00:08:38 | RUN | 609/4858 | grammar_gerund_vs_infinitive__qwen3.5_4b__attempt_056
2026-07-13 00:09:00 | RUN | 610/4858 | grammar_gerund_vs_infinitive__qwen3.5_4b__attempt_058
2026-07-13 00:09:21 | RUN | 611/4858 | grammar_gerund_vs_infinitive__qwen3.5_4b__attempt_060
2026-07-13 00:09:51 | RUN | 612/4858 | grammar_gerund_vs_infinitive__qwen3.5_4b__attempt_061
2026-07-13 00:10:00 | RUN | 613/4858 | grammar_gerund_vs_infinitive__qwen3.5_4b__attempt_062
2026-07-13 00:10:24 | RUN | 614/4858 | grammar_gerund_vs_infinitive__qwen3.5_4b__attempt_063
2026-07-13 00:10:35 | RUN | 615/4858 | grammar_gerund_vs_infinitive__qwen3.5_4b__attempt_064
2026-07-13 00:10:55 | RUN | 616/4858 | grammar_gerund_vs_infinitive__qwen3.5_4b__attempt_065
2026-07-13 00:11:04 | RUN | 617/4858 | grammar_gerund_vs_infinitive__qwen3.5_4b__attempt_066
2026-07-13 00:11:25 | RUN | 618/4858 | grammar_gerund_vs_infinitive__qwen3.5_4b__attempt_067
2026-07-13 00:11:37 | RUN | 619/4858 | grammar_gerund_vs_infinitive__qwen3.5_4b__attempt_068
2026-07-13 00:11:51 | RUN | 620/4858 | grammar_gerund_vs_infinitive__qwen3.5_4b__attempt_069
2026-07-13 00:12:02 | RUN | 621/4858 | grammar_gerund_vs_infinitive__qwen3.5_4b__attempt_070
2026-07-13 00:12:31 | RUN | 622/4858 | grammar_gerund_vs_infinitive__qwen3.5_4b__attempt_071
2026-07-13 00:12:53 | RUN | 623/4858 | grammar_gerund_vs_infinitive__qwen3.5_4b__attempt_072
2026-07-13 00:13:12 | RUN | 624/4858 | grammar_gerund_vs_infinitive__qwen3.5_4b__attempt_074
2026-07-13 00:13:23 | RUN | 625/4858 | grammar_gerund_vs_infinitive__qwen3.5_4b__attempt_076
2026-07-13 00:13:35 | RUN | 626/4858 | grammar_gerund_vs_infinitive__qwen3.5_4b__attempt_077
2026-07-13 00:13:44 | RUN | 627/4858 | grammar_gerund_vs_infinitive__qwen3.5_4b__attempt_078
2026-07-13 00:13:55 | RUN | 628/4858 | grammar_gerund_vs_infinitive__qwen3.5_4b__attempt_079
2026-07-13 00:14:04 | RUN | 629/4858 | grammar_gerund_vs_infinitive__qwen3.5_4b__attempt_080
2026-07-13 00:14:27 | RUN | 630/4858 | grammar_gerund_vs_infinitive__qwen3.5_4b__attempt_081
2026-07-13 00:14:36 | RUN | 631/4858 | grammar_gerund_vs_infinitive__qwen3.5_4b__attempt_082
2026-07-13 00:14:46 | RUN | 632/4858 | grammar_gerund_vs_infinitive__qwen3.5_4b__attempt_083
2026-07-13 00:14:56 | RUN | 633/4858 | grammar_gerund_vs_infinitive__qwen3.5_4b__attempt_084
2026-07-13 00:15:07 | RUN | 634/4858 | grammar_gerund_vs_infinitive__qwen3.5_4b__attempt_085
2026-07-13 00:15:28 | RUN | 635/4858 | grammar_gerund_vs_infinitive__qwen3.5_4b__attempt_086
2026-07-13 00:15:44 | RUN | 636/4858 | grammar_gerund_vs_infinitive__qwen3.5_4b__attempt_087
2026-07-13 00:16:07 | RUN | 637/4858 | grammar_gerund_vs_infinitive__qwen3.5_4b__attempt_088
2026-07-13 00:16:16 | RUN | 638/4858 | grammar_gerund_vs_infinitive__qwen3.5_4b__attempt_089
2026-07-13 00:16:29 | RUN | 639/4858 | grammar_gerund_vs_infinitive__qwen3.5_4b__attempt_090
2026-07-13 00:16:49 | RUN | 640/4858 | grammar_gerund_vs_infinitive__qwen3.5_4b__attempt_091
2026-07-13 00:16:58 | RUN | 641/4858 | grammar_gerund_vs_infinitive__qwen3.5_4b__attempt_092
2026-07-13 00:17:36 | RUN | 642/4858 | grammar_gerund_vs_infinitive__qwen3.5_4b__attempt_093
2026-07-13 00:17:56 | RUN | 643/4858 | grammar_gerund_vs_infinitive__qwen3.5_4b__attempt_094
2026-07-13 00:18:05 | RUN | 644/4858 | grammar_gerund_vs_infinitive__qwen3.5_4b__attempt_095
2026-07-13 00:18:17 | RUN | 645/4858 | grammar_gerund_vs_infinitive__qwen3.5_4b__attempt_096
2026-07-13 00:18:27 | RUN | 646/4858 | grammar_gerund_vs_infinitive__qwen3.5_4b__attempt_097
2026-07-13 00:18:47 | RUN | 647/4858 | grammar_gerund_vs_infinitive__qwen3.5_4b__attempt_098
2026-07-13 00:19:00 | RUN | 648/4858 | grammar_gerund_vs_infinitive__qwen3.5_4b__attempt_099
2026-07-13 00:19:11 | RUN | 649/4858 | grammar_gerund_vs_infinitive__qwen3.5_4b__attempt_100
2026-07-13 00:19:21 | RUN | 650/4858 | grammar_past_simple_vs_present_perfect__Bielik-4.5B-v3.0-Instruct-GGUF_Q8_0__attempt_003
2026-07-13 00:19:41 | RUN | 651/4858 | grammar_past_simple_vs_present_perfect__Bielik-4.5B-v3.0-Instruct-GGUF_Q8_0__attempt_007
2026-07-13 00:19:59 | RUN | 652/4858 | grammar_past_simple_vs_present_perfect__Bielik-4.5B-v3.0-Instruct-GGUF_Q8_0__attempt_011
2026-07-13 00:20:19 | RUN | 653/4858 | grammar_past_simple_vs_present_perfect__Bielik-4.5B-v3.0-Instruct-GGUF_Q8_0__attempt_013
2026-07-13 00:20:36 | RUN | 654/4858 | grammar_past_simple_vs_present_perfect__Bielik-4.5B-v3.0-Instruct-GGUF_Q8_0__attempt_014
2026-07-13 00:20:54 | RUN | 655/4858 | grammar_past_simple_vs_present_perfect__Bielik-4.5B-v3.0-Instruct-GGUF_Q8_0__attempt_019
2026-07-13 00:21:11 | RUN | 656/4858 | grammar_past_simple_vs_present_perfect__Bielik-4.5B-v3.0-Instruct-GGUF_Q8_0__attempt_022
2026-07-13 00:21:29 | RUN | 657/4858 | grammar_past_simple_vs_present_perfect__Bielik-4.5B-v3.0-Instruct-GGUF_Q8_0__attempt_024
2026-07-13 00:21:48 | RUN | 658/4858 | grammar_past_simple_vs_present_perfect__Bielik-4.5B-v3.0-Instruct-GGUF_Q8_0__attempt_026
2026-07-13 00:22:06 | RUN | 659/4858 | grammar_past_simple_vs_present_perfect__Bielik-4.5B-v3.0-Instruct-GGUF_Q8_0__attempt_030
2026-07-13 00:22:23 | RUN | 660/4858 | grammar_past_simple_vs_present_perfect__Bielik-4.5B-v3.0-Instruct-GGUF_Q8_0__attempt_033
2026-07-13 00:22:41 | RUN | 661/4858 | grammar_past_simple_vs_present_perfect__Bielik-4.5B-v3.0-Instruct-GGUF_Q8_0__attempt_034
2026-07-13 00:22:59 | RUN | 662/4858 | grammar_past_simple_vs_present_perfect__Bielik-4.5B-v3.0-Instruct-GGUF_Q8_0__attempt_036
2026-07-13 00:23:18 | RUN | 663/4858 | grammar_past_simple_vs_present_perfect__Bielik-4.5B-v3.0-Instruct-GGUF_Q8_0__attempt_037
2026-07-13 00:23:34 | RUN | 664/4858 | grammar_past_simple_vs_present_perfect__Bielik-4.5B-v3.0-Instruct-GGUF_Q8_0__attempt_040
2026-07-13 00:23:52 | RUN | 665/4858 | grammar_past_simple_vs_present_perfect__Bielik-4.5B-v3.0-Instruct-GGUF_Q8_0__attempt_041
2026-07-13 00:24:10 | RUN | 666/4858 | grammar_past_simple_vs_present_perfect__Bielik-4.5B-v3.0-Instruct-GGUF_Q8_0__attempt_042
2026-07-13 00:24:28 | RUN | 667/4858 | grammar_past_simple_vs_present_perfect__Bielik-4.5B-v3.0-Instruct-GGUF_Q8_0__attempt_050
2026-07-13 00:24:47 | RUN | 668/4858 | grammar_past_simple_vs_present_perfect__Bielik-4.5B-v3.0-Instruct-GGUF_Q8_0__attempt_053
2026-07-13 00:25:12 | RUN | 669/4858 | grammar_past_simple_vs_present_perfect__Bielik-4.5B-v3.0-Instruct-GGUF_Q8_0__attempt_054
2026-07-13 00:25:31 | RUN | 670/4858 | grammar_past_simple_vs_present_perfect__Bielik-4.5B-v3.0-Instruct-GGUF_Q8_0__attempt_056
2026-07-13 00:25:50 | RUN | 671/4858 | grammar_past_simple_vs_present_perfect__Bielik-4.5B-v3.0-Instruct-GGUF_Q8_0__attempt_058
2026-07-13 00:26:09 | RUN | 672/4858 | grammar_past_simple_vs_present_perfect__Bielik-4.5B-v3.0-Instruct-GGUF_Q8_0__attempt_059
2026-07-13 00:26:27 | RUN | 673/4858 | grammar_past_simple_vs_present_perfect__Bielik-4.5B-v3.0-Instruct-GGUF_Q8_0__attempt_060
2026-07-13 00:26:48 | RUN | 674/4858 | grammar_past_simple_vs_present_perfect__Bielik-4.5B-v3.0-Instruct-GGUF_Q8_0__attempt_064
2026-07-13 00:27:08 | RUN | 675/4858 | grammar_past_simple_vs_present_perfect__Bielik-4.5B-v3.0-Instruct-GGUF_Q8_0__attempt_066
2026-07-13 00:27:31 | RUN | 676/4858 | grammar_past_simple_vs_present_perfect__Bielik-4.5B-v3.0-Instruct-GGUF_Q8_0__attempt_069
2026-07-13 00:27:50 | RUN | 677/4858 | grammar_past_simple_vs_present_perfect__Bielik-4.5B-v3.0-Instruct-GGUF_Q8_0__attempt_071
2026-07-13 00:28:07 | RUN | 678/4858 | grammar_past_simple_vs_present_perfect__Bielik-4.5B-v3.0-Instruct-GGUF_Q8_0__attempt_074
2026-07-13 00:28:27 | RUN | 679/4858 | grammar_past_simple_vs_present_perfect__Bielik-4.5B-v3.0-Instruct-GGUF_Q8_0__attempt_077
2026-07-13 00:28:45 | RUN | 680/4858 | grammar_past_simple_vs_present_perfect__Bielik-4.5B-v3.0-Instruct-GGUF_Q8_0__attempt_078
2026-07-13 00:29:04 | RUN | 681/4858 | grammar_past_simple_vs_present_perfect__Bielik-4.5B-v3.0-Instruct-GGUF_Q8_0__attempt_082
2026-07-13 00:29:23 | RUN | 682/4858 | grammar_past_simple_vs_present_perfect__Bielik-4.5B-v3.0-Instruct-GGUF_Q8_0__attempt_083
2026-07-13 00:29:44 | RUN | 683/4858 | grammar_past_simple_vs_present_perfect__Bielik-4.5B-v3.0-Instruct-GGUF_Q8_0__attempt_090
2026-07-13 00:30:04 | RUN | 684/4858 | grammar_past_simple_vs_present_perfect__Bielik-4.5B-v3.0-Instruct-GGUF_Q8_0__attempt_092
2026-07-13 00:30:19 | RUN | 685/4858 | grammar_past_simple_vs_present_perfect__Bielik-4.5B-v3.0-Instruct-GGUF_Q8_0__attempt_094
2026-07-13 00:30:36 | RUN | 686/4858 | grammar_past_simple_vs_present_perfect__Bielik-4.5B-v3.0-Instruct-GGUF_Q8_0__attempt_095
2026-07-13 00:30:54 | RUN | 687/4858 | grammar_past_simple_vs_present_perfect__Bielik-4.5B-v3.0-Instruct-GGUF_Q8_0__attempt_096
2026-07-13 00:31:15 | RUN | 688/4858 | grammar_past_simple_vs_present_perfect__Bielik-4.5B-v3.0-Instruct-GGUF_Q8_0__attempt_097
2026-07-13 00:31:35 | RUN | 689/4858 | grammar_past_simple_vs_present_perfect__Bielik-4.5B-v3.0-Instruct-GGUF_Q8_0__attempt_099
2026-07-13 00:31:53 | RUN | 690/4858 | grammar_past_simple_vs_present_perfect__deepseek-r1_8b__attempt_001
2026-07-13 00:32:11 | RUN | 691/4858 | grammar_past_simple_vs_present_perfect__deepseek-r1_8b__attempt_003
2026-07-13 00:32:26 | RUN | 692/4858 | grammar_past_simple_vs_present_perfect__deepseek-r1_8b__attempt_004
2026-07-13 00:32:45 | RUN | 693/4858 | grammar_past_simple_vs_present_perfect__deepseek-r1_8b__attempt_005
2026-07-13 00:33:02 | RUN | 694/4858 | grammar_past_simple_vs_present_perfect__deepseek-r1_8b__attempt_008
2026-07-13 00:33:26 | RUN | 695/4858 | grammar_past_simple_vs_present_perfect__deepseek-r1_8b__attempt_009
2026-07-13 00:33:44 | RUN | 696/4858 | grammar_past_simple_vs_present_perfect__deepseek-r1_8b__attempt_011
2026-07-13 00:34:01 | RUN | 697/4858 | grammar_past_simple_vs_present_perfect__deepseek-r1_8b__attempt_012
2026-07-13 00:34:20 | RUN | 698/4858 | grammar_past_simple_vs_present_perfect__deepseek-r1_8b__attempt_013
2026-07-13 00:34:38 | RUN | 699/4858 | grammar_past_simple_vs_present_perfect__deepseek-r1_8b__attempt_014
2026-07-13 00:34:57 | RUN | 700/4858 | grammar_past_simple_vs_present_perfect__deepseek-r1_8b__attempt_015
2026-07-13 00:35:16 | RUN | 701/4858 | grammar_past_simple_vs_present_perfect__deepseek-r1_8b__attempt_017
2026-07-13 00:35:33 | RUN | 702/4858 | grammar_past_simple_vs_present_perfect__deepseek-r1_8b__attempt_022
2026-07-13 00:35:48 | RUN | 703/4858 | grammar_past_simple_vs_present_perfect__deepseek-r1_8b__attempt_024
2026-07-13 00:36:08 | RUN | 704/4858 | grammar_past_simple_vs_present_perfect__deepseek-r1_8b__attempt_025
2026-07-13 00:36:26 | RUN | 705/4858 | grammar_past_simple_vs_present_perfect__deepseek-r1_8b__attempt_026
2026-07-13 00:36:46 | RUN | 706/4858 | grammar_past_simple_vs_present_perfect__deepseek-r1_8b__attempt_027
2026-07-13 00:37:05 | RUN | 707/4858 | grammar_past_simple_vs_present_perfect__deepseek-r1_8b__attempt_030
2026-07-13 00:37:22 | RUN | 708/4858 | grammar_past_simple_vs_present_perfect__deepseek-r1_8b__attempt_033
2026-07-13 00:37:43 | RUN | 709/4858 | grammar_past_simple_vs_present_perfect__deepseek-r1_8b__attempt_035
2026-07-13 00:38:01 | RUN | 710/4858 | grammar_past_simple_vs_present_perfect__deepseek-r1_8b__attempt_036
2026-07-13 00:38:16 | RUN | 711/4858 | grammar_past_simple_vs_present_perfect__deepseek-r1_8b__attempt_037
2026-07-13 00:38:32 | RUN | 712/4858 | grammar_past_simple_vs_present_perfect__deepseek-r1_8b__attempt_038
2026-07-13 00:38:52 | RUN | 713/4858 | grammar_past_simple_vs_present_perfect__deepseek-r1_8b__attempt_040
2026-07-13 00:39:11 | RUN | 714/4858 | grammar_past_simple_vs_present_perfect__deepseek-r1_8b__attempt_042
2026-07-13 00:39:30 | RUN | 715/4858 | grammar_past_simple_vs_present_perfect__deepseek-r1_8b__attempt_043
2026-07-13 00:39:47 | RUN | 716/4858 | grammar_past_simple_vs_present_perfect__deepseek-r1_8b__attempt_044
2026-07-13 00:40:05 | RUN | 717/4858 | grammar_past_simple_vs_present_perfect__deepseek-r1_8b__attempt_045
2026-07-13 00:40:23 | RUN | 718/4858 | grammar_past_simple_vs_present_perfect__deepseek-r1_8b__attempt_046
2026-07-13 00:40:41 | RUN | 719/4858 | grammar_past_simple_vs_present_perfect__deepseek-r1_8b__attempt_047
2026-07-13 00:40:59 | RUN | 720/4858 | grammar_past_simple_vs_present_perfect__deepseek-r1_8b__attempt_048
2026-07-13 00:41:18 | RUN | 721/4858 | grammar_past_simple_vs_present_perfect__deepseek-r1_8b__attempt_049
2026-07-13 00:41:35 | RUN | 722/4858 | grammar_past_simple_vs_present_perfect__deepseek-r1_8b__attempt_050
2026-07-13 00:41:51 | RUN | 723/4858 | grammar_past_simple_vs_present_perfect__deepseek-r1_8b__attempt_051
2026-07-13 00:42:09 | RUN | 724/4858 | grammar_past_simple_vs_present_perfect__deepseek-r1_8b__attempt_052
2026-07-13 00:42:35 | RUN | 725/4858 | grammar_past_simple_vs_present_perfect__deepseek-r1_8b__attempt_054
2026-07-13 00:42:53 | RUN | 726/4858 | grammar_past_simple_vs_present_perfect__deepseek-r1_8b__attempt_056
2026-07-13 00:43:12 | RUN | 727/4858 | grammar_past_simple_vs_present_perfect__deepseek-r1_8b__attempt_058
2026-07-13 00:43:32 | RUN | 728/4858 | grammar_past_simple_vs_present_perfect__deepseek-r1_8b__attempt_059
2026-07-13 00:43:50 | RUN | 729/4858 | grammar_past_simple_vs_present_perfect__deepseek-r1_8b__attempt_062
2026-07-13 00:44:10 | RUN | 730/4858 | grammar_past_simple_vs_present_perfect__deepseek-r1_8b__attempt_065
2026-07-13 00:44:35 | RUN | 731/4858 | grammar_past_simple_vs_present_perfect__deepseek-r1_8b__attempt_068
2026-07-13 00:44:53 | RUN | 732/4858 | grammar_past_simple_vs_present_perfect__deepseek-r1_8b__attempt_069
2026-07-13 00:45:12 | RUN | 733/4858 | grammar_past_simple_vs_present_perfect__deepseek-r1_8b__attempt_070
2026-07-13 00:45:30 | RUN | 734/4858 | grammar_past_simple_vs_present_perfect__deepseek-r1_8b__attempt_071
2026-07-13 00:45:50 | RUN | 735/4858 | grammar_past_simple_vs_present_perfect__deepseek-r1_8b__attempt_072
2026-07-13 00:46:08 | RUN | 736/4858 | grammar_past_simple_vs_present_perfect__deepseek-r1_8b__attempt_075
2026-07-13 00:46:27 | RUN | 737/4858 | grammar_past_simple_vs_present_perfect__deepseek-r1_8b__attempt_076
2026-07-13 00:46:48 | RUN | 738/4858 | grammar_past_simple_vs_present_perfect__deepseek-r1_8b__attempt_077
2026-07-13 00:47:02 | RUN | 739/4858 | grammar_past_simple_vs_present_perfect__deepseek-r1_8b__attempt_080
2026-07-13 00:47:22 | RUN | 740/4858 | grammar_past_simple_vs_present_perfect__deepseek-r1_8b__attempt_081
2026-07-13 00:47:39 | RUN | 741/4858 | grammar_past_simple_vs_present_perfect__deepseek-r1_8b__attempt_083
2026-07-13 00:47:57 | RUN | 742/4858 | grammar_past_simple_vs_present_perfect__deepseek-r1_8b__attempt_086
2026-07-13 00:48:17 | RUN | 743/4858 | grammar_past_simple_vs_present_perfect__deepseek-r1_8b__attempt_087
2026-07-13 00:48:36 | RUN | 744/4858 | grammar_past_simple_vs_present_perfect__deepseek-r1_8b__attempt_088
2026-07-13 00:48:55 | RUN | 745/4858 | grammar_past_simple_vs_present_perfect__deepseek-r1_8b__attempt_089
2026-07-13 00:49:14 | RUN | 746/4858 | grammar_past_simple_vs_present_perfect__deepseek-r1_8b__attempt_091
2026-07-13 00:49:31 | RUN | 747/4858 | grammar_past_simple_vs_present_perfect__deepseek-r1_8b__attempt_094
2026-07-13 00:49:51 | RUN | 748/4858 | grammar_past_simple_vs_present_perfect__deepseek-r1_8b__attempt_096
2026-07-13 00:50:06 | RUN | 749/4858 | grammar_past_simple_vs_present_perfect__deepseek-r1_8b__attempt_097
2026-07-13 00:50:25 | RUN | 750/4858 | grammar_past_simple_vs_present_perfect__deepseek-r1_8b__attempt_098
2026-07-13 00:50:41 | RUN | 751/4858 | grammar_past_simple_vs_present_perfect__deepseek-r1_8b__attempt_099
2026-07-13 00:51:02 | RUN | 752/4858 | grammar_past_simple_vs_present_perfect__deepseek-r1_8b__attempt_100
2026-07-13 00:51:22 | RUN | 753/4858 | grammar_past_simple_vs_present_perfect__llama3.1_8b__attempt_001
2026-07-13 00:51:38 | RUN | 754/4858 | grammar_past_simple_vs_present_perfect__llama3.1_8b__attempt_002
2026-07-13 00:51:59 | RUN | 755/4858 | grammar_past_simple_vs_present_perfect__llama3.1_8b__attempt_003
2026-07-13 00:52:21 | RUN | 756/4858 | grammar_past_simple_vs_present_perfect__llama3.1_8b__attempt_004
2026-07-13 00:52:39 | RUN | 757/4858 | grammar_past_simple_vs_present_perfect__llama3.1_8b__attempt_006
2026-07-13 00:52:56 | RUN | 758/4858 | grammar_past_simple_vs_present_perfect__llama3.1_8b__attempt_007
2026-07-13 00:53:16 | RUN | 759/4858 | grammar_past_simple_vs_present_perfect__llama3.1_8b__attempt_008
2026-07-13 00:53:34 | RUN | 760/4858 | grammar_past_simple_vs_present_perfect__llama3.1_8b__attempt_009
2026-07-13 00:53:53 | RUN | 761/4858 | grammar_past_simple_vs_present_perfect__llama3.1_8b__attempt_010
2026-07-13 00:54:09 | RUN | 762/4858 | grammar_past_simple_vs_present_perfect__llama3.1_8b__attempt_011
2026-07-13 00:54:30 | RUN | 763/4858 | grammar_past_simple_vs_present_perfect__llama3.1_8b__attempt_012
2026-07-13 00:54:48 | RUN | 764/4858 | grammar_past_simple_vs_present_perfect__llama3.1_8b__attempt_013
2026-07-13 00:55:05 | RUN | 765/4858 | grammar_past_simple_vs_present_perfect__llama3.1_8b__attempt_014
2026-07-13 00:55:24 | RUN | 766/4858 | grammar_past_simple_vs_present_perfect__llama3.1_8b__attempt_015
2026-07-13 00:55:42 | RUN | 767/4858 | grammar_past_simple_vs_present_perfect__llama3.1_8b__attempt_016
2026-07-13 00:56:01 | RUN | 768/4858 | grammar_past_simple_vs_present_perfect__llama3.1_8b__attempt_017
2026-07-13 00:56:18 | RUN | 769/4858 | grammar_past_simple_vs_present_perfect__llama3.1_8b__attempt_018
2026-07-13 00:56:39 | RUN | 770/4858 | grammar_past_simple_vs_present_perfect__llama3.1_8b__attempt_019
2026-07-13 00:56:55 | RUN | 771/4858 | grammar_past_simple_vs_present_perfect__llama3.1_8b__attempt_020
2026-07-13 00:57:13 | RUN | 772/4858 | grammar_past_simple_vs_present_perfect__llama3.1_8b__attempt_021
2026-07-13 00:57:39 | RUN | 773/4858 | grammar_past_simple_vs_present_perfect__llama3.1_8b__attempt_022
2026-07-13 00:57:56 | RUN | 774/4858 | grammar_past_simple_vs_present_perfect__llama3.1_8b__attempt_023
2026-07-13 00:58:19 | RUN | 775/4858 | grammar_past_simple_vs_present_perfect__llama3.1_8b__attempt_024
2026-07-13 00:58:39 | RUN | 776/4858 | grammar_past_simple_vs_present_perfect__llama3.1_8b__attempt_025
2026-07-13 00:58:59 | RUN | 777/4858 | grammar_past_simple_vs_present_perfect__llama3.1_8b__attempt_026
2026-07-13 00:59:15 | RUN | 778/4858 | grammar_past_simple_vs_present_perfect__llama3.1_8b__attempt_028
2026-07-13 00:59:33 | RUN | 779/4858 | grammar_past_simple_vs_present_perfect__llama3.1_8b__attempt_030
2026-07-13 00:59:52 | RUN | 780/4858 | grammar_past_simple_vs_present_perfect__llama3.1_8b__attempt_031
2026-07-13 01:00:10 | RUN | 781/4858 | grammar_past_simple_vs_present_perfect__llama3.1_8b__attempt_032
2026-07-13 01:00:28 | RUN | 782/4858 | grammar_past_simple_vs_present_perfect__llama3.1_8b__attempt_033
2026-07-13 01:00:46 | RUN | 783/4858 | grammar_past_simple_vs_present_perfect__llama3.1_8b__attempt_034
2026-07-13 01:01:03 | RUN | 784/4858 | grammar_past_simple_vs_present_perfect__llama3.1_8b__attempt_035
2026-07-13 01:01:21 | RUN | 785/4858 | grammar_past_simple_vs_present_perfect__llama3.1_8b__attempt_036
2026-07-13 01:01:41 | RUN | 786/4858 | grammar_past_simple_vs_present_perfect__llama3.1_8b__attempt_037
2026-07-13 01:02:00 | RUN | 787/4858 | grammar_past_simple_vs_present_perfect__llama3.1_8b__attempt_038
2026-07-13 01:02:17 | RUN | 788/4858 | grammar_past_simple_vs_present_perfect__llama3.1_8b__attempt_039
2026-07-13 01:02:38 | RUN | 789/4858 | grammar_past_simple_vs_present_perfect__llama3.1_8b__attempt_040
2026-07-13 01:02:57 | RUN | 790/4858 | grammar_past_simple_vs_present_perfect__llama3.1_8b__attempt_043
2026-07-13 01:03:14 | RUN | 791/4858 | grammar_past_simple_vs_present_perfect__llama3.1_8b__attempt_044
2026-07-13 01:03:35 | RUN | 792/4858 | grammar_past_simple_vs_present_perfect__llama3.1_8b__attempt_045
2026-07-13 01:03:55 | RUN | 793/4858 | grammar_past_simple_vs_present_perfect__llama3.1_8b__attempt_046
2026-07-13 01:04:29 | RUN | 794/4858 | grammar_past_simple_vs_present_perfect__llama3.1_8b__attempt_047
2026-07-13 01:04:46 | RUN | 795/4858 | grammar_past_simple_vs_present_perfect__llama3.1_8b__attempt_048
2026-07-13 01:05:06 | RUN | 796/4858 | grammar_past_simple_vs_present_perfect__llama3.1_8b__attempt_049
2026-07-13 01:05:24 | RUN | 797/4858 | grammar_past_simple_vs_present_perfect__llama3.1_8b__attempt_050
2026-07-13 01:05:42 | RUN | 798/4858 | grammar_past_simple_vs_present_perfect__llama3.1_8b__attempt_051
2026-07-13 01:06:03 | RUN | 799/4858 | grammar_past_simple_vs_present_perfect__llama3.1_8b__attempt_052
2026-07-13 01:06:20 | RUN | 800/4858 | grammar_past_simple_vs_present_perfect__llama3.1_8b__attempt_053
2026-07-13 01:06:37 | RUN | 801/4858 | grammar_past_simple_vs_present_perfect__llama3.1_8b__attempt_054
2026-07-13 01:06:52 | RUN | 802/4858 | grammar_past_simple_vs_present_perfect__llama3.1_8b__attempt_055
2026-07-13 01:07:14 | RUN | 803/4858 | grammar_past_simple_vs_present_perfect__llama3.1_8b__attempt_056
2026-07-13 01:07:34 | RUN | 804/4858 | grammar_past_simple_vs_present_perfect__llama3.1_8b__attempt_058
2026-07-13 01:07:58 | RUN | 805/4858 | grammar_past_simple_vs_present_perfect__llama3.1_8b__attempt_059
2026-07-13 01:08:18 | RUN | 806/4858 | grammar_past_simple_vs_present_perfect__llama3.1_8b__attempt_061
2026-07-13 01:08:37 | RUN | 807/4858 | grammar_past_simple_vs_present_perfect__llama3.1_8b__attempt_063
2026-07-13 01:08:58 | RUN | 808/4858 | grammar_past_simple_vs_present_perfect__llama3.1_8b__attempt_064
2026-07-13 01:09:15 | RUN | 809/4858 | grammar_past_simple_vs_present_perfect__llama3.1_8b__attempt_065
2026-07-13 01:09:36 | RUN | 810/4858 | grammar_past_simple_vs_present_perfect__llama3.1_8b__attempt_066
2026-07-13 01:09:57 | RUN | 811/4858 | grammar_past_simple_vs_present_perfect__llama3.1_8b__attempt_067
2026-07-13 01:10:15 | RUN | 812/4858 | grammar_past_simple_vs_present_perfect__llama3.1_8b__attempt_068
2026-07-13 01:10:35 | RUN | 813/4858 | grammar_past_simple_vs_present_perfect__llama3.1_8b__attempt_069
2026-07-13 01:10:54 | RUN | 814/4858 | grammar_past_simple_vs_present_perfect__llama3.1_8b__attempt_070
2026-07-13 01:11:16 | RUN | 815/4858 | grammar_past_simple_vs_present_perfect__llama3.1_8b__attempt_071
2026-07-13 01:11:36 | RUN | 816/4858 | grammar_past_simple_vs_present_perfect__llama3.1_8b__attempt_072
2026-07-13 01:11:53 | RUN | 817/4858 | grammar_past_simple_vs_present_perfect__llama3.1_8b__attempt_073
2026-07-13 01:12:11 | RUN | 818/4858 | grammar_past_simple_vs_present_perfect__llama3.1_8b__attempt_074
2026-07-13 01:12:29 | RUN | 819/4858 | grammar_past_simple_vs_present_perfect__llama3.1_8b__attempt_075
2026-07-13 01:12:51 | RUN | 820/4858 | grammar_past_simple_vs_present_perfect__llama3.1_8b__attempt_077
2026-07-13 01:13:10 | RUN | 821/4858 | grammar_past_simple_vs_present_perfect__llama3.1_8b__attempt_078
2026-07-13 01:13:28 | RUN | 822/4858 | grammar_past_simple_vs_present_perfect__llama3.1_8b__attempt_079
2026-07-13 01:13:46 | RUN | 823/4858 | grammar_past_simple_vs_present_perfect__llama3.1_8b__attempt_080
2026-07-13 01:14:01 | RUN | 824/4858 | grammar_past_simple_vs_present_perfect__llama3.1_8b__attempt_081
2026-07-13 01:14:18 | RUN | 825/4858 | grammar_past_simple_vs_present_perfect__llama3.1_8b__attempt_083
2026-07-13 01:14:35 | RUN | 826/4858 | grammar_past_simple_vs_present_perfect__llama3.1_8b__attempt_084
2026-07-13 01:14:54 | RUN | 827/4858 | grammar_past_simple_vs_present_perfect__llama3.1_8b__attempt_085
2026-07-13 01:15:14 | RUN | 828/4858 | grammar_past_simple_vs_present_perfect__llama3.1_8b__attempt_086
2026-07-13 01:15:35 | RUN | 829/4858 | grammar_past_simple_vs_present_perfect__llama3.1_8b__attempt_087
2026-07-13 01:15:53 | RUN | 830/4858 | grammar_past_simple_vs_present_perfect__llama3.1_8b__attempt_088
2026-07-13 01:16:11 | RUN | 831/4858 | grammar_past_simple_vs_present_perfect__llama3.1_8b__attempt_089
2026-07-13 01:16:30 | RUN | 832/4858 | grammar_past_simple_vs_present_perfect__llama3.1_8b__attempt_090
2026-07-13 01:16:52 | RUN | 833/4858 | grammar_past_simple_vs_present_perfect__llama3.1_8b__attempt_091
2026-07-13 01:17:11 | RUN | 834/4858 | grammar_past_simple_vs_present_perfect__llama3.1_8b__attempt_092
2026-07-13 01:17:30 | RUN | 835/4858 | grammar_past_simple_vs_present_perfect__llama3.1_8b__attempt_093
2026-07-13 01:17:47 | RUN | 836/4858 | grammar_past_simple_vs_present_perfect__llama3.1_8b__attempt_094
2026-07-13 01:18:06 | RUN | 837/4858 | grammar_past_simple_vs_present_perfect__llama3.1_8b__attempt_095
2026-07-13 01:18:25 | RUN | 838/4858 | grammar_past_simple_vs_present_perfect__llama3.1_8b__attempt_096
2026-07-13 01:18:43 | RUN | 839/4858 | grammar_past_simple_vs_present_perfect__llama3.1_8b__attempt_097
2026-07-13 01:19:02 | RUN | 840/4858 | grammar_past_simple_vs_present_perfect__llama3.1_8b__attempt_098
2026-07-13 01:19:20 | RUN | 841/4858 | grammar_past_simple_vs_present_perfect__ministral-3_3b__attempt_001
2026-07-13 01:19:33 | RUN | 842/4858 | grammar_past_simple_vs_present_perfect__ministral-3_3b__attempt_005
2026-07-13 01:19:52 | RUN | 843/4858 | grammar_past_simple_vs_present_perfect__ministral-3_3b__attempt_007
2026-07-13 01:20:10 | RUN | 844/4858 | grammar_past_simple_vs_present_perfect__ministral-3_3b__attempt_008
2026-07-13 01:20:26 | RUN | 845/4858 | grammar_past_simple_vs_present_perfect__ministral-3_3b__attempt_014
2026-07-13 01:20:43 | RUN | 846/4858 | grammar_past_simple_vs_present_perfect__ministral-3_3b__attempt_019
2026-07-13 01:21:02 | RUN | 847/4858 | grammar_past_simple_vs_present_perfect__ministral-3_3b__attempt_024
2026-07-13 01:21:20 | RUN | 848/4858 | grammar_past_simple_vs_present_perfect__ministral-3_3b__attempt_025
2026-07-13 01:21:36 | RUN | 849/4858 | grammar_past_simple_vs_present_perfect__ministral-3_3b__attempt_027
2026-07-13 01:21:53 | RUN | 850/4858 | grammar_past_simple_vs_present_perfect__ministral-3_3b__attempt_030
2026-07-13 01:22:11 | RUN | 851/4858 | grammar_past_simple_vs_present_perfect__ministral-3_3b__attempt_034
2026-07-13 01:22:28 | RUN | 852/4858 | grammar_past_simple_vs_present_perfect__ministral-3_3b__attempt_037
2026-07-13 01:22:47 | RUN | 853/4858 | grammar_past_simple_vs_present_perfect__ministral-3_3b__attempt_043
2026-07-13 01:23:03 | RUN | 854/4858 | grammar_past_simple_vs_present_perfect__ministral-3_3b__attempt_044
2026-07-13 01:23:19 | RUN | 855/4858 | grammar_past_simple_vs_present_perfect__ministral-3_3b__attempt_046
2026-07-13 01:23:35 | RUN | 856/4858 | grammar_past_simple_vs_present_perfect__ministral-3_3b__attempt_047
2026-07-13 01:23:55 | RUN | 857/4858 | grammar_past_simple_vs_present_perfect__ministral-3_3b__attempt_048
2026-07-13 01:24:13 | RUN | 858/4858 | grammar_past_simple_vs_present_perfect__ministral-3_3b__attempt_049
2026-07-13 01:24:28 | RUN | 859/4858 | grammar_past_simple_vs_present_perfect__ministral-3_3b__attempt_050
2026-07-13 01:24:43 | RUN | 860/4858 | grammar_past_simple_vs_present_perfect__ministral-3_3b__attempt_051
2026-07-13 01:25:00 | RUN | 861/4858 | grammar_past_simple_vs_present_perfect__ministral-3_3b__attempt_052
2026-07-13 01:25:20 | RUN | 862/4858 | grammar_past_simple_vs_present_perfect__ministral-3_3b__attempt_053
2026-07-13 01:25:38 | RUN | 863/4858 | grammar_past_simple_vs_present_perfect__ministral-3_3b__attempt_054
2026-07-13 01:25:54 | RUN | 864/4858 | grammar_past_simple_vs_present_perfect__ministral-3_3b__attempt_065
2026-07-13 01:26:17 | RUN | 865/4858 | grammar_past_simple_vs_present_perfect__ministral-3_3b__attempt_066
2026-07-13 01:26:41 | RUN | 866/4858 | grammar_past_simple_vs_present_perfect__ministral-3_3b__attempt_067
2026-07-13 01:27:05 | RUN | 867/4858 | grammar_past_simple_vs_present_perfect__ministral-3_3b__attempt_068
2026-07-13 01:27:23 | RUN | 868/4858 | grammar_past_simple_vs_present_perfect__ministral-3_3b__attempt_069
2026-07-13 01:27:39 | RUN | 869/4858 | grammar_past_simple_vs_present_perfect__ministral-3_3b__attempt_075
2026-07-13 01:28:01 | RUN | 870/4858 | grammar_past_simple_vs_present_perfect__ministral-3_3b__attempt_077
2026-07-13 01:28:20 | RUN | 871/4858 | grammar_past_simple_vs_present_perfect__ministral-3_3b__attempt_081
2026-07-13 01:28:43 | RUN | 872/4858 | grammar_past_simple_vs_present_perfect__ministral-3_3b__attempt_084
2026-07-13 01:29:05 | RUN | 873/4858 | grammar_past_simple_vs_present_perfect__ministral-3_3b__attempt_087
2026-07-13 01:29:20 | RUN | 874/4858 | grammar_past_simple_vs_present_perfect__ministral-3_3b__attempt_091
2026-07-13 01:29:36 | RUN | 875/4858 | grammar_past_simple_vs_present_perfect__ministral-3_3b__attempt_096
2026-07-13 01:29:54 | RUN | 876/4858 | grammar_past_simple_vs_present_perfect__ministral-3_3b__attempt_097
2026-07-13 01:30:10 | RUN | 877/4858 | grammar_past_simple_vs_present_perfect__ministral-3_3b__attempt_099
2026-07-13 01:30:27 | RUN | 878/4858 | grammar_past_simple_vs_present_perfect__qwen3.5_4b__attempt_001
2026-07-13 01:30:36 | RUN | 879/4858 | grammar_past_simple_vs_present_perfect__qwen3.5_4b__attempt_003
2026-07-13 01:30:53 | RUN | 880/4858 | grammar_past_simple_vs_present_perfect__qwen3.5_4b__attempt_004
2026-07-13 01:31:12 | RUN | 881/4858 | grammar_past_simple_vs_present_perfect__qwen3.5_4b__attempt_005
2026-07-13 01:31:30 | RUN | 882/4858 | grammar_past_simple_vs_present_perfect__qwen3.5_4b__attempt_007
2026-07-13 01:31:39 | RUN | 883/4858 | grammar_past_simple_vs_present_perfect__qwen3.5_4b__attempt_009
2026-07-13 01:32:00 | RUN | 884/4858 | grammar_past_simple_vs_present_perfect__qwen3.5_4b__attempt_010
2026-07-13 01:32:22 | RUN | 885/4858 | grammar_past_simple_vs_present_perfect__qwen3.5_4b__attempt_012
2026-07-13 01:32:31 | RUN | 886/4858 | grammar_past_simple_vs_present_perfect__qwen3.5_4b__attempt_014
2026-07-13 01:32:51 | RUN | 887/4858 | grammar_past_simple_vs_present_perfect__qwen3.5_4b__attempt_015
2026-07-13 01:33:17 | RUN | 888/4858 | grammar_past_simple_vs_present_perfect__qwen3.5_4b__attempt_016
2026-07-13 01:33:26 | RUN | 889/4858 | grammar_past_simple_vs_present_perfect__qwen3.5_4b__attempt_017
2026-07-13 01:33:43 | RUN | 890/4858 | grammar_past_simple_vs_present_perfect__qwen3.5_4b__attempt_018
2026-07-13 01:34:06 | RUN | 891/4858 | grammar_past_simple_vs_present_perfect__qwen3.5_4b__attempt_019
2026-07-13 01:34:23 | RUN | 892/4858 | grammar_past_simple_vs_present_perfect__qwen3.5_4b__attempt_020
2026-07-13 01:34:43 | RUN | 893/4858 | grammar_past_simple_vs_present_perfect__qwen3.5_4b__attempt_021
2026-07-13 01:34:53 | RUN | 894/4858 | grammar_past_simple_vs_present_perfect__qwen3.5_4b__attempt_023
2026-07-13 01:35:02 | RUN | 895/4858 | grammar_past_simple_vs_present_perfect__qwen3.5_4b__attempt_024
2026-07-13 01:35:19 | RUN | 896/4858 | grammar_past_simple_vs_present_perfect__qwen3.5_4b__attempt_025
2026-07-13 01:35:38 | RUN | 897/4858 | grammar_past_simple_vs_present_perfect__qwen3.5_4b__attempt_026
2026-07-13 01:36:01 | RUN | 898/4858 | grammar_past_simple_vs_present_perfect__qwen3.5_4b__attempt_027
2026-07-13 01:36:11 | RUN | 899/4858 | grammar_past_simple_vs_present_perfect__qwen3.5_4b__attempt_028
2026-07-13 01:36:29 | RUN | 900/4858 | grammar_past_simple_vs_present_perfect__qwen3.5_4b__attempt_029
2026-07-13 01:36:49 | RUN | 901/4858 | grammar_past_simple_vs_present_perfect__qwen3.5_4b__attempt_030
2026-07-13 01:37:10 | RUN | 902/4858 | grammar_past_simple_vs_present_perfect__qwen3.5_4b__attempt_031
2026-07-13 01:37:27 | RUN | 903/4858 | grammar_past_simple_vs_present_perfect__qwen3.5_4b__attempt_032
2026-07-13 01:37:36 | RUN | 904/4858 | grammar_past_simple_vs_present_perfect__qwen3.5_4b__attempt_033
2026-07-13 01:37:45 | RUN | 905/4858 | grammar_past_simple_vs_present_perfect__qwen3.5_4b__attempt_034
2026-07-13 01:37:55 | RUN | 906/4858 | grammar_past_simple_vs_present_perfect__qwen3.5_4b__attempt_035
2026-07-13 01:38:17 | RUN | 907/4858 | grammar_past_simple_vs_present_perfect__qwen3.5_4b__attempt_036
2026-07-13 01:38:26 | RUN | 908/4858 | grammar_past_simple_vs_present_perfect__qwen3.5_4b__attempt_037
2026-07-13 01:38:45 | RUN | 909/4858 | grammar_past_simple_vs_present_perfect__qwen3.5_4b__attempt_039
2026-07-13 01:38:55 | RUN | 910/4858 | grammar_past_simple_vs_present_perfect__qwen3.5_4b__attempt_040
2026-07-13 01:39:05 | RUN | 911/4858 | grammar_past_simple_vs_present_perfect__qwen3.5_4b__attempt_041
2026-07-13 01:39:14 | RUN | 912/4858 | grammar_past_simple_vs_present_perfect__qwen3.5_4b__attempt_042
2026-07-13 01:39:34 | RUN | 913/4858 | grammar_past_simple_vs_present_perfect__qwen3.5_4b__attempt_043
2026-07-13 01:39:43 | RUN | 914/4858 | grammar_past_simple_vs_present_perfect__qwen3.5_4b__attempt_044
2026-07-13 01:39:52 | RUN | 915/4858 | grammar_past_simple_vs_present_perfect__qwen3.5_4b__attempt_045
2026-07-13 01:40:10 | RUN | 916/4858 | grammar_past_simple_vs_present_perfect__qwen3.5_4b__attempt_047
2026-07-13 01:40:30 | RUN | 917/4858 | grammar_past_simple_vs_present_perfect__qwen3.5_4b__attempt_048
2026-07-13 01:40:50 | RUN | 918/4858 | grammar_past_simple_vs_present_perfect__qwen3.5_4b__attempt_049
2026-07-13 01:41:08 | RUN | 919/4858 | grammar_past_simple_vs_present_perfect__qwen3.5_4b__attempt_050
2026-07-13 01:41:18 | RUN | 920/4858 | grammar_past_simple_vs_present_perfect__qwen3.5_4b__attempt_051
2026-07-13 01:41:37 | RUN | 921/4858 | grammar_past_simple_vs_present_perfect__qwen3.5_4b__attempt_052
2026-07-13 01:41:49 | RUN | 922/4858 | grammar_past_simple_vs_present_perfect__qwen3.5_4b__attempt_054
2026-07-13 01:41:58 | RUN | 923/4858 | grammar_past_simple_vs_present_perfect__qwen3.5_4b__attempt_055
2026-07-13 01:42:17 | RUN | 924/4858 | grammar_past_simple_vs_present_perfect__qwen3.5_4b__attempt_056
2026-07-13 01:42:38 | RUN | 925/4858 | grammar_past_simple_vs_present_perfect__qwen3.5_4b__attempt_057
2026-07-13 01:43:04 | RUN | 926/4858 | grammar_past_simple_vs_present_perfect__qwen3.5_4b__attempt_058
2026-07-13 01:43:28 | RUN | 927/4858 | grammar_past_simple_vs_present_perfect__qwen3.5_4b__attempt_059
2026-07-13 01:43:47 | RUN | 928/4858 | grammar_past_simple_vs_present_perfect__qwen3.5_4b__attempt_060
2026-07-13 01:44:03 | RUN | 929/4858 | grammar_past_simple_vs_present_perfect__qwen3.5_4b__attempt_061
2026-07-13 01:44:19 | RUN | 930/4858 | grammar_past_simple_vs_present_perfect__qwen3.5_4b__attempt_062
2026-07-13 01:44:38 | RUN | 931/4858 | grammar_past_simple_vs_present_perfect__qwen3.5_4b__attempt_064
2026-07-13 01:44:54 | RUN | 932/4858 | grammar_past_simple_vs_present_perfect__qwen3.5_4b__attempt_065
2026-07-13 01:45:10 | RUN | 933/4858 | grammar_past_simple_vs_present_perfect__qwen3.5_4b__attempt_066
2026-07-13 01:45:20 | RUN | 934/4858 | grammar_past_simple_vs_present_perfect__qwen3.5_4b__attempt_067
2026-07-13 01:45:29 | RUN | 935/4858 | grammar_past_simple_vs_present_perfect__qwen3.5_4b__attempt_068
2026-07-13 01:45:47 | RUN | 936/4858 | grammar_past_simple_vs_present_perfect__qwen3.5_4b__attempt_069
2026-07-13 01:46:11 | RUN | 937/4858 | grammar_past_simple_vs_present_perfect__qwen3.5_4b__attempt_070
2026-07-13 01:46:29 | RUN | 938/4858 | grammar_past_simple_vs_present_perfect__qwen3.5_4b__attempt_071
2026-07-13 01:46:47 | RUN | 939/4858 | grammar_past_simple_vs_present_perfect__qwen3.5_4b__attempt_072
2026-07-13 01:46:56 | RUN | 940/4858 | grammar_past_simple_vs_present_perfect__qwen3.5_4b__attempt_074
2026-07-13 01:47:05 | RUN | 941/4858 | grammar_past_simple_vs_present_perfect__qwen3.5_4b__attempt_076
2026-07-13 01:47:14 | RUN | 942/4858 | grammar_past_simple_vs_present_perfect__qwen3.5_4b__attempt_077
2026-07-13 01:47:32 | RUN | 943/4858 | grammar_past_simple_vs_present_perfect__qwen3.5_4b__attempt_078
2026-07-13 01:47:42 | RUN | 944/4858 | grammar_past_simple_vs_present_perfect__qwen3.5_4b__attempt_079
2026-07-13 01:48:02 | RUN | 945/4858 | grammar_past_simple_vs_present_perfect__qwen3.5_4b__attempt_080
2026-07-13 01:48:11 | RUN | 946/4858 | grammar_past_simple_vs_present_perfect__qwen3.5_4b__attempt_082
2026-07-13 01:48:21 | RUN | 947/4858 | grammar_past_simple_vs_present_perfect__qwen3.5_4b__attempt_083
2026-07-13 01:48:41 | RUN | 948/4858 | grammar_past_simple_vs_present_perfect__qwen3.5_4b__attempt_084
2026-07-13 01:48:50 | RUN | 949/4858 | grammar_past_simple_vs_present_perfect__qwen3.5_4b__attempt_085
2026-07-13 01:48:59 | RUN | 950/4858 | grammar_past_simple_vs_present_perfect__qwen3.5_4b__attempt_087
2026-07-13 01:49:08 | RUN | 951/4858 | grammar_past_simple_vs_present_perfect__qwen3.5_4b__attempt_088
2026-07-13 01:49:18 | RUN | 952/4858 | grammar_past_simple_vs_present_perfect__qwen3.5_4b__attempt_089
2026-07-13 01:49:37 | RUN | 953/4858 | grammar_past_simple_vs_present_perfect__qwen3.5_4b__attempt_090
2026-07-13 01:49:47 | RUN | 954/4858 | grammar_past_simple_vs_present_perfect__qwen3.5_4b__attempt_091
2026-07-13 01:50:04 | RUN | 955/4858 | grammar_past_simple_vs_present_perfect__qwen3.5_4b__attempt_092
2026-07-13 01:50:13 | RUN | 956/4858 | grammar_past_simple_vs_present_perfect__qwen3.5_4b__attempt_093
2026-07-13 01:50:32 | RUN | 957/4858 | grammar_past_simple_vs_present_perfect__qwen3.5_4b__attempt_094
2026-07-13 01:50:52 | RUN | 958/4858 | grammar_past_simple_vs_present_perfect__qwen3.5_4b__attempt_095
2026-07-13 01:51:11 | RUN | 959/4858 | grammar_past_simple_vs_present_perfect__qwen3.5_4b__attempt_096
2026-07-13 01:51:21 | RUN | 960/4858 | grammar_past_simple_vs_present_perfect__qwen3.5_4b__attempt_097
2026-07-13 01:51:30 | RUN | 961/4858 | grammar_past_simple_vs_present_perfect__qwen3.5_4b__attempt_098
2026-07-13 01:51:51 | RUN | 962/4858 | grammar_past_simple_vs_present_perfect__qwen3.5_4b__attempt_099
2026-07-13 01:52:06 | RUN | 963/4858 | grammar_past_simple_vs_present_perfect__qwen3.5_4b__attempt_100
2026-07-13 01:52:24 | RUN | 964/4858 | grammar_simple_vs_continuous__Bielik-4.5B-v3.0-Instruct-GGUF_Q8_0__attempt_005
2026-07-13 01:52:43 | RUN | 965/4858 | grammar_simple_vs_continuous__Bielik-4.5B-v3.0-Instruct-GGUF_Q8_0__attempt_010
2026-07-13 01:52:57 | RUN | 966/4858 | grammar_simple_vs_continuous__Bielik-4.5B-v3.0-Instruct-GGUF_Q8_0__attempt_016
2026-07-13 01:53:12 | RUN | 967/4858 | grammar_simple_vs_continuous__Bielik-4.5B-v3.0-Instruct-GGUF_Q8_0__attempt_020
2026-07-13 01:53:27 | RUN | 968/4858 | grammar_simple_vs_continuous__Bielik-4.5B-v3.0-Instruct-GGUF_Q8_0__attempt_026
2026-07-13 01:53:44 | RUN | 969/4858 | grammar_simple_vs_continuous__Bielik-4.5B-v3.0-Instruct-GGUF_Q8_0__attempt_037
2026-07-13 01:54:02 | RUN | 970/4858 | grammar_simple_vs_continuous__Bielik-4.5B-v3.0-Instruct-GGUF_Q8_0__attempt_042
2026-07-13 01:54:18 | RUN | 971/4858 | grammar_simple_vs_continuous__Bielik-4.5B-v3.0-Instruct-GGUF_Q8_0__attempt_044
2026-07-13 01:54:35 | RUN | 972/4858 | grammar_simple_vs_continuous__Bielik-4.5B-v3.0-Instruct-GGUF_Q8_0__attempt_047
2026-07-13 01:54:53 | RUN | 973/4858 | grammar_simple_vs_continuous__Bielik-4.5B-v3.0-Instruct-GGUF_Q8_0__attempt_052
2026-07-13 01:55:09 | RUN | 974/4858 | grammar_simple_vs_continuous__Bielik-4.5B-v3.0-Instruct-GGUF_Q8_0__attempt_055
2026-07-13 01:55:27 | RUN | 975/4858 | grammar_simple_vs_continuous__Bielik-4.5B-v3.0-Instruct-GGUF_Q8_0__attempt_060
2026-07-13 01:55:43 | RUN | 976/4858 | grammar_simple_vs_continuous__Bielik-4.5B-v3.0-Instruct-GGUF_Q8_0__attempt_071
2026-07-13 01:56:06 | RUN | 977/4858 | grammar_simple_vs_continuous__Bielik-4.5B-v3.0-Instruct-GGUF_Q8_0__attempt_079
2026-07-13 01:56:21 | RUN | 978/4858 | grammar_simple_vs_continuous__Bielik-4.5B-v3.0-Instruct-GGUF_Q8_0__attempt_094
2026-07-13 01:56:40 | RUN | 979/4858 | grammar_simple_vs_continuous__Bielik-4.5B-v3.0-Instruct-GGUF_Q8_0__attempt_097
2026-07-13 01:56:56 | RUN | 980/4858 | grammar_simple_vs_continuous__Bielik-4.5B-v3.0-Instruct-GGUF_Q8_0__attempt_099
2026-07-13 01:57:12 | RUN | 981/4858 | grammar_simple_vs_continuous__deepseek-r1_8b__attempt_001
2026-07-13 01:57:21 | RUN | 982/4858 | grammar_simple_vs_continuous__deepseek-r1_8b__attempt_008
2026-07-13 01:57:30 | RUN | 983/4858 | grammar_simple_vs_continuous__deepseek-r1_8b__attempt_010
2026-07-13 01:57:48 | RUN | 984/4858 | grammar_simple_vs_continuous__deepseek-r1_8b__attempt_011
2026-07-13 01:58:10 | RUN | 985/4858 | grammar_simple_vs_continuous__deepseek-r1_8b__attempt_013
2026-07-13 01:58:19 | RUN | 986/4858 | grammar_simple_vs_continuous__deepseek-r1_8b__attempt_016
2026-07-13 01:58:37 | RUN | 987/4858 | grammar_simple_vs_continuous__deepseek-r1_8b__attempt_017
2026-07-13 01:58:54 | RUN | 988/4858 | grammar_simple_vs_continuous__deepseek-r1_8b__attempt_018
2026-07-13 01:59:13 | RUN | 989/4858 | grammar_simple_vs_continuous__deepseek-r1_8b__attempt_020
2026-07-13 01:59:33 | RUN | 990/4858 | grammar_simple_vs_continuous__deepseek-r1_8b__attempt_021
2026-07-13 01:59:53 | RUN | 991/4858 | grammar_simple_vs_continuous__deepseek-r1_8b__attempt_022
2026-07-13 02:00:02 | RUN | 992/4858 | grammar_simple_vs_continuous__deepseek-r1_8b__attempt_025
2026-07-13 02:00:17 | RUN | 993/4858 | grammar_simple_vs_continuous__deepseek-r1_8b__attempt_026
2026-07-13 02:00:39 | RUN | 994/4858 | grammar_simple_vs_continuous__deepseek-r1_8b__attempt_028
2026-07-13 02:00:59 | RUN | 995/4858 | grammar_simple_vs_continuous__deepseek-r1_8b__attempt_029
2026-07-13 02:01:08 | RUN | 996/4858 | grammar_simple_vs_continuous__deepseek-r1_8b__attempt_030
2026-07-13 02:01:26 | RUN | 997/4858 | grammar_simple_vs_continuous__deepseek-r1_8b__attempt_031
2026-07-13 02:01:35 | RUN | 998/4858 | grammar_simple_vs_continuous__deepseek-r1_8b__attempt_032
2026-07-13 02:01:44 | RUN | 999/4858 | grammar_simple_vs_continuous__deepseek-r1_8b__attempt_036
2026-07-13 02:01:54 | RUN | 1000/4858 | grammar_simple_vs_continuous__deepseek-r1_8b__attempt_037
2026-07-13 02:02:05 | RUN | 1001/4858 | grammar_simple_vs_continuous__deepseek-r1_8b__attempt_038
2026-07-13 02:02:14 | RUN | 1002/4858 | grammar_simple_vs_continuous__deepseek-r1_8b__attempt_039
2026-07-13 02:02:31 | RUN | 1003/4858 | grammar_simple_vs_continuous__deepseek-r1_8b__attempt_041
2026-07-13 02:02:42 | RUN | 1004/4858 | grammar_simple_vs_continuous__deepseek-r1_8b__attempt_042
2026-07-13 02:03:01 | RUN | 1005/4858 | grammar_simple_vs_continuous__deepseek-r1_8b__attempt_045
2026-07-13 02:03:11 | RUN | 1006/4858 | grammar_simple_vs_continuous__deepseek-r1_8b__attempt_047
2026-07-13 02:03:27 | RUN | 1007/4858 | grammar_simple_vs_continuous__deepseek-r1_8b__attempt_051
2026-07-13 02:03:36 | RUN | 1008/4858 | grammar_simple_vs_continuous__deepseek-r1_8b__attempt_053
2026-07-13 02:03:52 | RUN | 1009/4858 | grammar_simple_vs_continuous__deepseek-r1_8b__attempt_054
2026-07-13 02:04:10 | RUN | 1010/4858 | grammar_simple_vs_continuous__deepseek-r1_8b__attempt_056
2026-07-13 02:04:19 | RUN | 1011/4858 | grammar_simple_vs_continuous__deepseek-r1_8b__attempt_057
2026-07-13 02:04:29 | RUN | 1012/4858 | grammar_simple_vs_continuous__deepseek-r1_8b__attempt_058
2026-07-13 02:04:47 | RUN | 1013/4858 | grammar_simple_vs_continuous__deepseek-r1_8b__attempt_059
2026-07-13 02:04:56 | RUN | 1014/4858 | grammar_simple_vs_continuous__deepseek-r1_8b__attempt_060
2026-07-13 02:05:16 | RUN | 1015/4858 | grammar_simple_vs_continuous__deepseek-r1_8b__attempt_061
2026-07-13 02:05:25 | RUN | 1016/4858 | grammar_simple_vs_continuous__deepseek-r1_8b__attempt_062
2026-07-13 02:05:43 | RUN | 1017/4858 | grammar_simple_vs_continuous__deepseek-r1_8b__attempt_063
2026-07-13 02:05:57 | RUN | 1018/4858 | grammar_simple_vs_continuous__deepseek-r1_8b__attempt_067
2026-07-13 02:06:06 | RUN | 1019/4858 | grammar_simple_vs_continuous__deepseek-r1_8b__attempt_069
2026-07-13 02:06:22 | RUN | 1020/4858 | grammar_simple_vs_continuous__deepseek-r1_8b__attempt_070
2026-07-13 02:06:37 | RUN | 1021/4858 | grammar_simple_vs_continuous__deepseek-r1_8b__attempt_073
2026-07-13 02:06:56 | RUN | 1022/4858 | grammar_simple_vs_continuous__deepseek-r1_8b__attempt_075
2026-07-13 02:07:14 | RUN | 1023/4858 | grammar_simple_vs_continuous__deepseek-r1_8b__attempt_078
2026-07-13 02:07:31 | RUN | 1024/4858 | grammar_simple_vs_continuous__deepseek-r1_8b__attempt_079
2026-07-13 02:07:48 | RUN | 1025/4858 | grammar_simple_vs_continuous__deepseek-r1_8b__attempt_081
2026-07-13 02:08:06 | RUN | 1026/4858 | grammar_simple_vs_continuous__deepseek-r1_8b__attempt_083
2026-07-13 02:08:23 | RUN | 1027/4858 | grammar_simple_vs_continuous__deepseek-r1_8b__attempt_084
2026-07-13 02:08:43 | RUN | 1028/4858 | grammar_simple_vs_continuous__deepseek-r1_8b__attempt_086
2026-07-13 02:09:00 | RUN | 1029/4858 | grammar_simple_vs_continuous__deepseek-r1_8b__attempt_087
2026-07-13 02:09:09 | RUN | 1030/4858 | grammar_simple_vs_continuous__deepseek-r1_8b__attempt_090
2026-07-13 02:09:19 | RUN | 1031/4858 | grammar_simple_vs_continuous__deepseek-r1_8b__attempt_094
2026-07-13 02:09:45 | RUN | 1032/4858 | grammar_simple_vs_continuous__deepseek-r1_8b__attempt_100
2026-07-13 02:10:03 | RUN | 1033/4858 | grammar_simple_vs_continuous__llama3.1_8b__attempt_001
2026-07-13 02:10:20 | RUN | 1034/4858 | grammar_simple_vs_continuous__llama3.1_8b__attempt_002
2026-07-13 02:10:38 | RUN | 1035/4858 | grammar_simple_vs_continuous__llama3.1_8b__attempt_003
2026-07-13 02:10:56 | RUN | 1036/4858 | grammar_simple_vs_continuous__llama3.1_8b__attempt_005
2026-07-13 02:11:15 | RUN | 1037/4858 | grammar_simple_vs_continuous__llama3.1_8b__attempt_006
2026-07-13 02:11:35 | RUN | 1038/4858 | grammar_simple_vs_continuous__llama3.1_8b__attempt_007
2026-07-13 02:11:52 | RUN | 1039/4858 | grammar_simple_vs_continuous__llama3.1_8b__attempt_008
2026-07-13 02:12:09 | RUN | 1040/4858 | grammar_simple_vs_continuous__llama3.1_8b__attempt_010
2026-07-13 02:12:28 | RUN | 1041/4858 | grammar_simple_vs_continuous__llama3.1_8b__attempt_012
2026-07-13 02:12:41 | RUN | 1042/4858 | grammar_simple_vs_continuous__llama3.1_8b__attempt_015
2026-07-13 02:12:55 | RUN | 1043/4858 | grammar_simple_vs_continuous__llama3.1_8b__attempt_016
2026-07-13 02:13:13 | RUN | 1044/4858 | grammar_simple_vs_continuous__llama3.1_8b__attempt_017
2026-07-13 02:13:32 | RUN | 1045/4858 | grammar_simple_vs_continuous__llama3.1_8b__attempt_018
2026-07-13 02:13:49 | RUN | 1046/4858 | grammar_simple_vs_continuous__llama3.1_8b__attempt_019
2026-07-13 02:14:07 | RUN | 1047/4858 | grammar_simple_vs_continuous__llama3.1_8b__attempt_020
2026-07-13 02:14:24 | RUN | 1048/4858 | grammar_simple_vs_continuous__llama3.1_8b__attempt_022
2026-07-13 02:14:41 | RUN | 1049/4858 | grammar_simple_vs_continuous__llama3.1_8b__attempt_023
2026-07-13 02:15:02 | RUN | 1050/4858 | grammar_simple_vs_continuous__llama3.1_8b__attempt_025
2026-07-13 02:15:21 | RUN | 1051/4858 | grammar_simple_vs_continuous__llama3.1_8b__attempt_026
2026-07-13 02:15:39 | RUN | 1052/4858 | grammar_simple_vs_continuous__llama3.1_8b__attempt_027
2026-07-13 02:15:59 | RUN | 1053/4858 | grammar_simple_vs_continuous__llama3.1_8b__attempt_028
2026-07-13 02:16:14 | RUN | 1054/4858 | grammar_simple_vs_continuous__llama3.1_8b__attempt_032
2026-07-13 02:16:32 | RUN | 1055/4858 | grammar_simple_vs_continuous__llama3.1_8b__attempt_033
2026-07-13 02:16:49 | RUN | 1056/4858 | grammar_simple_vs_continuous__llama3.1_8b__attempt_041
2026-07-13 02:17:07 | RUN | 1057/4858 | grammar_simple_vs_continuous__llama3.1_8b__attempt_043
2026-07-13 02:17:25 | RUN | 1058/4858 | grammar_simple_vs_continuous__llama3.1_8b__attempt_044
2026-07-13 02:17:44 | RUN | 1059/4858 | grammar_simple_vs_continuous__llama3.1_8b__attempt_046
2026-07-13 02:18:03 | RUN | 1060/4858 | grammar_simple_vs_continuous__llama3.1_8b__attempt_047
2026-07-13 02:18:20 | RUN | 1061/4858 | grammar_simple_vs_continuous__llama3.1_8b__attempt_048
2026-07-13 02:18:34 | RUN | 1062/4858 | grammar_simple_vs_continuous__llama3.1_8b__attempt_049
2026-07-13 02:18:52 | RUN | 1063/4858 | grammar_simple_vs_continuous__llama3.1_8b__attempt_051
2026-07-13 02:19:12 | RUN | 1064/4858 | grammar_simple_vs_continuous__llama3.1_8b__attempt_053
2026-07-13 02:19:26 | RUN | 1065/4858 | grammar_simple_vs_continuous__llama3.1_8b__attempt_054
2026-07-13 02:19:44 | RUN | 1066/4858 | grammar_simple_vs_continuous__llama3.1_8b__attempt_056
2026-07-13 02:20:00 | RUN | 1067/4858 | grammar_simple_vs_continuous__llama3.1_8b__attempt_057
2026-07-13 02:20:18 | RUN | 1068/4858 | grammar_simple_vs_continuous__llama3.1_8b__attempt_058
2026-07-13 02:20:36 | RUN | 1069/4858 | grammar_simple_vs_continuous__llama3.1_8b__attempt_059
2026-07-13 02:20:55 | RUN | 1070/4858 | grammar_simple_vs_continuous__llama3.1_8b__attempt_060
2026-07-13 02:21:11 | RUN | 1071/4858 | grammar_simple_vs_continuous__llama3.1_8b__attempt_061
2026-07-13 02:21:27 | RUN | 1072/4858 | grammar_simple_vs_continuous__llama3.1_8b__attempt_064
2026-07-13 02:21:45 | RUN | 1073/4858 | grammar_simple_vs_continuous__llama3.1_8b__attempt_066
2026-07-13 02:22:03 | RUN | 1074/4858 | grammar_simple_vs_continuous__llama3.1_8b__attempt_067
2026-07-13 02:22:22 | RUN | 1075/4858 | grammar_simple_vs_continuous__llama3.1_8b__attempt_070
2026-07-13 02:22:42 | RUN | 1076/4858 | grammar_simple_vs_continuous__llama3.1_8b__attempt_071
2026-07-13 02:23:01 | RUN | 1077/4858 | grammar_simple_vs_continuous__llama3.1_8b__attempt_072
2026-07-13 02:23:20 | RUN | 1078/4858 | grammar_simple_vs_continuous__llama3.1_8b__attempt_074
2026-07-13 02:23:39 | RUN | 1079/4858 | grammar_simple_vs_continuous__llama3.1_8b__attempt_076
2026-07-13 02:23:58 | RUN | 1080/4858 | grammar_simple_vs_continuous__llama3.1_8b__attempt_078
2026-07-13 02:24:15 | RUN | 1081/4858 | grammar_simple_vs_continuous__llama3.1_8b__attempt_079
2026-07-13 02:24:33 | RUN | 1082/4858 | grammar_simple_vs_continuous__llama3.1_8b__attempt_081
2026-07-13 02:24:54 | RUN | 1083/4858 | grammar_simple_vs_continuous__llama3.1_8b__attempt_083
2026-07-13 02:25:13 | RUN | 1084/4858 | grammar_simple_vs_continuous__llama3.1_8b__attempt_085
2026-07-13 02:25:28 | RUN | 1085/4858 | grammar_simple_vs_continuous__llama3.1_8b__attempt_087
2026-07-13 02:25:45 | RUN | 1086/4858 | grammar_simple_vs_continuous__llama3.1_8b__attempt_089
2026-07-13 02:26:01 | RUN | 1087/4858 | grammar_simple_vs_continuous__llama3.1_8b__attempt_093
2026-07-13 02:26:21 | RUN | 1088/4858 | grammar_simple_vs_continuous__llama3.1_8b__attempt_095
2026-07-13 02:26:39 | RUN | 1089/4858 | grammar_simple_vs_continuous__llama3.1_8b__attempt_100
2026-07-13 02:26:58 | RUN | 1090/4858 | grammar_simple_vs_continuous__ministral-3_3b__attempt_001
2026-07-13 02:27:14 | RUN | 1091/4858 | grammar_simple_vs_continuous__ministral-3_3b__attempt_003
2026-07-13 02:27:32 | RUN | 1092/4858 | grammar_simple_vs_continuous__ministral-3_3b__attempt_007
2026-07-13 02:27:51 | RUN | 1093/4858 | grammar_simple_vs_continuous__ministral-3_3b__attempt_008
2026-07-13 02:28:10 | RUN | 1094/4858 | grammar_simple_vs_continuous__ministral-3_3b__attempt_010
2026-07-13 02:28:27 | RUN | 1095/4858 | grammar_simple_vs_continuous__ministral-3_3b__attempt_022
2026-07-13 02:28:47 | RUN | 1096/4858 | grammar_simple_vs_continuous__ministral-3_3b__attempt_024
2026-07-13 02:29:03 | RUN | 1097/4858 | grammar_simple_vs_continuous__ministral-3_3b__attempt_025
2026-07-13 02:29:20 | RUN | 1098/4858 | grammar_simple_vs_continuous__ministral-3_3b__attempt_027
2026-07-13 02:29:36 | RUN | 1099/4858 | grammar_simple_vs_continuous__ministral-3_3b__attempt_028
2026-07-13 02:29:54 | RUN | 1100/4858 | grammar_simple_vs_continuous__ministral-3_3b__attempt_031
2026-07-13 02:30:11 | RUN | 1101/4858 | grammar_simple_vs_continuous__ministral-3_3b__attempt_032
2026-07-13 02:30:29 | RUN | 1102/4858 | grammar_simple_vs_continuous__ministral-3_3b__attempt_033
2026-07-13 02:30:46 | RUN | 1103/4858 | grammar_simple_vs_continuous__ministral-3_3b__attempt_034
2026-07-13 02:30:56 | RUN | 1104/4858 | grammar_simple_vs_continuous__ministral-3_3b__attempt_037
2026-07-13 02:31:06 | RUN | 1105/4858 | grammar_simple_vs_continuous__ministral-3_3b__attempt_039
2026-07-13 02:31:22 | RUN | 1106/4858 | grammar_simple_vs_continuous__ministral-3_3b__attempt_044
2026-07-13 02:31:41 | RUN | 1107/4858 | grammar_simple_vs_continuous__ministral-3_3b__attempt_046
2026-07-13 02:31:58 | RUN | 1108/4858 | grammar_simple_vs_continuous__ministral-3_3b__attempt_050
2026-07-13 02:32:20 | RUN | 1109/4858 | grammar_simple_vs_continuous__ministral-3_3b__attempt_051
2026-07-13 02:32:37 | RUN | 1110/4858 | grammar_simple_vs_continuous__ministral-3_3b__attempt_052
2026-07-13 02:32:56 | RUN | 1111/4858 | grammar_simple_vs_continuous__ministral-3_3b__attempt_053
2026-07-13 02:33:14 | RUN | 1112/4858 | grammar_simple_vs_continuous__ministral-3_3b__attempt_056
2026-07-13 02:33:32 | RUN | 1113/4858 | grammar_simple_vs_continuous__ministral-3_3b__attempt_057
2026-07-13 02:33:47 | RUN | 1114/4858 | grammar_simple_vs_continuous__ministral-3_3b__attempt_068
2026-07-13 02:34:05 | RUN | 1115/4858 | grammar_simple_vs_continuous__ministral-3_3b__attempt_069
2026-07-13 02:34:24 | RUN | 1116/4858 | grammar_simple_vs_continuous__ministral-3_3b__attempt_070
2026-07-13 02:34:44 | RUN | 1117/4858 | grammar_simple_vs_continuous__ministral-3_3b__attempt_071
2026-07-13 02:35:02 | RUN | 1118/4858 | grammar_simple_vs_continuous__ministral-3_3b__attempt_072
2026-07-13 02:35:24 | RUN | 1119/4858 | grammar_simple_vs_continuous__ministral-3_3b__attempt_073
2026-07-13 02:35:40 | RUN | 1120/4858 | grammar_simple_vs_continuous__ministral-3_3b__attempt_074
2026-07-13 02:35:57 | RUN | 1121/4858 | grammar_simple_vs_continuous__ministral-3_3b__attempt_077
2026-07-13 02:36:14 | RUN | 1122/4858 | grammar_simple_vs_continuous__ministral-3_3b__attempt_085
2026-07-13 02:36:31 | RUN | 1123/4858 | grammar_simple_vs_continuous__ministral-3_3b__attempt_090
2026-07-13 02:36:50 | RUN | 1124/4858 | grammar_simple_vs_continuous__ministral-3_3b__attempt_091
2026-07-13 02:37:10 | RUN | 1125/4858 | grammar_simple_vs_continuous__ministral-3_3b__attempt_092
2026-07-13 02:37:19 | RUN | 1126/4858 | grammar_simple_vs_continuous__ministral-3_3b__attempt_093
2026-07-13 02:37:35 | RUN | 1127/4858 | grammar_simple_vs_continuous__ministral-3_3b__attempt_094
2026-07-13 02:37:51 | RUN | 1128/4858 | grammar_simple_vs_continuous__ministral-3_3b__attempt_097
2026-07-13 02:38:09 | RUN | 1129/4858 | grammar_simple_vs_continuous__ministral-3_3b__attempt_100
2026-07-13 02:38:26 | RUN | 1130/4858 | grammar_simple_vs_continuous__qwen3.5_4b__attempt_001
2026-07-13 02:38:42 | RUN | 1131/4858 | grammar_simple_vs_continuous__qwen3.5_4b__attempt_002
2026-07-13 02:38:58 | RUN | 1132/4858 | grammar_simple_vs_continuous__qwen3.5_4b__attempt_003
2026-07-13 02:39:08 | RUN | 1133/4858 | grammar_simple_vs_continuous__qwen3.5_4b__attempt_004
2026-07-13 02:39:25 | RUN | 1134/4858 | grammar_simple_vs_continuous__qwen3.5_4b__attempt_005
2026-07-13 02:39:42 | RUN | 1135/4858 | grammar_simple_vs_continuous__qwen3.5_4b__attempt_006
2026-07-13 02:40:01 | RUN | 1136/4858 | grammar_simple_vs_continuous__qwen3.5_4b__attempt_007
2026-07-13 02:40:10 | RUN | 1137/4858 | grammar_simple_vs_continuous__qwen3.5_4b__attempt_008
2026-07-13 02:40:32 | RUN | 1138/4858 | grammar_simple_vs_continuous__qwen3.5_4b__attempt_009
2026-07-13 02:40:50 | RUN | 1139/4858 | grammar_simple_vs_continuous__qwen3.5_4b__attempt_010
2026-07-13 02:41:10 | RUN | 1140/4858 | grammar_simple_vs_continuous__qwen3.5_4b__attempt_011
2026-07-13 02:41:29 | RUN | 1141/4858 | grammar_simple_vs_continuous__qwen3.5_4b__attempt_012
2026-07-13 02:41:47 | RUN | 1142/4858 | grammar_simple_vs_continuous__qwen3.5_4b__attempt_013
2026-07-13 02:42:14 | RUN | 1143/4858 | grammar_simple_vs_continuous__qwen3.5_4b__attempt_014
2026-07-13 02:42:33 | RUN | 1144/4858 | grammar_simple_vs_continuous__qwen3.5_4b__attempt_015
2026-07-13 02:42:49 | RUN | 1145/4858 | grammar_simple_vs_continuous__qwen3.5_4b__attempt_016
2026-07-13 02:42:58 | RUN | 1146/4858 | grammar_simple_vs_continuous__qwen3.5_4b__attempt_017
2026-07-13 02:43:16 | RUN | 1147/4858 | grammar_simple_vs_continuous__qwen3.5_4b__attempt_018
2026-07-13 02:43:33 | RUN | 1148/4858 | grammar_simple_vs_continuous__qwen3.5_4b__attempt_019
2026-07-13 02:43:52 | RUN | 1149/4858 | grammar_simple_vs_continuous__qwen3.5_4b__attempt_020
2026-07-13 02:44:13 | RUN | 1150/4858 | grammar_simple_vs_continuous__qwen3.5_4b__attempt_022
2026-07-13 02:44:32 | RUN | 1151/4858 | grammar_simple_vs_continuous__qwen3.5_4b__attempt_023
2026-07-13 02:44:40 | RUN | 1152/4858 | grammar_simple_vs_continuous__qwen3.5_4b__attempt_024
2026-07-13 02:44:50 | RUN | 1153/4858 | grammar_simple_vs_continuous__qwen3.5_4b__attempt_025
2026-07-13 02:45:07 | RUN | 1154/4858 | grammar_simple_vs_continuous__qwen3.5_4b__attempt_026
2026-07-13 02:45:16 | RUN | 1155/4858 | grammar_simple_vs_continuous__qwen3.5_4b__attempt_027
2026-07-13 02:45:25 | RUN | 1156/4858 | grammar_simple_vs_continuous__qwen3.5_4b__attempt_028
2026-07-13 02:45:35 | RUN | 1157/4858 | grammar_simple_vs_continuous__qwen3.5_4b__attempt_029
2026-07-13 02:45:44 | RUN | 1158/4858 | grammar_simple_vs_continuous__qwen3.5_4b__attempt_030
2026-07-13 02:45:59 | RUN | 1159/4858 | grammar_simple_vs_continuous__qwen3.5_4b__attempt_031
2026-07-13 02:46:08 | RUN | 1160/4858 | grammar_simple_vs_continuous__qwen3.5_4b__attempt_032
2026-07-13 02:46:26 | RUN | 1161/4858 | grammar_simple_vs_continuous__qwen3.5_4b__attempt_034
2026-07-13 02:46:45 | RUN | 1162/4858 | grammar_simple_vs_continuous__qwen3.5_4b__attempt_035
2026-07-13 02:47:04 | RUN | 1163/4858 | grammar_simple_vs_continuous__qwen3.5_4b__attempt_036
2026-07-13 02:47:21 | RUN | 1164/4858 | grammar_simple_vs_continuous__qwen3.5_4b__attempt_037
2026-07-13 02:47:40 | RUN | 1165/4858 | grammar_simple_vs_continuous__qwen3.5_4b__attempt_038
2026-07-13 02:47:49 | RUN | 1166/4858 | grammar_simple_vs_continuous__qwen3.5_4b__attempt_039
2026-07-13 02:48:05 | RUN | 1167/4858 | grammar_simple_vs_continuous__qwen3.5_4b__attempt_040
2026-07-13 02:48:22 | RUN | 1168/4858 | grammar_simple_vs_continuous__qwen3.5_4b__attempt_041
2026-07-13 02:48:41 | RUN | 1169/4858 | grammar_simple_vs_continuous__qwen3.5_4b__attempt_042
2026-07-13 02:48:57 | RUN | 1170/4858 | grammar_simple_vs_continuous__qwen3.5_4b__attempt_044
2026-07-13 02:49:14 | RUN | 1171/4858 | grammar_simple_vs_continuous__qwen3.5_4b__attempt_045
2026-07-13 02:49:23 | RUN | 1172/4858 | grammar_simple_vs_continuous__qwen3.5_4b__attempt_046
2026-07-13 02:49:44 | RUN | 1173/4858 | grammar_simple_vs_continuous__qwen3.5_4b__attempt_047
2026-07-13 02:49:53 | RUN | 1174/4858 | grammar_simple_vs_continuous__qwen3.5_4b__attempt_048
2026-07-13 02:50:11 | RUN | 1175/4858 | grammar_simple_vs_continuous__qwen3.5_4b__attempt_049
2026-07-13 02:50:27 | RUN | 1176/4858 | grammar_simple_vs_continuous__qwen3.5_4b__attempt_050
2026-07-13 02:50:46 | RUN | 1177/4858 | grammar_simple_vs_continuous__qwen3.5_4b__attempt_051
2026-07-13 02:51:06 | RUN | 1178/4858 | grammar_simple_vs_continuous__qwen3.5_4b__attempt_052
2026-07-13 02:51:22 | RUN | 1179/4858 | grammar_simple_vs_continuous__qwen3.5_4b__attempt_053
2026-07-13 02:51:38 | RUN | 1180/4858 | grammar_simple_vs_continuous__qwen3.5_4b__attempt_054
2026-07-13 02:51:56 | RUN | 1181/4858 | grammar_simple_vs_continuous__qwen3.5_4b__attempt_055
2026-07-13 02:52:18 | RUN | 1182/4858 | grammar_simple_vs_continuous__qwen3.5_4b__attempt_056
2026-07-13 02:52:28 | RUN | 1183/4858 | grammar_simple_vs_continuous__qwen3.5_4b__attempt_058
2026-07-13 02:52:45 | RUN | 1184/4858 | grammar_simple_vs_continuous__qwen3.5_4b__attempt_059
2026-07-13 02:53:01 | RUN | 1185/4858 | grammar_simple_vs_continuous__qwen3.5_4b__attempt_060
2026-07-13 02:53:18 | RUN | 1186/4858 | grammar_simple_vs_continuous__qwen3.5_4b__attempt_061
2026-07-13 02:53:40 | RUN | 1187/4858 | grammar_simple_vs_continuous__qwen3.5_4b__attempt_062
2026-07-13 02:53:56 | RUN | 1188/4858 | grammar_simple_vs_continuous__qwen3.5_4b__attempt_063
2026-07-13 02:54:13 | RUN | 1189/4858 | grammar_simple_vs_continuous__qwen3.5_4b__attempt_064
2026-07-13 02:54:23 | RUN | 1190/4858 | grammar_simple_vs_continuous__qwen3.5_4b__attempt_065
2026-07-13 02:54:42 | RUN | 1191/4858 | grammar_simple_vs_continuous__qwen3.5_4b__attempt_066
2026-07-13 02:55:03 | RUN | 1192/4858 | grammar_simple_vs_continuous__qwen3.5_4b__attempt_067
2026-07-13 02:55:21 | RUN | 1193/4858 | grammar_simple_vs_continuous__qwen3.5_4b__attempt_069
2026-07-13 02:55:31 | RUN | 1194/4858 | grammar_simple_vs_continuous__qwen3.5_4b__attempt_070
2026-07-13 02:55:48 | RUN | 1195/4858 | grammar_simple_vs_continuous__qwen3.5_4b__attempt_071
2026-07-13 02:56:02 | RUN | 1196/4858 | grammar_simple_vs_continuous__qwen3.5_4b__attempt_072
2026-07-13 02:56:21 | RUN | 1197/4858 | grammar_simple_vs_continuous__qwen3.5_4b__attempt_073
2026-07-13 02:56:43 | RUN | 1198/4858 | grammar_simple_vs_continuous__qwen3.5_4b__attempt_074
2026-07-13 02:56:59 | RUN | 1199/4858 | grammar_simple_vs_continuous__qwen3.5_4b__attempt_075
2026-07-13 02:57:14 | RUN | 1200/4858 | grammar_simple_vs_continuous__qwen3.5_4b__attempt_076
2026-07-13 02:57:30 | RUN | 1201/4858 | grammar_simple_vs_continuous__qwen3.5_4b__attempt_077
2026-07-13 02:57:40 | RUN | 1202/4858 | grammar_simple_vs_continuous__qwen3.5_4b__attempt_078
2026-07-13 02:57:58 | RUN | 1203/4858 | grammar_simple_vs_continuous__qwen3.5_4b__attempt_079
2026-07-13 02:58:15 | RUN | 1204/4858 | grammar_simple_vs_continuous__qwen3.5_4b__attempt_080
2026-07-13 02:58:24 | RUN | 1205/4858 | grammar_simple_vs_continuous__qwen3.5_4b__attempt_081
2026-07-13 02:58:42 | RUN | 1206/4858 | grammar_simple_vs_continuous__qwen3.5_4b__attempt_082
2026-07-13 02:59:01 | RUN | 1207/4858 | grammar_simple_vs_continuous__qwen3.5_4b__attempt_083
2026-07-13 02:59:19 | RUN | 1208/4858 | grammar_simple_vs_continuous__qwen3.5_4b__attempt_084
2026-07-13 02:59:37 | RUN | 1209/4858 | grammar_simple_vs_continuous__qwen3.5_4b__attempt_085
2026-07-13 02:59:46 | RUN | 1210/4858 | grammar_simple_vs_continuous__qwen3.5_4b__attempt_086
2026-07-13 02:59:56 | RUN | 1211/4858 | grammar_simple_vs_continuous__qwen3.5_4b__attempt_087
2026-07-13 03:00:10 | RUN | 1212/4858 | grammar_simple_vs_continuous__qwen3.5_4b__attempt_088
2026-07-13 03:00:28 | RUN | 1213/4858 | grammar_simple_vs_continuous__qwen3.5_4b__attempt_090
2026-07-13 03:00:48 | RUN | 1214/4858 | grammar_simple_vs_continuous__qwen3.5_4b__attempt_091
2026-07-13 03:00:57 | RUN | 1215/4858 | grammar_simple_vs_continuous__qwen3.5_4b__attempt_092
2026-07-13 03:01:13 | RUN | 1216/4858 | grammar_simple_vs_continuous__qwen3.5_4b__attempt_093
2026-07-13 03:01:29 | RUN | 1217/4858 | grammar_simple_vs_continuous__qwen3.5_4b__attempt_094
2026-07-13 03:01:38 | RUN | 1218/4858 | grammar_simple_vs_continuous__qwen3.5_4b__attempt_095
2026-07-13 03:01:58 | RUN | 1219/4858 | grammar_simple_vs_continuous__qwen3.5_4b__attempt_096
2026-07-13 03:02:14 | RUN | 1220/4858 | grammar_simple_vs_continuous__qwen3.5_4b__attempt_097
2026-07-13 03:02:23 | RUN | 1221/4858 | grammar_simple_vs_continuous__qwen3.5_4b__attempt_098
2026-07-13 03:02:42 | RUN | 1222/4858 | grammar_simple_vs_continuous__qwen3.5_4b__attempt_099
2026-07-13 03:03:00 | RUN | 1223/4858 | grammar_simple_vs_continuous__qwen3.5_4b__attempt_100
2026-07-13 03:03:16 | RUN | 1224/4858 | test_section_1__Bielik-4.5B-v3.0-Instruct-GGUF_Q8_0__attempt_012
2026-07-13 03:03:35 | RUN | 1225/4858 | test_section_1__deepseek-r1_8b__attempt_001
2026-07-13 03:03:48 | RUN | 1226/4858 | test_section_1__deepseek-r1_8b__attempt_002
2026-07-13 03:03:57 | RUN | 1227/4858 | test_section_1__deepseek-r1_8b__attempt_004
2026-07-13 03:04:18 | RUN | 1228/4858 | test_section_1__deepseek-r1_8b__attempt_005
2026-07-13 03:04:27 | RUN | 1229/4858 | test_section_1__deepseek-r1_8b__attempt_006
2026-07-13 03:04:45 | RUN | 1230/4858 | test_section_1__deepseek-r1_8b__attempt_007
2026-07-13 03:04:54 | RUN | 1231/4858 | test_section_1__deepseek-r1_8b__attempt_008
2026-07-13 03:05:12 | RUN | 1232/4858 | test_section_1__deepseek-r1_8b__attempt_009
2026-07-13 03:05:22 | RUN | 1233/4858 | test_section_1__deepseek-r1_8b__attempt_010
2026-07-13 03:05:42 | RUN | 1234/4858 | test_section_1__deepseek-r1_8b__attempt_011
2026-07-13 03:06:00 | RUN | 1235/4858 | test_section_1__deepseek-r1_8b__attempt_013
2026-07-13 03:06:20 | RUN | 1236/4858 | test_section_1__deepseek-r1_8b__attempt_014
2026-07-13 03:06:30 | RUN | 1237/4858 | test_section_1__deepseek-r1_8b__attempt_015
2026-07-13 03:06:39 | RUN | 1238/4858 | test_section_1__deepseek-r1_8b__attempt_016
2026-07-13 03:06:48 | RUN | 1239/4858 | test_section_1__deepseek-r1_8b__attempt_018
2026-07-13 03:07:10 | RUN | 1240/4858 | test_section_1__deepseek-r1_8b__attempt_019
2026-07-13 03:07:30 | RUN | 1241/4858 | test_section_1__deepseek-r1_8b__attempt_020
2026-07-13 03:07:39 | RUN | 1242/4858 | test_section_1__deepseek-r1_8b__attempt_022
2026-07-13 03:07:53 | RUN | 1243/4858 | test_section_1__deepseek-r1_8b__attempt_023
2026-07-13 03:08:02 | RUN | 1244/4858 | test_section_1__deepseek-r1_8b__attempt_024
2026-07-13 03:08:26 | RUN | 1245/4858 | test_section_1__deepseek-r1_8b__attempt_025
2026-07-13 03:08:45 | RUN | 1246/4858 | test_section_1__deepseek-r1_8b__attempt_026
2026-07-13 03:09:04 | RUN | 1247/4858 | test_section_1__deepseek-r1_8b__attempt_027
2026-07-13 03:09:22 | RUN | 1248/4858 | test_section_1__deepseek-r1_8b__attempt_029
2026-07-13 03:09:40 | RUN | 1249/4858 | test_section_1__deepseek-r1_8b__attempt_030
2026-07-13 03:10:01 | RUN | 1250/4858 | test_section_1__deepseek-r1_8b__attempt_031
2026-07-13 03:10:19 | RUN | 1251/4858 | test_section_1__deepseek-r1_8b__attempt_032
2026-07-13 03:10:27 | RUN | 1252/4858 | test_section_1__deepseek-r1_8b__attempt_033
2026-07-13 03:10:44 | RUN | 1253/4858 | test_section_1__deepseek-r1_8b__attempt_034
2026-07-13 03:10:53 | RUN | 1254/4858 | test_section_1__deepseek-r1_8b__attempt_035
2026-07-13 03:11:12 | RUN | 1255/4858 | test_section_1__deepseek-r1_8b__attempt_036
2026-07-13 03:11:29 | RUN | 1256/4858 | test_section_1__deepseek-r1_8b__attempt_037
2026-07-13 03:11:47 | RUN | 1257/4858 | test_section_1__deepseek-r1_8b__attempt_040
2026-07-13 03:12:05 | RUN | 1258/4858 | test_section_1__deepseek-r1_8b__attempt_041
2026-07-13 03:12:23 | RUN | 1259/4858 | test_section_1__deepseek-r1_8b__attempt_042
2026-07-13 03:12:43 | RUN | 1260/4858 | test_section_1__deepseek-r1_8b__attempt_043
2026-07-13 03:12:52 | RUN | 1261/4858 | test_section_1__deepseek-r1_8b__attempt_044
2026-07-13 03:13:13 | RUN | 1262/4858 | test_section_1__deepseek-r1_8b__attempt_045
2026-07-13 03:13:32 | RUN | 1263/4858 | test_section_1__deepseek-r1_8b__attempt_046
2026-07-13 03:13:49 | RUN | 1264/4858 | test_section_1__deepseek-r1_8b__attempt_047
2026-07-13 03:14:07 | RUN | 1265/4858 | test_section_1__deepseek-r1_8b__attempt_048
2026-07-13 03:14:25 | RUN | 1266/4858 | test_section_1__deepseek-r1_8b__attempt_049
2026-07-13 03:14:44 | RUN | 1267/4858 | test_section_1__deepseek-r1_8b__attempt_050
2026-07-13 03:15:01 | RUN | 1268/4858 | test_section_1__deepseek-r1_8b__attempt_051
2026-07-13 03:15:19 | RUN | 1269/4858 | test_section_1__deepseek-r1_8b__attempt_053
2026-07-13 03:15:34 | RUN | 1270/4858 | test_section_1__deepseek-r1_8b__attempt_054
2026-07-13 03:15:43 | RUN | 1271/4858 | test_section_1__deepseek-r1_8b__attempt_055
2026-07-13 03:15:59 | RUN | 1272/4858 | test_section_1__deepseek-r1_8b__attempt_056
2026-07-13 03:16:19 | RUN | 1273/4858 | test_section_1__deepseek-r1_8b__attempt_057
2026-07-13 03:16:36 | RUN | 1274/4858 | test_section_1__deepseek-r1_8b__attempt_058
2026-07-13 03:16:47 | RUN | 1275/4858 | test_section_1__deepseek-r1_8b__attempt_059
2026-07-13 03:17:05 | RUN | 1276/4858 | test_section_1__deepseek-r1_8b__attempt_060
2026-07-13 03:17:20 | RUN | 1277/4858 | test_section_1__deepseek-r1_8b__attempt_062
2026-07-13 03:17:29 | RUN | 1278/4858 | test_section_1__deepseek-r1_8b__attempt_063
2026-07-13 03:17:38 | RUN | 1279/4858 | test_section_1__deepseek-r1_8b__attempt_064
2026-07-13 03:17:48 | RUN | 1280/4858 | test_section_1__deepseek-r1_8b__attempt_065
2026-07-13 03:18:05 | RUN | 1281/4858 | test_section_1__deepseek-r1_8b__attempt_066
2026-07-13 03:18:15 | RUN | 1282/4858 | test_section_1__deepseek-r1_8b__attempt_067
2026-07-13 03:18:34 | RUN | 1283/4858 | test_section_1__deepseek-r1_8b__attempt_069
2026-07-13 03:18:51 | RUN | 1284/4858 | test_section_1__deepseek-r1_8b__attempt_070
2026-07-13 03:19:00 | RUN | 1285/4858 | test_section_1__deepseek-r1_8b__attempt_071
2026-07-13 03:19:09 | RUN | 1286/4858 | test_section_1__deepseek-r1_8b__attempt_072
2026-07-13 03:19:27 | RUN | 1287/4858 | test_section_1__deepseek-r1_8b__attempt_073
2026-07-13 03:19:50 | RUN | 1288/4858 | test_section_1__deepseek-r1_8b__attempt_074
2026-07-13 03:20:09 | RUN | 1289/4858 | test_section_1__deepseek-r1_8b__attempt_075
2026-07-13 03:20:18 | RUN | 1290/4858 | test_section_1__deepseek-r1_8b__attempt_076
2026-07-13 03:20:35 | RUN | 1291/4858 | test_section_1__deepseek-r1_8b__attempt_077
2026-07-13 03:20:55 | RUN | 1292/4858 | test_section_1__deepseek-r1_8b__attempt_078
2026-07-13 03:21:12 | RUN | 1293/4858 | test_section_1__deepseek-r1_8b__attempt_079
2026-07-13 03:21:33 | RUN | 1294/4858 | test_section_1__deepseek-r1_8b__attempt_080
2026-07-13 03:21:53 | RUN | 1295/4858 | test_section_1__deepseek-r1_8b__attempt_084
2026-07-13 03:22:02 | RUN | 1296/4858 | test_section_1__deepseek-r1_8b__attempt_086
2026-07-13 03:22:13 | RUN | 1297/4858 | test_section_1__deepseek-r1_8b__attempt_087
2026-07-13 03:22:30 | RUN | 1298/4858 | test_section_1__deepseek-r1_8b__attempt_088
2026-07-13 03:22:39 | RUN | 1299/4858 | test_section_1__deepseek-r1_8b__attempt_089
2026-07-13 03:22:48 | RUN | 1300/4858 | test_section_1__deepseek-r1_8b__attempt_090
2026-07-13 03:22:58 | RUN | 1301/4858 | test_section_1__deepseek-r1_8b__attempt_091
2026-07-13 03:23:07 | RUN | 1302/4858 | test_section_1__deepseek-r1_8b__attempt_092
2026-07-13 03:23:26 | RUN | 1303/4858 | test_section_1__deepseek-r1_8b__attempt_093
2026-07-13 03:23:42 | RUN | 1304/4858 | test_section_1__deepseek-r1_8b__attempt_094
2026-07-13 03:23:57 | RUN | 1305/4858 | test_section_1__deepseek-r1_8b__attempt_095
2026-07-13 03:24:16 | RUN | 1306/4858 | test_section_1__deepseek-r1_8b__attempt_096
2026-07-13 03:24:33 | RUN | 1307/4858 | test_section_1__deepseek-r1_8b__attempt_097
2026-07-13 03:24:43 | RUN | 1308/4858 | test_section_1__deepseek-r1_8b__attempt_098
2026-07-13 03:25:05 | RUN | 1309/4858 | test_section_1__deepseek-r1_8b__attempt_099
2026-07-13 03:25:15 | RUN | 1310/4858 | test_section_1__deepseek-r1_8b__attempt_100
2026-07-13 03:25:23 | RUN | 1311/4858 | test_section_1__llama3.1_8b__attempt_001
2026-07-13 03:25:42 | RUN | 1312/4858 | test_section_1__llama3.1_8b__attempt_003
2026-07-13 03:25:59 | RUN | 1313/4858 | test_section_1__llama3.1_8b__attempt_006
2026-07-13 03:26:17 | RUN | 1314/4858 | test_section_1__llama3.1_8b__attempt_008
2026-07-13 03:26:35 | RUN | 1315/4858 | test_section_1__llama3.1_8b__attempt_010
2026-07-13 03:26:51 | RUN | 1316/4858 | test_section_1__llama3.1_8b__attempt_011
2026-07-13 03:27:12 | RUN | 1317/4858 | test_section_1__llama3.1_8b__attempt_012
2026-07-13 03:27:32 | RUN | 1318/4858 | test_section_1__llama3.1_8b__attempt_013
2026-07-13 03:27:48 | RUN | 1319/4858 | test_section_1__llama3.1_8b__attempt_014
2026-07-13 03:28:06 | RUN | 1320/4858 | test_section_1__llama3.1_8b__attempt_015
2026-07-13 03:28:22 | RUN | 1321/4858 | test_section_1__llama3.1_8b__attempt_016
2026-07-13 03:28:42 | RUN | 1322/4858 | test_section_1__llama3.1_8b__attempt_018
2026-07-13 03:29:02 | RUN | 1323/4858 | test_section_1__llama3.1_8b__attempt_019
2026-07-13 03:29:19 | RUN | 1324/4858 | test_section_1__llama3.1_8b__attempt_021
2026-07-13 03:29:37 | RUN | 1325/4858 | test_section_1__llama3.1_8b__attempt_022
2026-07-13 03:29:55 | RUN | 1326/4858 | test_section_1__llama3.1_8b__attempt_023
2026-07-13 03:30:12 | RUN | 1327/4858 | test_section_1__llama3.1_8b__attempt_024
2026-07-13 03:30:30 | RUN | 1328/4858 | test_section_1__llama3.1_8b__attempt_027
2026-07-13 03:30:51 | RUN | 1329/4858 | test_section_1__llama3.1_8b__attempt_028
2026-07-13 03:31:09 | RUN | 1330/4858 | test_section_1__llama3.1_8b__attempt_029
2026-07-13 03:31:25 | RUN | 1331/4858 | test_section_1__llama3.1_8b__attempt_030
2026-07-13 03:31:43 | RUN | 1332/4858 | test_section_1__llama3.1_8b__attempt_031
2026-07-13 03:32:02 | RUN | 1333/4858 | test_section_1__llama3.1_8b__attempt_032
2026-07-13 03:32:20 | RUN | 1334/4858 | test_section_1__llama3.1_8b__attempt_034
2026-07-13 03:32:35 | RUN | 1335/4858 | test_section_1__llama3.1_8b__attempt_035
2026-07-13 03:32:52 | RUN | 1336/4858 | test_section_1__llama3.1_8b__attempt_037
2026-07-13 03:33:12 | RUN | 1337/4858 | test_section_1__llama3.1_8b__attempt_038
2026-07-13 03:33:30 | RUN | 1338/4858 | test_section_1__llama3.1_8b__attempt_039
2026-07-13 03:33:52 | RUN | 1339/4858 | test_section_1__llama3.1_8b__attempt_040
2026-07-13 03:34:09 | RUN | 1340/4858 | test_section_1__llama3.1_8b__attempt_041
2026-07-13 03:34:27 | RUN | 1341/4858 | test_section_1__llama3.1_8b__attempt_042
2026-07-13 03:34:46 | RUN | 1342/4858 | test_section_1__llama3.1_8b__attempt_043
2026-07-13 03:35:05 | RUN | 1343/4858 | test_section_1__llama3.1_8b__attempt_044
2026-07-13 03:35:23 | RUN | 1344/4858 | test_section_1__llama3.1_8b__attempt_045
2026-07-13 03:35:49 | RUN | 1345/4858 | test_section_1__llama3.1_8b__attempt_047
2026-07-13 03:36:09 | RUN | 1346/4858 | test_section_1__llama3.1_8b__attempt_048
2026-07-13 03:36:35 | RUN | 1347/4858 | test_section_1__llama3.1_8b__attempt_049
2026-07-13 03:36:52 | RUN | 1348/4858 | test_section_1__llama3.1_8b__attempt_051
2026-07-13 03:37:09 | RUN | 1349/4858 | test_section_1__llama3.1_8b__attempt_053
2026-07-13 03:37:27 | RUN | 1350/4858 | test_section_1__llama3.1_8b__attempt_055
2026-07-13 03:37:42 | RUN | 1351/4858 | test_section_1__llama3.1_8b__attempt_056
2026-07-13 03:37:59 | RUN | 1352/4858 | test_section_1__llama3.1_8b__attempt_057
2026-07-13 03:38:17 | RUN | 1353/4858 | test_section_1__llama3.1_8b__attempt_059
2026-07-13 03:38:35 | RUN | 1354/4858 | test_section_1__llama3.1_8b__attempt_061
2026-07-13 03:38:56 | RUN | 1355/4858 | test_section_1__llama3.1_8b__attempt_062
2026-07-13 03:39:15 | RUN | 1356/4858 | test_section_1__llama3.1_8b__attempt_063
2026-07-13 03:39:32 | RUN | 1357/4858 | test_section_1__llama3.1_8b__attempt_066
2026-07-13 03:39:49 | RUN | 1358/4858 | test_section_1__llama3.1_8b__attempt_067
2026-07-13 03:40:11 | RUN | 1359/4858 | test_section_1__llama3.1_8b__attempt_068
2026-07-13 03:40:27 | RUN | 1360/4858 | test_section_1__llama3.1_8b__attempt_069
2026-07-13 03:40:44 | RUN | 1361/4858 | test_section_1__llama3.1_8b__attempt_070
2026-07-13 03:41:02 | RUN | 1362/4858 | test_section_1__llama3.1_8b__attempt_072
2026-07-13 03:41:19 | RUN | 1363/4858 | test_section_1__llama3.1_8b__attempt_073
2026-07-13 03:41:41 | RUN | 1364/4858 | test_section_1__llama3.1_8b__attempt_074
2026-07-13 03:42:01 | RUN | 1365/4858 | test_section_1__llama3.1_8b__attempt_075
2026-07-13 03:42:18 | RUN | 1366/4858 | test_section_1__llama3.1_8b__attempt_077
2026-07-13 03:42:33 | RUN | 1367/4858 | test_section_1__llama3.1_8b__attempt_078
2026-07-13 03:42:55 | RUN | 1368/4858 | test_section_1__llama3.1_8b__attempt_079
2026-07-13 03:43:12 | RUN | 1369/4858 | test_section_1__llama3.1_8b__attempt_080
2026-07-13 03:43:27 | RUN | 1370/4858 | test_section_1__llama3.1_8b__attempt_081
2026-07-13 03:43:45 | RUN | 1371/4858 | test_section_1__llama3.1_8b__attempt_082
2026-07-13 03:44:01 | RUN | 1372/4858 | test_section_1__llama3.1_8b__attempt_084
2026-07-13 03:44:19 | RUN | 1373/4858 | test_section_1__llama3.1_8b__attempt_085
2026-07-13 03:44:37 | RUN | 1374/4858 | test_section_1__llama3.1_8b__attempt_086
2026-07-13 03:44:53 | RUN | 1375/4858 | test_section_1__llama3.1_8b__attempt_087
2026-07-13 03:45:11 | RUN | 1376/4858 | test_section_1__llama3.1_8b__attempt_088
2026-07-13 03:45:31 | RUN | 1377/4858 | test_section_1__llama3.1_8b__attempt_089
2026-07-13 03:45:46 | RUN | 1378/4858 | test_section_1__llama3.1_8b__attempt_090
2026-07-13 03:46:04 | RUN | 1379/4858 | test_section_1__llama3.1_8b__attempt_091
2026-07-13 03:46:22 | RUN | 1380/4858 | test_section_1__llama3.1_8b__attempt_092
2026-07-13 03:46:40 | RUN | 1381/4858 | test_section_1__llama3.1_8b__attempt_093
2026-07-13 03:46:59 | RUN | 1382/4858 | test_section_1__llama3.1_8b__attempt_094
2026-07-13 03:47:17 | RUN | 1383/4858 | test_section_1__llama3.1_8b__attempt_095
2026-07-13 03:47:35 | RUN | 1384/4858 | test_section_1__llama3.1_8b__attempt_097
2026-07-13 03:47:50 | RUN | 1385/4858 | test_section_1__llama3.1_8b__attempt_098
2026-07-13 03:48:08 | RUN | 1386/4858 | test_section_1__llama3.1_8b__attempt_099
2026-07-13 03:48:25 | RUN | 1387/4858 | test_section_1__llama3.1_8b__attempt_100
2026-07-13 03:48:42 | RUN | 1388/4858 | test_section_1__ministral-3_3b__attempt_001
2026-07-13 03:49:01 | RUN | 1389/4858 | test_section_1__ministral-3_3b__attempt_002
2026-07-13 03:49:21 | RUN | 1390/4858 | test_section_1__ministral-3_3b__attempt_003
2026-07-13 03:49:38 | RUN | 1391/4858 | test_section_1__ministral-3_3b__attempt_006
2026-07-13 03:49:55 | RUN | 1392/4858 | test_section_1__ministral-3_3b__attempt_007
2026-07-13 03:50:13 | RUN | 1393/4858 | test_section_1__ministral-3_3b__attempt_011
2026-07-13 03:50:32 | RUN | 1394/4858 | test_section_1__ministral-3_3b__attempt_012
2026-07-13 03:50:53 | RUN | 1395/4858 | test_section_1__ministral-3_3b__attempt_013
2026-07-13 03:51:15 | RUN | 1396/4858 | test_section_1__ministral-3_3b__attempt_015
2026-07-13 03:51:32 | RUN | 1397/4858 | test_section_1__ministral-3_3b__attempt_018
2026-07-13 03:51:51 | RUN | 1398/4858 | test_section_1__ministral-3_3b__attempt_019
2026-07-13 03:52:11 | RUN | 1399/4858 | test_section_1__ministral-3_3b__attempt_021
2026-07-13 03:52:19 | RUN | 1400/4858 | test_section_1__ministral-3_3b__attempt_025
2026-07-13 03:52:38 | RUN | 1401/4858 | test_section_1__ministral-3_3b__attempt_026
2026-07-13 03:52:47 | RUN | 1402/4858 | test_section_1__ministral-3_3b__attempt_027
2026-07-13 03:52:56 | RUN | 1403/4858 | test_section_1__ministral-3_3b__attempt_028
2026-07-13 03:53:15 | RUN | 1404/4858 | test_section_1__ministral-3_3b__attempt_030
2026-07-13 03:53:25 | RUN | 1405/4858 | test_section_1__ministral-3_3b__attempt_032
2026-07-13 03:53:42 | RUN | 1406/4858 | test_section_1__ministral-3_3b__attempt_033
2026-07-13 03:53:51 | RUN | 1407/4858 | test_section_1__ministral-3_3b__attempt_035
2026-07-13 03:54:14 | RUN | 1408/4858 | test_section_1__ministral-3_3b__attempt_036
2026-07-13 03:54:33 | RUN | 1409/4858 | test_section_1__ministral-3_3b__attempt_038
2026-07-13 03:54:50 | RUN | 1410/4858 | test_section_1__ministral-3_3b__attempt_041
2026-07-13 03:55:10 | RUN | 1411/4858 | test_section_1__ministral-3_3b__attempt_047
2026-07-13 03:55:27 | RUN | 1412/4858 | test_section_1__ministral-3_3b__attempt_049
2026-07-13 03:55:43 | RUN | 1413/4858 | test_section_1__ministral-3_3b__attempt_051
2026-07-13 03:55:52 | RUN | 1414/4858 | test_section_1__ministral-3_3b__attempt_055
2026-07-13 03:56:10 | RUN | 1415/4858 | test_section_1__ministral-3_3b__attempt_056
2026-07-13 03:56:32 | RUN | 1416/4858 | test_section_1__ministral-3_3b__attempt_057
2026-07-13 03:56:50 | RUN | 1417/4858 | test_section_1__ministral-3_3b__attempt_058
2026-07-13 03:57:09 | RUN | 1418/4858 | test_section_1__ministral-3_3b__attempt_059
2026-07-13 03:57:29 | RUN | 1419/4858 | test_section_1__ministral-3_3b__attempt_060
2026-07-13 03:57:52 | RUN | 1420/4858 | test_section_1__ministral-3_3b__attempt_062
2026-07-13 03:58:13 | RUN | 1421/4858 | test_section_1__ministral-3_3b__attempt_064
2026-07-13 03:58:30 | RUN | 1422/4858 | test_section_1__ministral-3_3b__attempt_065
2026-07-13 03:58:48 | RUN | 1423/4858 | test_section_1__ministral-3_3b__attempt_066
2026-07-13 03:59:14 | RUN | 1424/4858 | test_section_1__ministral-3_3b__attempt_069
2026-07-13 03:59:32 | RUN | 1425/4858 | test_section_1__ministral-3_3b__attempt_070
2026-07-13 03:59:51 | RUN | 1426/4858 | test_section_1__ministral-3_3b__attempt_071
2026-07-13 04:00:08 | RUN | 1427/4858 | test_section_1__ministral-3_3b__attempt_072
2026-07-13 04:00:16 | RUN | 1428/4858 | test_section_1__ministral-3_3b__attempt_077
2026-07-13 04:00:38 | RUN | 1429/4858 | test_section_1__ministral-3_3b__attempt_081
2026-07-13 04:00:53 | RUN | 1430/4858 | test_section_1__ministral-3_3b__attempt_082
2026-07-13 04:01:13 | RUN | 1431/4858 | test_section_1__ministral-3_3b__attempt_084
2026-07-13 04:01:32 | RUN | 1432/4858 | test_section_1__ministral-3_3b__attempt_086
2026-07-13 04:01:54 | RUN | 1433/4858 | test_section_1__ministral-3_3b__attempt_087
2026-07-13 04:02:13 | RUN | 1434/4858 | test_section_1__ministral-3_3b__attempt_088
2026-07-13 04:02:31 | RUN | 1435/4858 | test_section_1__ministral-3_3b__attempt_089
2026-07-13 04:02:47 | RUN | 1436/4858 | test_section_1__ministral-3_3b__attempt_091
2026-07-13 04:03:07 | RUN | 1437/4858 | test_section_1__ministral-3_3b__attempt_092
2026-07-13 04:03:25 | RUN | 1438/4858 | test_section_1__ministral-3_3b__attempt_096
2026-07-13 04:03:43 | RUN | 1439/4858 | test_section_1__ministral-3_3b__attempt_097
2026-07-13 04:04:02 | RUN | 1440/4858 | test_section_1__ministral-3_3b__attempt_098
2026-07-13 04:04:23 | RUN | 1441/4858 | test_section_1__ministral-3_3b__attempt_099
2026-07-13 04:04:42 | RUN | 1442/4858 | test_section_1__qwen3.5_4b__attempt_002
2026-07-13 04:05:02 | RUN | 1443/4858 | test_section_1__qwen3.5_4b__attempt_005
2026-07-13 04:05:11 | RUN | 1444/4858 | test_section_1__qwen3.5_4b__attempt_006
2026-07-13 04:05:31 | RUN | 1445/4858 | test_section_1__qwen3.5_4b__attempt_009
2026-07-13 04:05:41 | RUN | 1446/4858 | test_section_1__qwen3.5_4b__attempt_010
2026-07-13 04:06:01 | RUN | 1447/4858 | test_section_1__qwen3.5_4b__attempt_011
2026-07-13 04:06:18 | RUN | 1448/4858 | test_section_1__qwen3.5_4b__attempt_012
2026-07-13 04:06:27 | RUN | 1449/4858 | test_section_1__qwen3.5_4b__attempt_013
2026-07-13 04:06:38 | RUN | 1450/4858 | test_section_1__qwen3.5_4b__attempt_014
2026-07-13 04:06:49 | RUN | 1451/4858 | test_section_1__qwen3.5_4b__attempt_015
2026-07-13 04:07:00 | RUN | 1452/4858 | test_section_1__qwen3.5_4b__attempt_016
2026-07-13 04:07:09 | RUN | 1453/4858 | test_section_1__qwen3.5_4b__attempt_021
2026-07-13 04:07:19 | RUN | 1454/4858 | test_section_1__qwen3.5_4b__attempt_023
2026-07-13 04:07:29 | RUN | 1455/4858 | test_section_1__qwen3.5_4b__attempt_025
2026-07-13 04:07:38 | RUN | 1456/4858 | test_section_1__qwen3.5_4b__attempt_028
2026-07-13 04:07:57 | RUN | 1457/4858 | test_section_1__qwen3.5_4b__attempt_031
2026-07-13 04:08:06 | RUN | 1458/4858 | test_section_1__qwen3.5_4b__attempt_032
2026-07-13 04:08:16 | RUN | 1459/4858 | test_section_1__qwen3.5_4b__attempt_033
2026-07-13 04:08:26 | RUN | 1460/4858 | test_section_1__qwen3.5_4b__attempt_036
2026-07-13 04:08:35 | RUN | 1461/4858 | test_section_1__qwen3.5_4b__attempt_037
2026-07-13 04:08:57 | RUN | 1462/4858 | test_section_1__qwen3.5_4b__attempt_038
2026-07-13 04:09:07 | RUN | 1463/4858 | test_section_1__qwen3.5_4b__attempt_040
2026-07-13 04:09:27 | RUN | 1464/4858 | test_section_1__qwen3.5_4b__attempt_042
2026-07-13 04:09:36 | RUN | 1465/4858 | test_section_1__qwen3.5_4b__attempt_044
2026-07-13 04:09:54 | RUN | 1466/4858 | test_section_1__qwen3.5_4b__attempt_046
2026-07-13 04:10:15 | RUN | 1467/4858 | test_section_1__qwen3.5_4b__attempt_047
2026-07-13 04:10:23 | RUN | 1468/4858 | test_section_1__qwen3.5_4b__attempt_048
2026-07-13 04:10:32 | RUN | 1469/4858 | test_section_1__qwen3.5_4b__attempt_049
2026-07-13 04:10:52 | RUN | 1470/4858 | test_section_1__qwen3.5_4b__attempt_050
2026-07-13 04:11:01 | RUN | 1471/4858 | test_section_1__qwen3.5_4b__attempt_052
2026-07-13 04:11:20 | RUN | 1472/4858 | test_section_1__qwen3.5_4b__attempt_053
2026-07-13 04:11:29 | RUN | 1473/4858 | test_section_1__qwen3.5_4b__attempt_054
2026-07-13 04:11:38 | RUN | 1474/4858 | test_section_1__qwen3.5_4b__attempt_057
2026-07-13 04:11:47 | RUN | 1475/4858 | test_section_1__qwen3.5_4b__attempt_059
2026-07-13 04:12:08 | RUN | 1476/4858 | test_section_1__qwen3.5_4b__attempt_060
2026-07-13 04:12:26 | RUN | 1477/4858 | test_section_1__qwen3.5_4b__attempt_063
2026-07-13 04:12:35 | RUN | 1478/4858 | test_section_1__qwen3.5_4b__attempt_064
2026-07-13 04:12:46 | RUN | 1479/4858 | test_section_1__qwen3.5_4b__attempt_065
2026-07-13 04:12:55 | RUN | 1480/4858 | test_section_1__qwen3.5_4b__attempt_066
2026-07-13 04:13:13 | RUN | 1481/4858 | test_section_1__qwen3.5_4b__attempt_068
2026-07-13 04:13:22 | RUN | 1482/4858 | test_section_1__qwen3.5_4b__attempt_069
2026-07-13 04:13:40 | RUN | 1483/4858 | test_section_1__qwen3.5_4b__attempt_070
2026-07-13 04:14:00 | RUN | 1484/4858 | test_section_1__qwen3.5_4b__attempt_071
2026-07-13 04:14:09 | RUN | 1485/4858 | test_section_1__qwen3.5_4b__attempt_072
2026-07-13 04:14:18 | RUN | 1486/4858 | test_section_1__qwen3.5_4b__attempt_074
2026-07-13 04:14:39 | RUN | 1487/4858 | test_section_1__qwen3.5_4b__attempt_076
2026-07-13 04:14:59 | RUN | 1488/4858 | test_section_1__qwen3.5_4b__attempt_078
2026-07-13 04:15:08 | RUN | 1489/4858 | test_section_1__qwen3.5_4b__attempt_079
2026-07-13 04:15:17 | RUN | 1490/4858 | test_section_1__qwen3.5_4b__attempt_080
2026-07-13 04:15:27 | RUN | 1491/4858 | test_section_1__qwen3.5_4b__attempt_081
2026-07-13 04:15:49 | RUN | 1492/4858 | test_section_1__qwen3.5_4b__attempt_083
2026-07-13 04:15:58 | RUN | 1493/4858 | test_section_1__qwen3.5_4b__attempt_084
2026-07-13 04:16:07 | RUN | 1494/4858 | test_section_1__qwen3.5_4b__attempt_086
2026-07-13 04:16:16 | RUN | 1495/4858 | test_section_1__qwen3.5_4b__attempt_087
2026-07-13 04:16:25 | RUN | 1496/4858 | test_section_1__qwen3.5_4b__attempt_088
2026-07-13 04:16:34 | RUN | 1497/4858 | test_section_1__qwen3.5_4b__attempt_090
2026-07-13 04:16:51 | RUN | 1498/4858 | test_section_1__qwen3.5_4b__attempt_092
2026-07-13 04:17:12 | RUN | 1499/4858 | test_section_1__qwen3.5_4b__attempt_094
2026-07-13 04:17:21 | RUN | 1500/4858 | test_section_1__qwen3.5_4b__attempt_095
2026-07-13 04:17:32 | RUN | 1501/4858 | test_section_1__qwen3.5_4b__attempt_097
2026-07-13 04:17:41 | RUN | 1502/4858 | test_section_1__qwen3.5_4b__attempt_098
2026-07-13 04:17:50 | RUN | 1503/4858 | test_section_1__qwen3.5_4b__attempt_099
2026-07-13 04:17:59 | RUN | 1504/4858 | test_section_2__Bielik-4.5B-v3.0-Instruct-GGUF_Q8_0__attempt_008
2026-07-13 04:18:16 | RUN | 1505/4858 | test_section_2__deepseek-r1_8b__attempt_001
2026-07-13 04:18:35 | RUN | 1506/4858 | test_section_2__deepseek-r1_8b__attempt_002
2026-07-13 04:18:45 | RUN | 1507/4858 | test_section_2__deepseek-r1_8b__attempt_004
2026-07-13 04:18:55 | RUN | 1508/4858 | test_section_2__deepseek-r1_8b__attempt_005
2026-07-13 04:19:16 | RUN | 1509/4858 | test_section_2__deepseek-r1_8b__attempt_007
2026-07-13 04:19:28 | RUN | 1510/4858 | test_section_2__deepseek-r1_8b__attempt_008
2026-07-13 04:19:38 | RUN | 1511/4858 | test_section_2__deepseek-r1_8b__attempt_009
2026-07-13 04:19:55 | RUN | 1512/4858 | test_section_2__deepseek-r1_8b__attempt_012
2026-07-13 04:20:14 | RUN | 1513/4858 | test_section_2__deepseek-r1_8b__attempt_013
2026-07-13 04:20:35 | RUN | 1514/4858 | test_section_2__deepseek-r1_8b__attempt_014
2026-07-13 04:20:56 | RUN | 1515/4858 | test_section_2__deepseek-r1_8b__attempt_015
2026-07-13 04:21:13 | RUN | 1516/4858 | test_section_2__deepseek-r1_8b__attempt_016
2026-07-13 04:21:30 | RUN | 1517/4858 | test_section_2__deepseek-r1_8b__attempt_017
2026-07-13 04:21:39 | RUN | 1518/4858 | test_section_2__deepseek-r1_8b__attempt_018
2026-07-13 04:21:49 | RUN | 1519/4858 | test_section_2__deepseek-r1_8b__attempt_020
2026-07-13 04:22:00 | RUN | 1520/4858 | test_section_2__deepseek-r1_8b__attempt_021
2026-07-13 04:22:16 | RUN | 1521/4858 | test_section_2__deepseek-r1_8b__attempt_022
2026-07-13 04:22:35 | RUN | 1522/4858 | test_section_2__deepseek-r1_8b__attempt_023
2026-07-13 04:22:45 | RUN | 1523/4858 | test_section_2__deepseek-r1_8b__attempt_024
2026-07-13 04:22:55 | RUN | 1524/4858 | test_section_2__deepseek-r1_8b__attempt_025
2026-07-13 04:23:11 | RUN | 1525/4858 | test_section_2__deepseek-r1_8b__attempt_026
2026-07-13 04:23:21 | RUN | 1526/4858 | test_section_2__deepseek-r1_8b__attempt_027
2026-07-13 04:23:40 | RUN | 1527/4858 | test_section_2__deepseek-r1_8b__attempt_029
2026-07-13 04:23:59 | RUN | 1528/4858 | test_section_2__deepseek-r1_8b__attempt_032
2026-07-13 04:24:09 | RUN | 1529/4858 | test_section_2__deepseek-r1_8b__attempt_034
2026-07-13 04:24:20 | RUN | 1530/4858 | test_section_2__deepseek-r1_8b__attempt_037
2026-07-13 04:24:29 | RUN | 1531/4858 | test_section_2__deepseek-r1_8b__attempt_038
2026-07-13 04:24:51 | RUN | 1532/4858 | test_section_2__deepseek-r1_8b__attempt_039
2026-07-13 04:25:11 | RUN | 1533/4858 | test_section_2__deepseek-r1_8b__attempt_042
2026-07-13 04:25:27 | RUN | 1534/4858 | test_section_2__deepseek-r1_8b__attempt_043
2026-07-13 04:25:37 | RUN | 1535/4858 | test_section_2__deepseek-r1_8b__attempt_044
2026-07-13 04:25:49 | RUN | 1536/4858 | test_section_2__deepseek-r1_8b__attempt_047
2026-07-13 04:26:11 | RUN | 1537/4858 | test_section_2__deepseek-r1_8b__attempt_050
2026-07-13 04:26:21 | RUN | 1538/4858 | test_section_2__deepseek-r1_8b__attempt_051
2026-07-13 04:26:44 | RUN | 1539/4858 | test_section_2__deepseek-r1_8b__attempt_052
2026-07-13 04:27:05 | RUN | 1540/4858 | test_section_2__deepseek-r1_8b__attempt_053
2026-07-13 04:27:22 | RUN | 1541/4858 | test_section_2__deepseek-r1_8b__attempt_054
2026-07-13 04:27:32 | RUN | 1542/4858 | test_section_2__deepseek-r1_8b__attempt_058
2026-07-13 04:27:50 | RUN | 1543/4858 | test_section_2__deepseek-r1_8b__attempt_061
2026-07-13 04:28:09 | RUN | 1544/4858 | test_section_2__deepseek-r1_8b__attempt_064
2026-07-13 04:28:28 | RUN | 1545/4858 | test_section_2__deepseek-r1_8b__attempt_066
2026-07-13 04:28:54 | RUN | 1546/4858 | test_section_2__deepseek-r1_8b__attempt_067
2026-07-13 04:29:13 | RUN | 1547/4858 | test_section_2__deepseek-r1_8b__attempt_069
2026-07-13 04:29:24 | RUN | 1548/4858 | test_section_2__deepseek-r1_8b__attempt_071
2026-07-13 04:29:43 | RUN | 1549/4858 | test_section_2__deepseek-r1_8b__attempt_072
2026-07-13 04:30:03 | RUN | 1550/4858 | test_section_2__deepseek-r1_8b__attempt_074
2026-07-13 04:30:23 | RUN | 1551/4858 | test_section_2__deepseek-r1_8b__attempt_076
2026-07-13 04:30:33 | RUN | 1552/4858 | test_section_2__deepseek-r1_8b__attempt_078
2026-07-13 04:30:43 | RUN | 1553/4858 | test_section_2__deepseek-r1_8b__attempt_079
2026-07-13 04:30:53 | RUN | 1554/4858 | test_section_2__deepseek-r1_8b__attempt_081
2026-07-13 04:31:03 | RUN | 1555/4858 | test_section_2__deepseek-r1_8b__attempt_083
2026-07-13 04:31:33 | RUN | 1556/4858 | test_section_2__deepseek-r1_8b__attempt_086
2026-07-13 04:31:55 | RUN | 1557/4858 | test_section_2__deepseek-r1_8b__attempt_088
2026-07-13 04:32:13 | RUN | 1558/4858 | test_section_2__deepseek-r1_8b__attempt_090
2026-07-13 04:32:33 | RUN | 1559/4858 | test_section_2__deepseek-r1_8b__attempt_091
2026-07-13 04:32:52 | RUN | 1560/4858 | test_section_2__deepseek-r1_8b__attempt_093
2026-07-13 04:33:12 | RUN | 1561/4858 | test_section_2__deepseek-r1_8b__attempt_094
2026-07-13 04:33:23 | RUN | 1562/4858 | test_section_2__deepseek-r1_8b__attempt_096
2026-07-13 04:33:43 | RUN | 1563/4858 | test_section_2__deepseek-r1_8b__attempt_097
2026-07-13 04:33:53 | RUN | 1564/4858 | test_section_2__llama3.1_8b__attempt_003
2026-07-13 04:34:10 | RUN | 1565/4858 | test_section_2__llama3.1_8b__attempt_004
2026-07-13 04:34:29 | RUN | 1566/4858 | test_section_2__llama3.1_8b__attempt_005
2026-07-13 04:34:51 | RUN | 1567/4858 | test_section_2__llama3.1_8b__attempt_006
2026-07-13 04:35:01 | RUN | 1568/4858 | test_section_2__llama3.1_8b__attempt_007
2026-07-13 04:35:23 | RUN | 1569/4858 | test_section_2__llama3.1_8b__attempt_008
2026-07-13 04:35:42 | RUN | 1570/4858 | test_section_2__llama3.1_8b__attempt_009
2026-07-13 04:36:01 | RUN | 1571/4858 | test_section_2__llama3.1_8b__attempt_010
2026-07-13 04:36:17 | RUN | 1572/4858 | test_section_2__llama3.1_8b__attempt_011
2026-07-13 04:36:35 | RUN | 1573/4858 | test_section_2__llama3.1_8b__attempt_012
2026-07-13 04:36:55 | RUN | 1574/4858 | test_section_2__llama3.1_8b__attempt_014
2026-07-13 04:37:15 | RUN | 1575/4858 | test_section_2__llama3.1_8b__attempt_015
2026-07-13 04:37:34 | RUN | 1576/4858 | test_section_2__llama3.1_8b__attempt_016
2026-07-13 04:37:46 | RUN | 1577/4858 | test_section_2__llama3.1_8b__attempt_017
2026-07-13 04:38:05 | RUN | 1578/4858 | test_section_2__llama3.1_8b__attempt_023
2026-07-13 04:38:26 | RUN | 1579/4858 | test_section_2__llama3.1_8b__attempt_024
2026-07-13 04:38:36 | RUN | 1580/4858 | test_section_2__llama3.1_8b__attempt_025
2026-07-13 04:38:54 | RUN | 1581/4858 | test_section_2__llama3.1_8b__attempt_026
2026-07-13 04:39:18 | RUN | 1582/4858 | test_section_2__llama3.1_8b__attempt_027
2026-07-13 04:39:35 | RUN | 1583/4858 | test_section_2__llama3.1_8b__attempt_028
2026-07-13 04:39:54 | RUN | 1584/4858 | test_section_2__llama3.1_8b__attempt_029
2026-07-13 04:40:14 | RUN | 1585/4858 | test_section_2__llama3.1_8b__attempt_032
2026-07-13 04:40:24 | RUN | 1586/4858 | test_section_2__llama3.1_8b__attempt_033
2026-07-13 04:40:44 | RUN | 1587/4858 | test_section_2__llama3.1_8b__attempt_034
2026-07-13 04:41:01 | RUN | 1588/4858 | test_section_2__llama3.1_8b__attempt_036
2026-07-13 04:41:11 | RUN | 1589/4858 | test_section_2__llama3.1_8b__attempt_037
2026-07-13 04:41:32 | RUN | 1590/4858 | test_section_2__llama3.1_8b__attempt_038
2026-07-13 04:41:51 | RUN | 1591/4858 | test_section_2__llama3.1_8b__attempt_039
2026-07-13 04:42:00 | RUN | 1592/4858 | test_section_2__llama3.1_8b__attempt_040
2026-07-13 04:42:17 | RUN | 1593/4858 | test_section_2__llama3.1_8b__attempt_041
2026-07-13 04:42:37 | RUN | 1594/4858 | test_section_2__llama3.1_8b__attempt_042
2026-07-13 04:42:55 | RUN | 1595/4858 | test_section_2__llama3.1_8b__attempt_043
2026-07-13 04:43:12 | RUN | 1596/4858 | test_section_2__llama3.1_8b__attempt_045
2026-07-13 04:43:29 | RUN | 1597/4858 | test_section_2__llama3.1_8b__attempt_046
2026-07-13 04:43:39 | RUN | 1598/4858 | test_section_2__llama3.1_8b__attempt_047
2026-07-13 04:43:57 | RUN | 1599/4858 | test_section_2__llama3.1_8b__attempt_049
2026-07-13 04:44:17 | RUN | 1600/4858 | test_section_2__llama3.1_8b__attempt_050
2026-07-13 04:44:39 | RUN | 1601/4858 | test_section_2__llama3.1_8b__attempt_051
2026-07-13 04:44:59 | RUN | 1602/4858 | test_section_2__llama3.1_8b__attempt_054
2026-07-13 04:45:09 | RUN | 1603/4858 | test_section_2__llama3.1_8b__attempt_055
2026-07-13 04:45:29 | RUN | 1604/4858 | test_section_2__llama3.1_8b__attempt_056
2026-07-13 04:45:48 | RUN | 1605/4858 | test_section_2__llama3.1_8b__attempt_059
2026-07-13 04:46:07 | RUN | 1606/4858 | test_section_2__llama3.1_8b__attempt_060
2026-07-13 04:46:30 | RUN | 1607/4858 | test_section_2__llama3.1_8b__attempt_061
2026-07-13 04:46:51 | RUN | 1608/4858 | test_section_2__llama3.1_8b__attempt_065
2026-07-13 04:47:11 | RUN | 1609/4858 | test_section_2__llama3.1_8b__attempt_066
2026-07-13 04:47:32 | RUN | 1610/4858 | test_section_2__llama3.1_8b__attempt_068
2026-07-13 04:47:51 | RUN | 1611/4858 | test_section_2__llama3.1_8b__attempt_070
2026-07-13 04:48:00 | RUN | 1612/4858 | test_section_2__llama3.1_8b__attempt_071
2026-07-13 04:48:20 | RUN | 1613/4858 | test_section_2__llama3.1_8b__attempt_072
2026-07-13 04:48:39 | RUN | 1614/4858 | test_section_2__llama3.1_8b__attempt_075
2026-07-13 04:48:59 | RUN | 1615/4858 | test_section_2__llama3.1_8b__attempt_080
2026-07-13 04:49:19 | RUN | 1616/4858 | test_section_2__llama3.1_8b__attempt_081
2026-07-13 04:49:36 | RUN | 1617/4858 | test_section_2__llama3.1_8b__attempt_082
2026-07-13 04:49:55 | RUN | 1618/4858 | test_section_2__llama3.1_8b__attempt_083
2026-07-13 04:50:15 | RUN | 1619/4858 | test_section_2__llama3.1_8b__attempt_084
2026-07-13 04:50:33 | RUN | 1620/4858 | test_section_2__llama3.1_8b__attempt_085
2026-07-13 04:50:51 | RUN | 1621/4858 | test_section_2__llama3.1_8b__attempt_086
2026-07-13 04:51:10 | RUN | 1622/4858 | test_section_2__llama3.1_8b__attempt_087
2026-07-13 04:51:31 | RUN | 1623/4858 | test_section_2__llama3.1_8b__attempt_088
2026-07-13 04:51:48 | RUN | 1624/4858 | test_section_2__llama3.1_8b__attempt_089
2026-07-13 04:52:08 | RUN | 1625/4858 | test_section_2__llama3.1_8b__attempt_090
2026-07-13 04:52:29 | RUN | 1626/4858 | test_section_2__llama3.1_8b__attempt_092
2026-07-13 04:52:49 | RUN | 1627/4858 | test_section_2__llama3.1_8b__attempt_093
2026-07-13 04:52:59 | RUN | 1628/4858 | test_section_2__llama3.1_8b__attempt_094
2026-07-13 04:53:19 | RUN | 1629/4858 | test_section_2__llama3.1_8b__attempt_095
2026-07-13 04:53:37 | RUN | 1630/4858 | test_section_2__llama3.1_8b__attempt_098
2026-07-13 04:54:12 | RUN | 1631/4858 | test_section_2__llama3.1_8b__attempt_099
2026-07-13 04:54:31 | RUN | 1632/4858 | test_section_2__ministral-3_3b__attempt_001
2026-07-13 04:54:49 | RUN | 1633/4858 | test_section_2__ministral-3_3b__attempt_002
2026-07-13 04:55:08 | RUN | 1634/4858 | test_section_2__ministral-3_3b__attempt_003
2026-07-13 04:55:26 | RUN | 1635/4858 | test_section_2__ministral-3_3b__attempt_005
2026-07-13 04:55:45 | RUN | 1636/4858 | test_section_2__ministral-3_3b__attempt_006
2026-07-13 04:56:07 | RUN | 1637/4858 | test_section_2__ministral-3_3b__attempt_007
2026-07-13 04:56:29 | RUN | 1638/4858 | test_section_2__ministral-3_3b__attempt_008
2026-07-13 04:56:49 | RUN | 1639/4858 | test_section_2__ministral-3_3b__attempt_010
2026-07-13 04:57:06 | RUN | 1640/4858 | test_section_2__ministral-3_3b__attempt_011
2026-07-13 04:57:26 | RUN | 1641/4858 | test_section_2__ministral-3_3b__attempt_012
2026-07-13 04:57:36 | RUN | 1642/4858 | test_section_2__ministral-3_3b__attempt_013
2026-07-13 04:58:02 | RUN | 1643/4858 | test_section_2__ministral-3_3b__attempt_014
2026-07-13 04:58:23 | RUN | 1644/4858 | test_section_2__ministral-3_3b__attempt_016
2026-07-13 04:58:42 | RUN | 1645/4858 | test_section_2__ministral-3_3b__attempt_018
2026-07-13 04:58:52 | RUN | 1646/4858 | test_section_2__ministral-3_3b__attempt_020
2026-07-13 04:59:07 | RUN | 1647/4858 | test_section_2__ministral-3_3b__attempt_021
2026-07-13 04:59:27 | RUN | 1648/4858 | test_section_2__ministral-3_3b__attempt_023
2026-07-13 04:59:45 | RUN | 1649/4858 | test_section_2__ministral-3_3b__attempt_024
2026-07-13 05:00:04 | RUN | 1650/4858 | test_section_2__ministral-3_3b__attempt_025
2026-07-13 05:00:24 | RUN | 1651/4858 | test_section_2__ministral-3_3b__attempt_030
2026-07-13 05:00:44 | RUN | 1652/4858 | test_section_2__ministral-3_3b__attempt_032
2026-07-13 05:01:05 | RUN | 1653/4858 | test_section_2__ministral-3_3b__attempt_034
2026-07-13 05:01:14 | RUN | 1654/4858 | test_section_2__ministral-3_3b__attempt_035
2026-07-13 05:01:33 | RUN | 1655/4858 | test_section_2__ministral-3_3b__attempt_036
2026-07-13 05:01:56 | RUN | 1656/4858 | test_section_2__ministral-3_3b__attempt_038
2026-07-13 05:02:16 | RUN | 1657/4858 | test_section_2__ministral-3_3b__attempt_039
2026-07-13 05:02:39 | RUN | 1658/4858 | test_section_2__ministral-3_3b__attempt_040
2026-07-13 05:02:57 | RUN | 1659/4858 | test_section_2__ministral-3_3b__attempt_043
2026-07-13 05:03:09 | RUN | 1660/4858 | test_section_2__ministral-3_3b__attempt_044
2026-07-13 05:03:29 | RUN | 1661/4858 | test_section_2__ministral-3_3b__attempt_045
2026-07-13 05:03:50 | RUN | 1662/4858 | test_section_2__ministral-3_3b__attempt_046
2026-07-13 05:04:09 | RUN | 1663/4858 | test_section_2__ministral-3_3b__attempt_049
2026-07-13 05:04:52 | RUN | 1664/4858 | test_section_2__ministral-3_3b__attempt_053
2026-07-13 05:05:11 | RUN | 1665/4858 | test_section_2__ministral-3_3b__attempt_054
2026-07-13 05:05:35 | RUN | 1666/4858 | test_section_2__ministral-3_3b__attempt_055
2026-07-13 05:05:58 | RUN | 1667/4858 | test_section_2__ministral-3_3b__attempt_056
2026-07-13 05:06:16 | RUN | 1668/4858 | test_section_2__ministral-3_3b__attempt_058
2026-07-13 05:06:35 | RUN | 1669/4858 | test_section_2__ministral-3_3b__attempt_061
2026-07-13 05:06:55 | RUN | 1670/4858 | test_section_2__ministral-3_3b__attempt_062
2026-07-13 05:07:18 | RUN | 1671/4858 | test_section_2__ministral-3_3b__attempt_066
2026-07-13 05:07:42 | RUN | 1672/4858 | test_section_2__ministral-3_3b__attempt_067
2026-07-13 05:08:04 | RUN | 1673/4858 | test_section_2__ministral-3_3b__attempt_068
2026-07-13 05:08:24 | RUN | 1674/4858 | test_section_2__ministral-3_3b__attempt_071
2026-07-13 05:08:41 | RUN | 1675/4858 | test_section_2__ministral-3_3b__attempt_072
2026-07-13 05:08:59 | RUN | 1676/4858 | test_section_2__ministral-3_3b__attempt_073
2026-07-13 05:09:19 | RUN | 1677/4858 | test_section_2__ministral-3_3b__attempt_075
2026-07-13 05:09:36 | RUN | 1678/4858 | test_section_2__ministral-3_3b__attempt_076
2026-07-13 05:09:56 | RUN | 1679/4858 | test_section_2__ministral-3_3b__attempt_077
2026-07-13 05:10:19 | RUN | 1680/4858 | test_section_2__ministral-3_3b__attempt_078
2026-07-13 05:10:38 | RUN | 1681/4858 | test_section_2__ministral-3_3b__attempt_080
2026-07-13 05:10:56 | RUN | 1682/4858 | test_section_2__ministral-3_3b__attempt_081
2026-07-13 05:11:17 | RUN | 1683/4858 | test_section_2__ministral-3_3b__attempt_082
2026-07-13 05:11:42 | RUN | 1684/4858 | test_section_2__ministral-3_3b__attempt_084
2026-07-13 05:12:05 | RUN | 1685/4858 | test_section_2__ministral-3_3b__attempt_085
2026-07-13 05:12:25 | RUN | 1686/4858 | test_section_2__ministral-3_3b__attempt_091
2026-07-13 05:12:46 | RUN | 1687/4858 | test_section_2__ministral-3_3b__attempt_092
2026-07-13 05:13:07 | RUN | 1688/4858 | test_section_2__ministral-3_3b__attempt_094
2026-07-13 05:13:29 | RUN | 1689/4858 | test_section_2__ministral-3_3b__attempt_095
2026-07-13 05:13:48 | RUN | 1690/4858 | test_section_2__ministral-3_3b__attempt_096
2026-07-13 05:13:58 | RUN | 1691/4858 | test_section_2__ministral-3_3b__attempt_098
2026-07-13 05:14:16 | RUN | 1692/4858 | test_section_2__qwen3.5_4b__attempt_001
2026-07-13 05:14:26 | RUN | 1693/4858 | test_section_2__qwen3.5_4b__attempt_004
2026-07-13 05:15:02 | RUN | 1694/4858 | test_section_2__qwen3.5_4b__attempt_005
2026-07-13 05:15:12 | RUN | 1695/4858 | test_section_2__qwen3.5_4b__attempt_006
2026-07-13 05:15:22 | RUN | 1696/4858 | test_section_2__qwen3.5_4b__attempt_007
2026-07-13 05:15:32 | RUN | 1697/4858 | test_section_2__qwen3.5_4b__attempt_009
2026-07-13 05:15:42 | RUN | 1698/4858 | test_section_2__qwen3.5_4b__attempt_010
2026-07-13 05:15:52 | RUN | 1699/4858 | test_section_2__qwen3.5_4b__attempt_011
2026-07-13 05:16:02 | RUN | 1700/4858 | test_section_2__qwen3.5_4b__attempt_014
2026-07-13 05:16:23 | RUN | 1701/4858 | test_section_2__qwen3.5_4b__attempt_015
2026-07-13 05:16:33 | RUN | 1702/4858 | test_section_2__qwen3.5_4b__attempt_016
2026-07-13 05:16:43 | RUN | 1703/4858 | test_section_2__qwen3.5_4b__attempt_017
2026-07-13 05:16:53 | RUN | 1704/4858 | test_section_2__qwen3.5_4b__attempt_018
2026-07-13 05:17:03 | RUN | 1705/4858 | test_section_2__qwen3.5_4b__attempt_020
2026-07-13 05:17:13 | RUN | 1706/4858 | test_section_2__qwen3.5_4b__attempt_021
2026-07-13 05:17:22 | RUN | 1707/4858 | test_section_2__qwen3.5_4b__attempt_022
2026-07-13 05:17:32 | RUN | 1708/4858 | test_section_2__qwen3.5_4b__attempt_023
2026-07-13 05:17:42 | RUN | 1709/4858 | test_section_2__qwen3.5_4b__attempt_025
2026-07-13 05:17:52 | RUN | 1710/4858 | test_section_2__qwen3.5_4b__attempt_026
2026-07-13 05:18:02 | RUN | 1711/4858 | test_section_2__qwen3.5_4b__attempt_028
2026-07-13 05:18:24 | RUN | 1712/4858 | test_section_2__qwen3.5_4b__attempt_029
2026-07-13 05:18:34 | RUN | 1713/4858 | test_section_2__qwen3.5_4b__attempt_031
2026-07-13 05:18:44 | RUN | 1714/4858 | test_section_2__qwen3.5_4b__attempt_032
2026-07-13 05:18:54 | RUN | 1715/4858 | test_section_2__qwen3.5_4b__attempt_034
2026-07-13 05:19:04 | RUN | 1716/4858 | test_section_2__qwen3.5_4b__attempt_035
2026-07-13 05:19:14 | RUN | 1717/4858 | test_section_2__qwen3.5_4b__attempt_036
2026-07-13 05:19:24 | RUN | 1718/4858 | test_section_2__qwen3.5_4b__attempt_037
2026-07-13 05:19:45 | RUN | 1719/4858 | test_section_2__qwen3.5_4b__attempt_039
2026-07-13 05:19:54 | RUN | 1720/4858 | test_section_2__qwen3.5_4b__attempt_040
2026-07-13 05:20:04 | RUN | 1721/4858 | test_section_2__qwen3.5_4b__attempt_042
2026-07-13 05:20:14 | RUN | 1722/4858 | test_section_2__qwen3.5_4b__attempt_043
2026-07-13 05:20:24 | RUN | 1723/4858 | test_section_2__qwen3.5_4b__attempt_044
2026-07-13 05:20:34 | RUN | 1724/4858 | test_section_2__qwen3.5_4b__attempt_045
2026-07-13 05:20:43 | RUN | 1725/4858 | test_section_2__qwen3.5_4b__attempt_046
2026-07-13 05:20:54 | RUN | 1726/4858 | test_section_2__qwen3.5_4b__attempt_047
2026-07-13 05:21:04 | RUN | 1727/4858 | test_section_2__qwen3.5_4b__attempt_048
2026-07-13 05:21:14 | RUN | 1728/4858 | test_section_2__qwen3.5_4b__attempt_049
2026-07-13 05:21:32 | RUN | 1729/4858 | test_section_2__qwen3.5_4b__attempt_050
2026-07-13 05:21:41 | RUN | 1730/4858 | test_section_2__qwen3.5_4b__attempt_053
2026-07-13 05:21:51 | RUN | 1731/4858 | test_section_2__qwen3.5_4b__attempt_054
2026-07-13 05:22:01 | RUN | 1732/4858 | test_section_2__qwen3.5_4b__attempt_055
2026-07-13 05:22:11 | RUN | 1733/4858 | test_section_2__qwen3.5_4b__attempt_056
2026-07-13 05:22:24 | RUN | 1734/4858 | test_section_2__qwen3.5_4b__attempt_057
2026-07-13 05:22:34 | RUN | 1735/4858 | test_section_2__qwen3.5_4b__attempt_058
2026-07-13 05:22:51 | RUN | 1736/4858 | test_section_2__qwen3.5_4b__attempt_059
2026-07-13 05:23:01 | RUN | 1737/4858 | test_section_2__qwen3.5_4b__attempt_060
2026-07-13 05:23:11 | RUN | 1738/4858 | test_section_2__qwen3.5_4b__attempt_061
2026-07-13 05:23:21 | RUN | 1739/4858 | test_section_2__qwen3.5_4b__attempt_062
2026-07-13 05:23:30 | RUN | 1740/4858 | test_section_2__qwen3.5_4b__attempt_063
2026-07-13 05:23:55 | RUN | 1741/4858 | test_section_2__qwen3.5_4b__attempt_064
2026-07-13 05:24:05 | RUN | 1742/4858 | test_section_2__qwen3.5_4b__attempt_065
2026-07-13 05:24:15 | RUN | 1743/4858 | test_section_2__qwen3.5_4b__attempt_067
2026-07-13 05:24:24 | RUN | 1744/4858 | test_section_2__qwen3.5_4b__attempt_068
2026-07-13 05:24:35 | RUN | 1745/4858 | test_section_2__qwen3.5_4b__attempt_069
2026-07-13 05:24:44 | RUN | 1746/4858 | test_section_2__qwen3.5_4b__attempt_070
2026-07-13 05:24:55 | RUN | 1747/4858 | test_section_2__qwen3.5_4b__attempt_071
2026-07-13 05:25:05 | RUN | 1748/4858 | test_section_2__qwen3.5_4b__attempt_072
2026-07-13 05:25:15 | RUN | 1749/4858 | test_section_2__qwen3.5_4b__attempt_073
2026-07-13 05:25:25 | RUN | 1750/4858 | test_section_2__qwen3.5_4b__attempt_074
2026-07-13 05:25:44 | RUN | 1751/4858 | test_section_2__qwen3.5_4b__attempt_075
2026-07-13 05:26:27 | RUN | 1752/4858 | test_section_2__qwen3.5_4b__attempt_076
2026-07-13 05:26:37 | RUN | 1753/4858 | test_section_2__qwen3.5_4b__attempt_077
2026-07-13 05:26:47 | RUN | 1754/4858 | test_section_2__qwen3.5_4b__attempt_078
2026-07-13 05:26:57 | RUN | 1755/4858 | test_section_2__qwen3.5_4b__attempt_079
2026-07-13 05:27:07 | RUN | 1756/4858 | test_section_2__qwen3.5_4b__attempt_083
2026-07-13 05:27:17 | RUN | 1757/4858 | test_section_2__qwen3.5_4b__attempt_088
2026-07-13 05:27:27 | RUN | 1758/4858 | test_section_2__qwen3.5_4b__attempt_089
2026-07-13 05:27:37 | RUN | 1759/4858 | test_section_2__qwen3.5_4b__attempt_090
2026-07-13 05:27:47 | RUN | 1760/4858 | test_section_2__qwen3.5_4b__attempt_091
2026-07-13 05:27:56 | RUN | 1761/4858 | test_section_2__qwen3.5_4b__attempt_092
2026-07-13 05:28:06 | RUN | 1762/4858 | test_section_2__qwen3.5_4b__attempt_093
2026-07-13 05:28:16 | RUN | 1763/4858 | test_section_2__qwen3.5_4b__attempt_094
2026-07-13 05:28:26 | RUN | 1764/4858 | test_section_2__qwen3.5_4b__attempt_095
2026-07-13 05:28:44 | RUN | 1765/4858 | test_section_2__qwen3.5_4b__attempt_096
2026-07-13 05:28:54 | RUN | 1766/4858 | test_section_2__qwen3.5_4b__attempt_099
2026-07-13 05:29:17 | RUN | 1767/4858 | test_section_2__qwen3.5_4b__attempt_100
2026-07-13 05:29:27 | RUN | 1768/4858 | test_section_3__Bielik-4.5B-v3.0-Instruct-GGUF_Q8_0__attempt_068
2026-07-13 05:29:48 | RUN | 1769/4858 | test_section_3__deepseek-r1_8b__attempt_004
2026-07-13 05:30:12 | RUN | 1770/4858 | test_section_3__deepseek-r1_8b__attempt_009
2026-07-13 05:30:31 | RUN | 1771/4858 | test_section_3__deepseek-r1_8b__attempt_010
2026-07-13 05:30:48 | RUN | 1772/4858 | test_section_3__deepseek-r1_8b__attempt_016
2026-07-13 05:31:09 | RUN | 1773/4858 | test_section_3__deepseek-r1_8b__attempt_017
2026-07-13 05:31:29 | RUN | 1774/4858 | test_section_3__deepseek-r1_8b__attempt_020
2026-07-13 05:31:46 | RUN | 1775/4858 | test_section_3__deepseek-r1_8b__attempt_022
2026-07-13 05:32:07 | RUN | 1776/4858 | test_section_3__deepseek-r1_8b__attempt_023
2026-07-13 05:32:33 | RUN | 1777/4858 | test_section_3__deepseek-r1_8b__attempt_026
2026-07-13 05:32:51 | RUN | 1778/4858 | test_section_3__deepseek-r1_8b__attempt_028
2026-07-13 05:33:11 | RUN | 1779/4858 | test_section_3__deepseek-r1_8b__attempt_029
2026-07-13 05:33:21 | RUN | 1780/4858 | test_section_3__deepseek-r1_8b__attempt_030
2026-07-13 05:33:42 | RUN | 1781/4858 | test_section_3__deepseek-r1_8b__attempt_032
2026-07-13 05:34:04 | RUN | 1782/4858 | test_section_3__deepseek-r1_8b__attempt_034
2026-07-13 05:34:25 | RUN | 1783/4858 | test_section_3__deepseek-r1_8b__attempt_037
2026-07-13 05:34:45 | RUN | 1784/4858 | test_section_3__deepseek-r1_8b__attempt_039
2026-07-13 05:35:07 | RUN | 1785/4858 | test_section_3__deepseek-r1_8b__attempt_041
2026-07-13 05:35:24 | RUN | 1786/4858 | test_section_3__deepseek-r1_8b__attempt_042
2026-07-13 05:35:45 | RUN | 1787/4858 | test_section_3__deepseek-r1_8b__attempt_044
2026-07-13 05:36:06 | RUN | 1788/4858 | test_section_3__deepseek-r1_8b__attempt_047
2026-07-13 05:36:26 | RUN | 1789/4858 | test_section_3__deepseek-r1_8b__attempt_048
2026-07-13 05:36:35 | RUN | 1790/4858 | test_section_3__deepseek-r1_8b__attempt_050
2026-07-13 05:36:56 | RUN | 1791/4858 | test_section_3__deepseek-r1_8b__attempt_052
2026-07-13 05:37:16 | RUN | 1792/4858 | test_section_3__deepseek-r1_8b__attempt_054
2026-07-13 05:37:37 | RUN | 1793/4858 | test_section_3__deepseek-r1_8b__attempt_056
2026-07-13 05:38:00 | RUN | 1794/4858 | test_section_3__deepseek-r1_8b__attempt_059
2026-07-13 05:38:11 | RUN | 1795/4858 | test_section_3__deepseek-r1_8b__attempt_060
2026-07-13 05:38:32 | RUN | 1796/4858 | test_section_3__deepseek-r1_8b__attempt_063
2026-07-13 05:38:54 | RUN | 1797/4858 | test_section_3__deepseek-r1_8b__attempt_072
2026-07-13 05:39:11 | RUN | 1798/4858 | test_section_3__deepseek-r1_8b__attempt_073
2026-07-13 05:39:21 | RUN | 1799/4858 | test_section_3__deepseek-r1_8b__attempt_074
2026-07-13 05:39:37 | RUN | 1800/4858 | test_section_3__deepseek-r1_8b__attempt_075
2026-07-13 05:39:46 | RUN | 1801/4858 | test_section_3__deepseek-r1_8b__attempt_077
2026-07-13 05:40:07 | RUN | 1802/4858 | test_section_3__deepseek-r1_8b__attempt_078
2026-07-13 05:40:27 | RUN | 1803/4858 | test_section_3__deepseek-r1_8b__attempt_083
2026-07-13 05:40:49 | RUN | 1804/4858 | test_section_3__deepseek-r1_8b__attempt_084
2026-07-13 05:41:06 | RUN | 1805/4858 | test_section_3__deepseek-r1_8b__attempt_090
2026-07-13 05:41:23 | RUN | 1806/4858 | test_section_3__deepseek-r1_8b__attempt_094
2026-07-13 05:41:43 | RUN | 1807/4858 | test_section_3__deepseek-r1_8b__attempt_096
2026-07-13 05:42:03 | RUN | 1808/4858 | test_section_3__deepseek-r1_8b__attempt_097
2026-07-13 05:42:22 | RUN | 1809/4858 | test_section_3__deepseek-r1_8b__attempt_098
2026-07-13 05:42:32 | RUN | 1810/4858 | test_section_3__deepseek-r1_8b__attempt_099
2026-07-13 05:42:53 | RUN | 1811/4858 | test_section_3__deepseek-r1_8b__attempt_100
2026-07-13 05:43:12 | RUN | 1812/4858 | test_section_3__llama3.1_8b__attempt_001
2026-07-13 05:43:32 | RUN | 1813/4858 | test_section_3__llama3.1_8b__attempt_002
2026-07-13 05:43:52 | RUN | 1814/4858 | test_section_3__llama3.1_8b__attempt_003
2026-07-13 05:44:12 | RUN | 1815/4858 | test_section_3__llama3.1_8b__attempt_004
2026-07-13 05:44:31 | RUN | 1816/4858 | test_section_3__llama3.1_8b__attempt_006
2026-07-13 05:44:48 | RUN | 1817/4858 | test_section_3__llama3.1_8b__attempt_008
2026-07-13 05:45:04 | RUN | 1818/4858 | test_section_3__llama3.1_8b__attempt_013
2026-07-13 05:45:22 | RUN | 1819/4858 | test_section_3__llama3.1_8b__attempt_015
2026-07-13 05:45:41 | RUN | 1820/4858 | test_section_3__llama3.1_8b__attempt_016
2026-07-13 05:46:03 | RUN | 1821/4858 | test_section_3__llama3.1_8b__attempt_019
2026-07-13 05:46:21 | RUN | 1822/4858 | test_section_3__llama3.1_8b__attempt_021
2026-07-13 05:46:39 | RUN | 1823/4858 | test_section_3__llama3.1_8b__attempt_026
2026-07-13 05:46:57 | RUN | 1824/4858 | test_section_3__llama3.1_8b__attempt_027
2026-07-13 05:47:14 | RUN | 1825/4858 | test_section_3__llama3.1_8b__attempt_030
2026-07-13 05:47:33 | RUN | 1826/4858 | test_section_3__llama3.1_8b__attempt_031
2026-07-13 05:47:50 | RUN | 1827/4858 | test_section_3__llama3.1_8b__attempt_032
2026-07-13 05:48:06 | RUN | 1828/4858 | test_section_3__llama3.1_8b__attempt_033
2026-07-13 05:48:25 | RUN | 1829/4858 | test_section_3__llama3.1_8b__attempt_034
2026-07-13 05:48:46 | RUN | 1830/4858 | test_section_3__llama3.1_8b__attempt_036
2026-07-13 05:49:06 | RUN | 1831/4858 | test_section_3__llama3.1_8b__attempt_037
2026-07-13 05:49:25 | RUN | 1832/4858 | test_section_3__llama3.1_8b__attempt_038
2026-07-13 05:49:45 | RUN | 1833/4858 | test_section_3__llama3.1_8b__attempt_040
2026-07-13 05:50:07 | RUN | 1834/4858 | test_section_3__llama3.1_8b__attempt_041
2026-07-13 05:50:27 | RUN | 1835/4858 | test_section_3__llama3.1_8b__attempt_043
2026-07-13 05:50:47 | RUN | 1836/4858 | test_section_3__llama3.1_8b__attempt_044
2026-07-13 05:51:04 | RUN | 1837/4858 | test_section_3__llama3.1_8b__attempt_045
2026-07-13 05:51:25 | RUN | 1838/4858 | test_section_3__llama3.1_8b__attempt_046
2026-07-13 05:51:46 | RUN | 1839/4858 | test_section_3__llama3.1_8b__attempt_047
2026-07-13 05:52:03 | RUN | 1840/4858 | test_section_3__llama3.1_8b__attempt_048
2026-07-13 05:52:23 | RUN | 1841/4858 | test_section_3__llama3.1_8b__attempt_049
2026-07-13 05:52:43 | RUN | 1842/4858 | test_section_3__llama3.1_8b__attempt_050
2026-07-13 05:53:01 | RUN | 1843/4858 | test_section_3__llama3.1_8b__attempt_052
2026-07-13 05:53:19 | RUN | 1844/4858 | test_section_3__llama3.1_8b__attempt_053
2026-07-13 05:53:37 | RUN | 1845/4858 | test_section_3__llama3.1_8b__attempt_055
2026-07-13 05:53:56 | RUN | 1846/4858 | test_section_3__llama3.1_8b__attempt_056
2026-07-13 05:54:17 | RUN | 1847/4858 | test_section_3__llama3.1_8b__attempt_057
2026-07-13 05:54:35 | RUN | 1848/4858 | test_section_3__llama3.1_8b__attempt_058
2026-07-13 05:54:57 | RUN | 1849/4858 | test_section_3__llama3.1_8b__attempt_062
2026-07-13 05:55:17 | RUN | 1850/4858 | test_section_3__llama3.1_8b__attempt_063
2026-07-13 05:55:36 | RUN | 1851/4858 | test_section_3__llama3.1_8b__attempt_064
2026-07-13 05:55:57 | RUN | 1852/4858 | test_section_3__llama3.1_8b__attempt_065
2026-07-13 05:56:15 | RUN | 1853/4858 | test_section_3__llama3.1_8b__attempt_066
2026-07-13 05:56:37 | RUN | 1854/4858 | test_section_3__llama3.1_8b__attempt_069
2026-07-13 05:56:58 | RUN | 1855/4858 | test_section_3__llama3.1_8b__attempt_070
2026-07-13 05:57:20 | RUN | 1856/4858 | test_section_3__llama3.1_8b__attempt_072
2026-07-13 05:57:40 | RUN | 1857/4858 | test_section_3__llama3.1_8b__attempt_075
2026-07-13 05:57:59 | RUN | 1858/4858 | test_section_3__llama3.1_8b__attempt_076
2026-07-13 05:58:17 | RUN | 1859/4858 | test_section_3__llama3.1_8b__attempt_077
2026-07-13 05:58:35 | RUN | 1860/4858 | test_section_3__llama3.1_8b__attempt_078
2026-07-13 05:59:00 | RUN | 1861/4858 | test_section_3__llama3.1_8b__attempt_080
2026-07-13 05:59:17 | RUN | 1862/4858 | test_section_3__llama3.1_8b__attempt_083
2026-07-13 05:59:35 | RUN | 1863/4858 | test_section_3__llama3.1_8b__attempt_085
2026-07-13 05:59:57 | RUN | 1864/4858 | test_section_3__llama3.1_8b__attempt_087
2026-07-13 06:00:16 | RUN | 1865/4858 | test_section_3__llama3.1_8b__attempt_089
2026-07-13 06:00:35 | RUN | 1866/4858 | test_section_3__llama3.1_8b__attempt_090
2026-07-13 06:00:52 | RUN | 1867/4858 | test_section_3__llama3.1_8b__attempt_091
2026-07-13 06:01:11 | RUN | 1868/4858 | test_section_3__llama3.1_8b__attempt_093
2026-07-13 06:01:32 | RUN | 1869/4858 | test_section_3__llama3.1_8b__attempt_094
2026-07-13 06:01:54 | RUN | 1870/4858 | test_section_3__llama3.1_8b__attempt_095
2026-07-13 06:02:25 | RUN | 1871/4858 | test_section_3__llama3.1_8b__attempt_096
2026-07-13 06:02:42 | RUN | 1872/4858 | test_section_3__llama3.1_8b__attempt_097
2026-07-13 06:03:01 | RUN | 1873/4858 | test_section_3__llama3.1_8b__attempt_098
2026-07-13 06:03:21 | RUN | 1874/4858 | test_section_3__ministral-3_3b__attempt_005
2026-07-13 06:03:43 | RUN | 1875/4858 | test_section_3__ministral-3_3b__attempt_010
2026-07-13 06:04:10 | RUN | 1876/4858 | test_section_3__ministral-3_3b__attempt_012
2026-07-13 06:04:30 | RUN | 1877/4858 | test_section_3__ministral-3_3b__attempt_014
2026-07-13 06:04:51 | RUN | 1878/4858 | test_section_3__ministral-3_3b__attempt_015
2026-07-13 06:05:10 | RUN | 1879/4858 | test_section_3__ministral-3_3b__attempt_016
2026-07-13 06:05:30 | RUN | 1880/4858 | test_section_3__ministral-3_3b__attempt_018
2026-07-13 06:05:56 | RUN | 1881/4858 | test_section_3__ministral-3_3b__attempt_021
2026-07-13 06:06:16 | RUN | 1882/4858 | test_section_3__ministral-3_3b__attempt_022
2026-07-13 06:06:36 | RUN | 1883/4858 | test_section_3__ministral-3_3b__attempt_023
2026-07-13 06:06:54 | RUN | 1884/4858 | test_section_3__ministral-3_3b__attempt_025
2026-07-13 06:07:13 | RUN | 1885/4858 | test_section_3__ministral-3_3b__attempt_026
2026-07-13 06:07:33 | RUN | 1886/4858 | test_section_3__ministral-3_3b__attempt_027
2026-07-13 06:07:51 | RUN | 1887/4858 | test_section_3__ministral-3_3b__attempt_028
2026-07-13 06:08:10 | RUN | 1888/4858 | test_section_3__ministral-3_3b__attempt_029
2026-07-13 06:08:29 | RUN | 1889/4858 | test_section_3__ministral-3_3b__attempt_033
2026-07-13 06:08:45 | RUN | 1890/4858 | test_section_3__ministral-3_3b__attempt_034
2026-07-13 06:09:04 | RUN | 1891/4858 | test_section_3__ministral-3_3b__attempt_035
2026-07-13 06:09:24 | RUN | 1892/4858 | test_section_3__ministral-3_3b__attempt_036
2026-07-13 06:09:44 | RUN | 1893/4858 | test_section_3__ministral-3_3b__attempt_037
2026-07-13 06:10:03 | RUN | 1894/4858 | test_section_3__ministral-3_3b__attempt_038
2026-07-13 06:10:24 | RUN | 1895/4858 | test_section_3__ministral-3_3b__attempt_040
2026-07-13 06:10:49 | RUN | 1896/4858 | test_section_3__ministral-3_3b__attempt_041
2026-07-13 06:11:06 | RUN | 1897/4858 | test_section_3__ministral-3_3b__attempt_043
2026-07-13 06:11:28 | RUN | 1898/4858 | test_section_3__ministral-3_3b__attempt_044
2026-07-13 06:11:51 | RUN | 1899/4858 | test_section_3__ministral-3_3b__attempt_046
2026-07-13 06:12:13 | RUN | 1900/4858 | test_section_3__ministral-3_3b__attempt_051
2026-07-13 06:12:23 | RUN | 1901/4858 | test_section_3__ministral-3_3b__attempt_052
2026-07-13 06:12:43 | RUN | 1902/4858 | test_section_3__ministral-3_3b__attempt_054
2026-07-13 06:13:02 | RUN | 1903/4858 | test_section_3__ministral-3_3b__attempt_055
2026-07-13 06:13:21 | RUN | 1904/4858 | test_section_3__ministral-3_3b__attempt_056
2026-07-13 06:13:41 | RUN | 1905/4858 | test_section_3__ministral-3_3b__attempt_057
2026-07-13 06:14:00 | RUN | 1906/4858 | test_section_3__ministral-3_3b__attempt_058
2026-07-13 06:14:22 | RUN | 1907/4858 | test_section_3__ministral-3_3b__attempt_059
2026-07-13 06:14:43 | RUN | 1908/4858 | test_section_3__ministral-3_3b__attempt_062
2026-07-13 06:15:01 | RUN | 1909/4858 | test_section_3__ministral-3_3b__attempt_063
2026-07-13 06:15:21 | RUN | 1910/4858 | test_section_3__ministral-3_3b__attempt_065
2026-07-13 06:15:40 | RUN | 1911/4858 | test_section_3__ministral-3_3b__attempt_076
2026-07-13 06:15:52 | RUN | 1912/4858 | test_section_3__ministral-3_3b__attempt_078
2026-07-13 06:16:11 | RUN | 1913/4858 | test_section_3__ministral-3_3b__attempt_080
2026-07-13 06:16:38 | RUN | 1914/4858 | test_section_3__ministral-3_3b__attempt_082
2026-07-13 06:16:58 | RUN | 1915/4858 | test_section_3__ministral-3_3b__attempt_085
2026-07-13 06:17:18 | RUN | 1916/4858 | test_section_3__ministral-3_3b__attempt_090
2026-07-13 06:17:35 | RUN | 1917/4858 | test_section_3__ministral-3_3b__attempt_091
2026-07-13 06:17:55 | RUN | 1918/4858 | test_section_3__ministral-3_3b__attempt_092
2026-07-13 06:18:17 | RUN | 1919/4858 | test_section_3__ministral-3_3b__attempt_095
2026-07-13 06:18:38 | RUN | 1920/4858 | test_section_3__ministral-3_3b__attempt_097
2026-07-13 06:18:57 | RUN | 1921/4858 | test_section_3__ministral-3_3b__attempt_098
2026-07-13 06:19:16 | RUN | 1922/4858 | test_section_3__ministral-3_3b__attempt_099
2026-07-13 06:19:36 | RUN | 1923/4858 | test_section_3__qwen3.5_4b__attempt_002
2026-07-13 06:19:46 | RUN | 1924/4858 | test_section_3__qwen3.5_4b__attempt_003
2026-07-13 06:20:04 | RUN | 1925/4858 | test_section_3__qwen3.5_4b__attempt_004
2026-07-13 06:20:23 | RUN | 1926/4858 | test_section_3__qwen3.5_4b__attempt_005
2026-07-13 06:20:43 | RUN | 1927/4858 | test_section_3__qwen3.5_4b__attempt_006
2026-07-13 06:20:53 | RUN | 1928/4858 | test_section_3__qwen3.5_4b__attempt_007
2026-07-13 06:21:03 | RUN | 1929/4858 | test_section_3__qwen3.5_4b__attempt_008
2026-07-13 06:21:23 | RUN | 1930/4858 | test_section_3__qwen3.5_4b__attempt_009
2026-07-13 06:21:33 | RUN | 1931/4858 | test_section_3__qwen3.5_4b__attempt_011
2026-07-13 06:21:50 | RUN | 1932/4858 | test_section_3__qwen3.5_4b__attempt_012
2026-07-13 06:22:00 | RUN | 1933/4858 | test_section_3__qwen3.5_4b__attempt_013
2026-07-13 06:22:11 | RUN | 1934/4858 | test_section_3__qwen3.5_4b__attempt_014
2026-07-13 06:22:33 | RUN | 1935/4858 | test_section_3__qwen3.5_4b__attempt_016
2026-07-13 06:22:53 | RUN | 1936/4858 | test_section_3__qwen3.5_4b__attempt_017
2026-07-13 06:23:13 | RUN | 1937/4858 | test_section_3__qwen3.5_4b__attempt_019
2026-07-13 06:23:31 | RUN | 1938/4858 | test_section_3__qwen3.5_4b__attempt_020
2026-07-13 06:23:41 | RUN | 1939/4858 | test_section_3__qwen3.5_4b__attempt_021
2026-07-13 06:23:58 | RUN | 1940/4858 | test_section_3__qwen3.5_4b__attempt_022
2026-07-13 06:24:21 | RUN | 1941/4858 | test_section_3__qwen3.5_4b__attempt_023
2026-07-13 06:24:34 | RUN | 1942/4858 | test_section_3__qwen3.5_4b__attempt_025
2026-07-13 06:24:43 | RUN | 1943/4858 | test_section_3__qwen3.5_4b__attempt_026
2026-07-13 06:25:02 | RUN | 1944/4858 | test_section_3__qwen3.5_4b__attempt_029
2026-07-13 06:25:12 | RUN | 1945/4858 | test_section_3__qwen3.5_4b__attempt_030
2026-07-13 06:25:22 | RUN | 1946/4858 | test_section_3__qwen3.5_4b__attempt_032
2026-07-13 06:25:41 | RUN | 1947/4858 | test_section_3__qwen3.5_4b__attempt_033
2026-07-13 06:25:51 | RUN | 1948/4858 | test_section_3__qwen3.5_4b__attempt_034
2026-07-13 06:26:08 | RUN | 1949/4858 | test_section_3__qwen3.5_4b__attempt_035
2026-07-13 06:26:29 | RUN | 1950/4858 | test_section_3__qwen3.5_4b__attempt_038
2026-07-13 06:26:49 | RUN | 1951/4858 | test_section_3__qwen3.5_4b__attempt_039
2026-07-13 06:26:59 | RUN | 1952/4858 | test_section_3__qwen3.5_4b__attempt_040
2026-07-13 06:27:19 | RUN | 1953/4858 | test_section_3__qwen3.5_4b__attempt_041
2026-07-13 06:27:39 | RUN | 1954/4858 | test_section_3__qwen3.5_4b__attempt_044
2026-07-13 06:27:50 | RUN | 1955/4858 | test_section_3__qwen3.5_4b__attempt_046
2026-07-13 06:28:00 | RUN | 1956/4858 | test_section_3__qwen3.5_4b__attempt_048
2026-07-13 06:28:11 | RUN | 1957/4858 | test_section_3__qwen3.5_4b__attempt_049
2026-07-13 06:28:21 | RUN | 1958/4858 | test_section_3__qwen3.5_4b__attempt_050
2026-07-13 06:28:43 | RUN | 1959/4858 | test_section_3__qwen3.5_4b__attempt_051
2026-07-13 06:29:03 | RUN | 1960/4858 | test_section_3__qwen3.5_4b__attempt_053
2026-07-13 06:29:24 | RUN | 1961/4858 | test_section_3__qwen3.5_4b__attempt_054
2026-07-13 06:29:44 | RUN | 1962/4858 | test_section_3__qwen3.5_4b__attempt_056
2026-07-13 06:30:04 | RUN | 1963/4858 | test_section_3__qwen3.5_4b__attempt_057
2026-07-13 06:30:23 | RUN | 1964/4858 | test_section_3__qwen3.5_4b__attempt_059
2026-07-13 06:30:33 | RUN | 1965/4858 | test_section_3__qwen3.5_4b__attempt_060
2026-07-13 06:30:51 | RUN | 1966/4858 | test_section_3__qwen3.5_4b__attempt_061
2026-07-13 06:31:10 | RUN | 1967/4858 | test_section_3__qwen3.5_4b__attempt_062
2026-07-13 06:31:30 | RUN | 1968/4858 | test_section_3__qwen3.5_4b__attempt_064
2026-07-13 06:31:49 | RUN | 1969/4858 | test_section_3__qwen3.5_4b__attempt_065
2026-07-13 06:32:08 | RUN | 1970/4858 | test_section_3__qwen3.5_4b__attempt_066
2026-07-13 06:32:18 | RUN | 1971/4858 | test_section_3__qwen3.5_4b__attempt_067
2026-07-13 06:32:39 | RUN | 1972/4858 | test_section_3__qwen3.5_4b__attempt_068
2026-07-13 06:32:50 | RUN | 1973/4858 | test_section_3__qwen3.5_4b__attempt_069
2026-07-13 06:33:09 | RUN | 1974/4858 | test_section_3__qwen3.5_4b__attempt_070
2026-07-13 06:33:26 | RUN | 1975/4858 | test_section_3__qwen3.5_4b__attempt_072
2026-07-13 06:33:45 | RUN | 1976/4858 | test_section_3__qwen3.5_4b__attempt_073
2026-07-13 06:34:05 | RUN | 1977/4858 | test_section_3__qwen3.5_4b__attempt_074
2026-07-13 06:34:15 | RUN | 1978/4858 | test_section_3__qwen3.5_4b__attempt_075
2026-07-13 06:34:32 | RUN | 1979/4858 | test_section_3__qwen3.5_4b__attempt_076
2026-07-13 06:34:53 | RUN | 1980/4858 | test_section_3__qwen3.5_4b__attempt_078
2026-07-13 06:35:03 | RUN | 1981/4858 | test_section_3__qwen3.5_4b__attempt_079
2026-07-13 06:35:21 | RUN | 1982/4858 | test_section_3__qwen3.5_4b__attempt_080
2026-07-13 06:35:38 | RUN | 1983/4858 | test_section_3__qwen3.5_4b__attempt_081
2026-07-13 06:35:47 | RUN | 1984/4858 | test_section_3__qwen3.5_4b__attempt_082
2026-07-13 06:36:23 | RUN | 1985/4858 | test_section_3__qwen3.5_4b__attempt_083
2026-07-13 06:36:33 | RUN | 1986/4858 | test_section_3__qwen3.5_4b__attempt_084
2026-07-13 06:36:56 | RUN | 1987/4858 | test_section_3__qwen3.5_4b__attempt_085
2026-07-13 06:37:05 | RUN | 1988/4858 | test_section_3__qwen3.5_4b__attempt_086
2026-07-13 06:37:23 | RUN | 1989/4858 | test_section_3__qwen3.5_4b__attempt_087
2026-07-13 06:37:41 | RUN | 1990/4858 | test_section_3__qwen3.5_4b__attempt_088
2026-07-13 06:37:59 | RUN | 1991/4858 | test_section_3__qwen3.5_4b__attempt_089
2026-07-13 06:38:17 | RUN | 1992/4858 | test_section_3__qwen3.5_4b__attempt_092
2026-07-13 06:38:38 | RUN | 1993/4858 | test_section_3__qwen3.5_4b__attempt_095
2026-07-13 06:38:47 | RUN | 1994/4858 | test_section_3__qwen3.5_4b__attempt_097
2026-07-13 06:39:07 | RUN | 1995/4858 | test_section_3__qwen3.5_4b__attempt_099
2026-07-13 06:39:29 | RUN | 1996/4858 | test_section_3__qwen3.5_4b__attempt_100
2026-07-13 06:39:45 | RUN | 1997/4858 | test_section_4__deepseek-r1_8b__attempt_003
2026-07-13 06:40:09 | RUN | 1998/4858 | test_section_4__deepseek-r1_8b__attempt_004
2026-07-13 06:40:30 | RUN | 1999/4858 | test_section_4__deepseek-r1_8b__attempt_005
2026-07-13 06:40:53 | RUN | 2000/4858 | test_section_4__deepseek-r1_8b__attempt_006
2026-07-13 06:41:13 | RUN | 2001/4858 | test_section_4__deepseek-r1_8b__attempt_007
2026-07-13 06:41:37 | RUN | 2002/4858 | test_section_4__deepseek-r1_8b__attempt_011
2026-07-13 06:41:47 | RUN | 2003/4858 | test_section_4__deepseek-r1_8b__attempt_012
2026-07-13 06:42:07 | RUN | 2004/4858 | test_section_4__deepseek-r1_8b__attempt_013
2026-07-13 06:42:29 | RUN | 2005/4858 | test_section_4__deepseek-r1_8b__attempt_015
2026-07-13 06:42:45 | RUN | 2006/4858 | test_section_4__deepseek-r1_8b__attempt_017
2026-07-13 06:43:05 | RUN | 2007/4858 | test_section_4__deepseek-r1_8b__attempt_020
2026-07-13 06:43:21 | RUN | 2008/4858 | test_section_4__deepseek-r1_8b__attempt_021
2026-07-13 06:43:33 | RUN | 2009/4858 | test_section_4__deepseek-r1_8b__attempt_022
2026-07-13 06:43:53 | RUN | 2010/4858 | test_section_4__deepseek-r1_8b__attempt_023
2026-07-13 06:44:04 | RUN | 2011/4858 | test_section_4__deepseek-r1_8b__attempt_024
2026-07-13 06:44:26 | RUN | 2012/4858 | test_section_4__deepseek-r1_8b__attempt_029
2026-07-13 06:44:45 | RUN | 2013/4858 | test_section_4__deepseek-r1_8b__attempt_031
2026-07-13 06:45:03 | RUN | 2014/4858 | test_section_4__deepseek-r1_8b__attempt_032
2026-07-13 06:45:22 | RUN | 2015/4858 | test_section_4__deepseek-r1_8b__attempt_035
2026-07-13 06:45:31 | RUN | 2016/4858 | test_section_4__deepseek-r1_8b__attempt_038
2026-07-13 06:45:52 | RUN | 2017/4858 | test_section_4__deepseek-r1_8b__attempt_040
2026-07-13 06:46:15 | RUN | 2018/4858 | test_section_4__deepseek-r1_8b__attempt_041
2026-07-13 06:46:33 | RUN | 2019/4858 | test_section_4__deepseek-r1_8b__attempt_044
2026-07-13 06:46:52 | RUN | 2020/4858 | test_section_4__deepseek-r1_8b__attempt_047
2026-07-13 06:47:19 | RUN | 2021/4858 | test_section_4__deepseek-r1_8b__attempt_048
2026-07-13 06:47:38 | RUN | 2022/4858 | test_section_4__deepseek-r1_8b__attempt_049
2026-07-13 06:47:59 | RUN | 2023/4858 | test_section_4__deepseek-r1_8b__attempt_050
2026-07-13 06:48:20 | RUN | 2024/4858 | test_section_4__deepseek-r1_8b__attempt_052
2026-07-13 06:48:41 | RUN | 2025/4858 | test_section_4__deepseek-r1_8b__attempt_054
2026-07-13 06:48:59 | RUN | 2026/4858 | test_section_4__deepseek-r1_8b__attempt_055
2026-07-13 06:49:21 | RUN | 2027/4858 | test_section_4__deepseek-r1_8b__attempt_056
2026-07-13 06:49:41 | RUN | 2028/4858 | test_section_4__deepseek-r1_8b__attempt_058
2026-07-13 06:50:03 | RUN | 2029/4858 | test_section_4__deepseek-r1_8b__attempt_059
2026-07-13 06:50:23 | RUN | 2030/4858 | test_section_4__deepseek-r1_8b__attempt_061
2026-07-13 06:50:41 | RUN | 2031/4858 | test_section_4__deepseek-r1_8b__attempt_062
2026-07-13 06:51:00 | RUN | 2032/4858 | test_section_4__deepseek-r1_8b__attempt_063
2026-07-13 06:51:09 | RUN | 2033/4858 | test_section_4__deepseek-r1_8b__attempt_068
2026-07-13 06:51:31 | RUN | 2034/4858 | test_section_4__deepseek-r1_8b__attempt_073
2026-07-13 06:51:50 | RUN | 2035/4858 | test_section_4__deepseek-r1_8b__attempt_075
2026-07-13 06:52:01 | RUN | 2036/4858 | test_section_4__deepseek-r1_8b__attempt_076
2026-07-13 06:52:21 | RUN | 2037/4858 | test_section_4__deepseek-r1_8b__attempt_078
2026-07-13 06:52:43 | RUN | 2038/4858 | test_section_4__deepseek-r1_8b__attempt_083
2026-07-13 06:53:04 | RUN | 2039/4858 | test_section_4__deepseek-r1_8b__attempt_084
2026-07-13 06:53:25 | RUN | 2040/4858 | test_section_4__deepseek-r1_8b__attempt_085
2026-07-13 06:53:45 | RUN | 2041/4858 | test_section_4__deepseek-r1_8b__attempt_086
2026-07-13 06:53:54 | RUN | 2042/4858 | test_section_4__deepseek-r1_8b__attempt_087
2026-07-13 06:54:11 | RUN | 2043/4858 | test_section_4__deepseek-r1_8b__attempt_089
2026-07-13 06:54:33 | RUN | 2044/4858 | test_section_4__deepseek-r1_8b__attempt_090
2026-07-13 06:54:53 | RUN | 2045/4858 | test_section_4__deepseek-r1_8b__attempt_091
2026-07-13 06:55:12 | RUN | 2046/4858 | test_section_4__deepseek-r1_8b__attempt_092
2026-07-13 06:55:22 | RUN | 2047/4858 | test_section_4__deepseek-r1_8b__attempt_093
2026-07-13 06:55:41 | RUN | 2048/4858 | test_section_4__deepseek-r1_8b__attempt_095
2026-07-13 06:56:07 | RUN | 2049/4858 | test_section_4__deepseek-r1_8b__attempt_098
2026-07-13 06:56:23 | RUN | 2050/4858 | test_section_4__deepseek-r1_8b__attempt_099
2026-07-13 06:56:43 | RUN | 2051/4858 | test_section_4__llama3.1_8b__attempt_002
2026-07-13 06:57:01 | RUN | 2052/4858 | test_section_4__llama3.1_8b__attempt_003
2026-07-13 06:57:21 | RUN | 2053/4858 | test_section_4__llama3.1_8b__attempt_004
2026-07-13 06:57:37 | RUN | 2054/4858 | test_section_4__llama3.1_8b__attempt_005
2026-07-13 06:57:58 | RUN | 2055/4858 | test_section_4__llama3.1_8b__attempt_006
2026-07-13 06:58:14 | RUN | 2056/4858 | test_section_4__llama3.1_8b__attempt_008
2026-07-13 06:58:35 | RUN | 2057/4858 | test_section_4__llama3.1_8b__attempt_009
2026-07-13 06:58:54 | RUN | 2058/4858 | test_section_4__llama3.1_8b__attempt_010
2026-07-13 06:59:13 | RUN | 2059/4858 | test_section_4__llama3.1_8b__attempt_012
2026-07-13 06:59:30 | RUN | 2060/4858 | test_section_4__llama3.1_8b__attempt_015
2026-07-13 06:59:55 | RUN | 2061/4858 | test_section_4__llama3.1_8b__attempt_017
2026-07-13 07:00:12 | RUN | 2062/4858 | test_section_4__llama3.1_8b__attempt_020
2026-07-13 07:00:31 | RUN | 2063/4858 | test_section_4__llama3.1_8b__attempt_021
2026-07-13 07:00:52 | RUN | 2064/4858 | test_section_4__llama3.1_8b__attempt_022
2026-07-13 07:01:15 | RUN | 2065/4858 | test_section_4__llama3.1_8b__attempt_025
2026-07-13 07:01:35 | RUN | 2066/4858 | test_section_4__llama3.1_8b__attempt_028
2026-07-13 07:01:51 | RUN | 2067/4858 | test_section_4__llama3.1_8b__attempt_031
2026-07-13 07:02:10 | RUN | 2068/4858 | test_section_4__llama3.1_8b__attempt_032
2026-07-13 07:02:29 | RUN | 2069/4858 | test_section_4__llama3.1_8b__attempt_033
2026-07-13 07:02:47 | RUN | 2070/4858 | test_section_4__llama3.1_8b__attempt_034
2026-07-13 07:03:05 | RUN | 2071/4858 | test_section_4__llama3.1_8b__attempt_035
2026-07-13 07:03:21 | RUN | 2072/4858 | test_section_4__llama3.1_8b__attempt_037
2026-07-13 07:03:45 | RUN | 2073/4858 | test_section_4__llama3.1_8b__attempt_038
2026-07-13 07:04:02 | RUN | 2074/4858 | test_section_4__llama3.1_8b__attempt_041
2026-07-13 07:04:24 | RUN | 2075/4858 | test_section_4__llama3.1_8b__attempt_043
2026-07-13 07:04:43 | RUN | 2076/4858 | test_section_4__llama3.1_8b__attempt_046
2026-07-13 07:05:00 | RUN | 2077/4858 | test_section_4__llama3.1_8b__attempt_048
2026-07-13 07:05:19 | RUN | 2078/4858 | test_section_4__llama3.1_8b__attempt_049
2026-07-13 07:05:38 | RUN | 2079/4858 | test_section_4__llama3.1_8b__attempt_052
2026-07-13 07:05:54 | RUN | 2080/4858 | test_section_4__llama3.1_8b__attempt_055
2026-07-13 07:06:17 | RUN | 2081/4858 | test_section_4__llama3.1_8b__attempt_056
2026-07-13 07:06:35 | RUN | 2082/4858 | test_section_4__llama3.1_8b__attempt_057
2026-07-13 07:06:53 | RUN | 2083/4858 | test_section_4__llama3.1_8b__attempt_060
2026-07-13 07:07:14 | RUN | 2084/4858 | test_section_4__llama3.1_8b__attempt_063
2026-07-13 07:07:32 | RUN | 2085/4858 | test_section_4__llama3.1_8b__attempt_064
2026-07-13 07:07:51 | RUN | 2086/4858 | test_section_4__llama3.1_8b__attempt_065
2026-07-13 07:08:09 | RUN | 2087/4858 | test_section_4__llama3.1_8b__attempt_066
2026-07-13 07:08:30 | RUN | 2088/4858 | test_section_4__llama3.1_8b__attempt_069
2026-07-13 07:08:48 | RUN | 2089/4858 | test_section_4__llama3.1_8b__attempt_076
2026-07-13 07:09:07 | RUN | 2090/4858 | test_section_4__llama3.1_8b__attempt_080
2026-07-13 07:09:26 | RUN | 2091/4858 | test_section_4__llama3.1_8b__attempt_083
2026-07-13 07:09:44 | RUN | 2092/4858 | test_section_4__llama3.1_8b__attempt_084
2026-07-13 07:10:00 | RUN | 2093/4858 | test_section_4__llama3.1_8b__attempt_088
2026-07-13 07:10:17 | RUN | 2094/4858 | test_section_4__llama3.1_8b__attempt_091
2026-07-13 07:10:37 | RUN | 2095/4858 | test_section_4__llama3.1_8b__attempt_096
2026-07-13 07:10:53 | RUN | 2096/4858 | test_section_4__llama3.1_8b__attempt_100
2026-07-13 07:11:11 | RUN | 2097/4858 | test_section_4__ministral-3_3b__attempt_001
2026-07-13 07:11:35 | RUN | 2098/4858 | test_section_4__ministral-3_3b__attempt_002
2026-07-13 07:11:53 | RUN | 2099/4858 | test_section_4__ministral-3_3b__attempt_003
2026-07-13 07:12:13 | RUN | 2100/4858 | test_section_4__ministral-3_3b__attempt_005
2026-07-13 07:12:31 | RUN | 2101/4858 | test_section_4__ministral-3_3b__attempt_006
2026-07-13 07:12:51 | RUN | 2102/4858 | test_section_4__ministral-3_3b__attempt_007
2026-07-13 07:13:13 | RUN | 2103/4858 | test_section_4__ministral-3_3b__attempt_008
2026-07-13 07:13:30 | RUN | 2104/4858 | test_section_4__ministral-3_3b__attempt_009
2026-07-13 07:13:53 | RUN | 2105/4858 | test_section_4__ministral-3_3b__attempt_010
2026-07-13 07:14:11 | RUN | 2106/4858 | test_section_4__ministral-3_3b__attempt_011
2026-07-13 07:14:30 | RUN | 2107/4858 | test_section_4__ministral-3_3b__attempt_012
2026-07-13 07:14:54 | RUN | 2108/4858 | test_section_4__ministral-3_3b__attempt_013
2026-07-13 07:15:11 | RUN | 2109/4858 | test_section_4__ministral-3_3b__attempt_014
2026-07-13 07:15:34 | RUN | 2110/4858 | test_section_4__ministral-3_3b__attempt_015
2026-07-13 07:15:52 | RUN | 2111/4858 | test_section_4__ministral-3_3b__attempt_016
2026-07-13 07:16:13 | RUN | 2112/4858 | test_section_4__ministral-3_3b__attempt_018
2026-07-13 07:16:33 | RUN | 2113/4858 | test_section_4__ministral-3_3b__attempt_020
2026-07-13 07:16:52 | RUN | 2114/4858 | test_section_4__ministral-3_3b__attempt_022
2026-07-13 07:17:13 | RUN | 2115/4858 | test_section_4__ministral-3_3b__attempt_024
2026-07-13 07:17:32 | RUN | 2116/4858 | test_section_4__ministral-3_3b__attempt_025
2026-07-13 07:17:49 | RUN | 2117/4858 | test_section_4__ministral-3_3b__attempt_026
2026-07-13 07:18:07 | RUN | 2118/4858 | test_section_4__ministral-3_3b__attempt_027
2026-07-13 07:18:26 | RUN | 2119/4858 | test_section_4__ministral-3_3b__attempt_029
2026-07-13 07:18:43 | RUN | 2120/4858 | test_section_4__ministral-3_3b__attempt_030
2026-07-13 07:19:02 | RUN | 2121/4858 | test_section_4__ministral-3_3b__attempt_032
2026-07-13 07:19:26 | RUN | 2122/4858 | test_section_4__ministral-3_3b__attempt_034
2026-07-13 07:19:51 | RUN | 2123/4858 | test_section_4__ministral-3_3b__attempt_035
2026-07-13 07:20:14 | RUN | 2124/4858 | test_section_4__ministral-3_3b__attempt_036
2026-07-13 07:20:41 | RUN | 2125/4858 | test_section_4__ministral-3_3b__attempt_039
2026-07-13 07:20:59 | RUN | 2126/4858 | test_section_4__ministral-3_3b__attempt_041
2026-07-13 07:21:21 | RUN | 2127/4858 | test_section_4__ministral-3_3b__attempt_042
2026-07-13 07:21:37 | RUN | 2128/4858 | test_section_4__ministral-3_3b__attempt_043
2026-07-13 07:21:54 | RUN | 2129/4858 | test_section_4__ministral-3_3b__attempt_045
2026-07-13 07:22:05 | RUN | 2130/4858 | test_section_4__ministral-3_3b__attempt_046
2026-07-13 07:22:27 | RUN | 2131/4858 | test_section_4__ministral-3_3b__attempt_048
2026-07-13 07:22:46 | RUN | 2132/4858 | test_section_4__ministral-3_3b__attempt_050
2026-07-13 07:23:06 | RUN | 2133/4858 | test_section_4__ministral-3_3b__attempt_052
2026-07-13 07:23:26 | RUN | 2134/4858 | test_section_4__ministral-3_3b__attempt_053
2026-07-13 07:23:44 | RUN | 2135/4858 | test_section_4__ministral-3_3b__attempt_054
2026-07-13 07:24:05 | RUN | 2136/4858 | test_section_4__ministral-3_3b__attempt_057
2026-07-13 07:24:26 | RUN | 2137/4858 | test_section_4__ministral-3_3b__attempt_058
2026-07-13 07:24:46 | RUN | 2138/4858 | test_section_4__ministral-3_3b__attempt_059
2026-07-13 07:25:04 | RUN | 2139/4858 | test_section_4__ministral-3_3b__attempt_062
2026-07-13 07:25:15 | RUN | 2140/4858 | test_section_4__ministral-3_3b__attempt_063
2026-07-13 07:25:33 | RUN | 2141/4858 | test_section_4__ministral-3_3b__attempt_065
2026-07-13 07:25:52 | RUN | 2142/4858 | test_section_4__ministral-3_3b__attempt_066
2026-07-13 07:26:22 | RUN | 2143/4858 | test_section_4__ministral-3_3b__attempt_067
2026-07-13 07:26:43 | RUN | 2144/4858 | test_section_4__ministral-3_3b__attempt_068
2026-07-13 07:27:03 | RUN | 2145/4858 | test_section_4__ministral-3_3b__attempt_069
2026-07-13 07:27:29 | RUN | 2146/4858 | test_section_4__ministral-3_3b__attempt_070
2026-07-13 07:27:47 | RUN | 2147/4858 | test_section_4__ministral-3_3b__attempt_071
2026-07-13 07:28:09 | RUN | 2148/4858 | test_section_4__ministral-3_3b__attempt_073
2026-07-13 07:28:35 | RUN | 2149/4858 | test_section_4__ministral-3_3b__attempt_074
2026-07-13 07:28:54 | RUN | 2150/4858 | test_section_4__ministral-3_3b__attempt_076
2026-07-13 07:29:09 | RUN | 2151/4858 | test_section_4__ministral-3_3b__attempt_078
2026-07-13 07:29:27 | RUN | 2152/4858 | test_section_4__ministral-3_3b__attempt_080
2026-07-13 07:29:48 | RUN | 2153/4858 | test_section_4__ministral-3_3b__attempt_081
2026-07-13 07:30:08 | RUN | 2154/4858 | test_section_4__ministral-3_3b__attempt_082
2026-07-13 07:30:29 | RUN | 2155/4858 | test_section_4__ministral-3_3b__attempt_083
2026-07-13 07:30:49 | RUN | 2156/4858 | test_section_4__ministral-3_3b__attempt_084
2026-07-13 07:31:08 | RUN | 2157/4858 | test_section_4__ministral-3_3b__attempt_086
2026-07-13 07:31:24 | RUN | 2158/4858 | test_section_4__ministral-3_3b__attempt_088
2026-07-13 07:31:45 | RUN | 2159/4858 | test_section_4__ministral-3_3b__attempt_089
2026-07-13 07:32:04 | RUN | 2160/4858 | test_section_4__ministral-3_3b__attempt_090
2026-07-13 07:32:19 | RUN | 2161/4858 | test_section_4__ministral-3_3b__attempt_091
2026-07-13 07:32:36 | RUN | 2162/4858 | test_section_4__ministral-3_3b__attempt_092
2026-07-13 07:32:57 | RUN | 2163/4858 | test_section_4__ministral-3_3b__attempt_093
2026-07-13 07:33:17 | RUN | 2164/4858 | test_section_4__ministral-3_3b__attempt_094
2026-07-13 07:33:36 | RUN | 2165/4858 | test_section_4__ministral-3_3b__attempt_095
2026-07-13 07:33:52 | RUN | 2166/4858 | test_section_4__ministral-3_3b__attempt_096
2026-07-13 07:34:12 | RUN | 2167/4858 | test_section_4__ministral-3_3b__attempt_097
2026-07-13 07:34:31 | RUN | 2168/4858 | test_section_4__ministral-3_3b__attempt_098
2026-07-13 07:34:49 | RUN | 2169/4858 | test_section_4__ministral-3_3b__attempt_100
2026-07-13 07:35:13 | RUN | 2170/4858 | test_section_4__qwen3.5_4b__attempt_002
2026-07-13 07:35:22 | RUN | 2171/4858 | test_section_4__qwen3.5_4b__attempt_007
2026-07-13 07:35:44 | RUN | 2172/4858 | test_section_4__qwen3.5_4b__attempt_010
2026-07-13 07:36:06 | RUN | 2173/4858 | test_section_4__qwen3.5_4b__attempt_012
2026-07-13 07:36:16 | RUN | 2174/4858 | test_section_4__qwen3.5_4b__attempt_014
2026-07-13 07:36:36 | RUN | 2175/4858 | test_section_4__qwen3.5_4b__attempt_015
2026-07-13 07:36:55 | RUN | 2176/4858 | test_section_4__qwen3.5_4b__attempt_016
2026-07-13 07:37:10 | RUN | 2177/4858 | test_section_4__qwen3.5_4b__attempt_018
2026-07-13 07:37:33 | RUN | 2178/4858 | test_section_4__qwen3.5_4b__attempt_019
2026-07-13 07:37:55 | RUN | 2179/4858 | test_section_4__qwen3.5_4b__attempt_023
2026-07-13 07:38:16 | RUN | 2180/4858 | test_section_4__qwen3.5_4b__attempt_025
2026-07-13 07:38:37 | RUN | 2181/4858 | test_section_4__qwen3.5_4b__attempt_026
2026-07-13 07:38:56 | RUN | 2182/4858 | test_section_4__qwen3.5_4b__attempt_030
2026-07-13 07:39:14 | RUN | 2183/4858 | test_section_4__qwen3.5_4b__attempt_031
2026-07-13 07:39:23 | RUN | 2184/4858 | test_section_4__qwen3.5_4b__attempt_032
2026-07-13 07:39:44 | RUN | 2185/4858 | test_section_4__qwen3.5_4b__attempt_034
2026-07-13 07:39:54 | RUN | 2186/4858 | test_section_4__qwen3.5_4b__attempt_036
2026-07-13 07:40:05 | RUN | 2187/4858 | test_section_4__qwen3.5_4b__attempt_039
2026-07-13 07:40:16 | RUN | 2188/4858 | test_section_4__qwen3.5_4b__attempt_042
2026-07-13 07:40:35 | RUN | 2189/4858 | test_section_4__qwen3.5_4b__attempt_043
2026-07-13 07:40:45 | RUN | 2190/4858 | test_section_4__qwen3.5_4b__attempt_046
2026-07-13 07:41:10 | RUN | 2191/4858 | test_section_4__qwen3.5_4b__attempt_047
2026-07-13 07:41:21 | RUN | 2192/4858 | test_section_4__qwen3.5_4b__attempt_049
2026-07-13 07:41:42 | RUN | 2193/4858 | test_section_4__qwen3.5_4b__attempt_050
2026-07-13 07:41:54 | RUN | 2194/4858 | test_section_4__qwen3.5_4b__attempt_052
2026-07-13 07:42:13 | RUN | 2195/4858 | test_section_4__qwen3.5_4b__attempt_053
2026-07-13 07:42:24 | RUN | 2196/4858 | test_section_4__qwen3.5_4b__attempt_054
2026-07-13 07:42:35 | RUN | 2197/4858 | test_section_4__qwen3.5_4b__attempt_056
2026-07-13 07:42:57 | RUN | 2198/4858 | test_section_4__qwen3.5_4b__attempt_057
2026-07-13 07:43:07 | RUN | 2199/4858 | test_section_4__qwen3.5_4b__attempt_060
2026-07-13 07:43:27 | RUN | 2200/4858 | test_section_4__qwen3.5_4b__attempt_063
2026-07-13 07:43:38 | RUN | 2201/4858 | test_section_4__qwen3.5_4b__attempt_064
2026-07-13 07:43:56 | RUN | 2202/4858 | test_section_4__qwen3.5_4b__attempt_065
2026-07-13 07:44:05 | RUN | 2203/4858 | test_section_4__qwen3.5_4b__attempt_066
2026-07-13 07:44:15 | RUN | 2204/4858 | test_section_4__qwen3.5_4b__attempt_067
2026-07-13 07:44:34 | RUN | 2205/4858 | test_section_4__qwen3.5_4b__attempt_068
2026-07-13 07:44:44 | RUN | 2206/4858 | test_section_4__qwen3.5_4b__attempt_069
2026-07-13 07:45:04 | RUN | 2207/4858 | test_section_4__qwen3.5_4b__attempt_070
2026-07-13 07:45:25 | RUN | 2208/4858 | test_section_4__qwen3.5_4b__attempt_071
2026-07-13 07:45:36 | RUN | 2209/4858 | test_section_4__qwen3.5_4b__attempt_073
2026-07-13 07:45:45 | RUN | 2210/4858 | test_section_4__qwen3.5_4b__attempt_074
2026-07-13 07:45:56 | RUN | 2211/4858 | test_section_4__qwen3.5_4b__attempt_075
2026-07-13 07:46:12 | RUN | 2212/4858 | test_section_4__qwen3.5_4b__attempt_077
2026-07-13 07:46:22 | RUN | 2213/4858 | test_section_4__qwen3.5_4b__attempt_079
2026-07-13 07:46:41 | RUN | 2214/4858 | test_section_4__qwen3.5_4b__attempt_084
2026-07-13 07:46:51 | RUN | 2215/4858 | test_section_4__qwen3.5_4b__attempt_086
2026-07-13 07:47:02 | RUN | 2216/4858 | test_section_4__qwen3.5_4b__attempt_087
2026-07-13 07:47:25 | RUN | 2217/4858 | test_section_4__qwen3.5_4b__attempt_088
2026-07-13 07:47:45 | RUN | 2218/4858 | test_section_4__qwen3.5_4b__attempt_090
2026-07-13 07:48:02 | RUN | 2219/4858 | test_section_4__qwen3.5_4b__attempt_092
2026-07-13 07:48:22 | RUN | 2220/4858 | test_section_4__qwen3.5_4b__attempt_093
2026-07-13 07:48:33 | RUN | 2221/4858 | test_section_4__qwen3.5_4b__attempt_094
2026-07-13 07:48:51 | RUN | 2222/4858 | test_section_4__qwen3.5_4b__attempt_095
2026-07-13 07:49:08 | RUN | 2223/4858 | test_section_4__qwen3.5_4b__attempt_096
2026-07-13 07:49:28 | RUN | 2224/4858 | test_section_4__qwen3.5_4b__attempt_097
2026-07-13 07:49:46 | RUN | 2225/4858 | test_section_4__qwen3.5_4b__attempt_098
2026-07-13 07:50:06 | RUN | 2226/4858 | test_section_4__qwen3.5_4b__attempt_099
2026-07-13 07:50:29 | RUN | 2227/4858 | test_section_4__qwen3.5_4b__attempt_100
2026-07-13 07:50:40 | RUN | 2228/4858 | test_section_5__deepseek-r1_8b__attempt_001
2026-07-13 07:50:49 | RUN | 2229/4858 | test_section_5__deepseek-r1_8b__attempt_002
2026-07-13 07:51:00 | RUN | 2230/4858 | test_section_5__deepseek-r1_8b__attempt_003
2026-07-13 07:51:11 | RUN | 2231/4858 | test_section_5__deepseek-r1_8b__attempt_004
2026-07-13 07:51:21 | RUN | 2232/4858 | test_section_5__deepseek-r1_8b__attempt_005
2026-07-13 07:51:31 | RUN | 2233/4858 | test_section_5__deepseek-r1_8b__attempt_006
2026-07-13 07:51:42 | RUN | 2234/4858 | test_section_5__deepseek-r1_8b__attempt_007
2026-07-13 07:51:53 | RUN | 2235/4858 | test_section_5__deepseek-r1_8b__attempt_008
2026-07-13 07:52:03 | RUN | 2236/4858 | test_section_5__deepseek-r1_8b__attempt_009
2026-07-13 07:52:14 | RUN | 2237/4858 | test_section_5__deepseek-r1_8b__attempt_010
2026-07-13 07:52:24 | RUN | 2238/4858 | test_section_5__deepseek-r1_8b__attempt_011
2026-07-13 07:52:35 | RUN | 2239/4858 | test_section_5__deepseek-r1_8b__attempt_012
2026-07-13 07:52:45 | RUN | 2240/4858 | test_section_5__deepseek-r1_8b__attempt_013
2026-07-13 07:52:56 | RUN | 2241/4858 | test_section_5__deepseek-r1_8b__attempt_014
2026-07-13 07:53:07 | RUN | 2242/4858 | test_section_5__deepseek-r1_8b__attempt_015
2026-07-13 07:53:17 | RUN | 2243/4858 | test_section_5__deepseek-r1_8b__attempt_016
2026-07-13 07:53:28 | RUN | 2244/4858 | test_section_5__deepseek-r1_8b__attempt_017
2026-07-13 07:53:39 | RUN | 2245/4858 | test_section_5__deepseek-r1_8b__attempt_018
2026-07-13 07:53:49 | RUN | 2246/4858 | test_section_5__deepseek-r1_8b__attempt_019
2026-07-13 07:53:59 | RUN | 2247/4858 | test_section_5__deepseek-r1_8b__attempt_020
2026-07-13 07:54:09 | RUN | 2248/4858 | test_section_5__deepseek-r1_8b__attempt_021
2026-07-13 07:54:20 | RUN | 2249/4858 | test_section_5__deepseek-r1_8b__attempt_022
2026-07-13 07:54:31 | RUN | 2250/4858 | test_section_5__deepseek-r1_8b__attempt_023
2026-07-13 07:54:42 | RUN | 2251/4858 | test_section_5__deepseek-r1_8b__attempt_024
2026-07-13 07:54:52 | RUN | 2252/4858 | test_section_5__deepseek-r1_8b__attempt_025
2026-07-13 07:55:02 | RUN | 2253/4858 | test_section_5__deepseek-r1_8b__attempt_026
2026-07-13 07:55:23 | RUN | 2254/4858 | test_section_5__deepseek-r1_8b__attempt_027
2026-07-13 07:55:34 | RUN | 2255/4858 | test_section_5__deepseek-r1_8b__attempt_028
2026-07-13 07:55:44 | RUN | 2256/4858 | test_section_5__deepseek-r1_8b__attempt_029
2026-07-13 07:55:55 | RUN | 2257/4858 | test_section_5__deepseek-r1_8b__attempt_030
2026-07-13 07:56:06 | RUN | 2258/4858 | test_section_5__deepseek-r1_8b__attempt_031
2026-07-13 07:56:16 | RUN | 2259/4858 | test_section_5__deepseek-r1_8b__attempt_032
2026-07-13 07:56:27 | RUN | 2260/4858 | test_section_5__deepseek-r1_8b__attempt_033
2026-07-13 07:56:45 | RUN | 2261/4858 | test_section_5__deepseek-r1_8b__attempt_034
2026-07-13 07:56:54 | RUN | 2262/4858 | test_section_5__deepseek-r1_8b__attempt_035
2026-07-13 07:57:05 | RUN | 2263/4858 | test_section_5__deepseek-r1_8b__attempt_036
2026-07-13 07:57:15 | RUN | 2264/4858 | test_section_5__deepseek-r1_8b__attempt_037
2026-07-13 07:57:26 | RUN | 2265/4858 | test_section_5__deepseek-r1_8b__attempt_038
2026-07-13 07:57:37 | RUN | 2266/4858 | test_section_5__deepseek-r1_8b__attempt_039
2026-07-13 07:57:48 | RUN | 2267/4858 | test_section_5__deepseek-r1_8b__attempt_040
2026-07-13 07:57:59 | RUN | 2268/4858 | test_section_5__deepseek-r1_8b__attempt_041
2026-07-13 07:58:09 | RUN | 2269/4858 | test_section_5__deepseek-r1_8b__attempt_042
2026-07-13 07:58:19 | RUN | 2270/4858 | test_section_5__deepseek-r1_8b__attempt_043
2026-07-13 07:58:29 | RUN | 2271/4858 | test_section_5__deepseek-r1_8b__attempt_044
2026-07-13 07:58:39 | RUN | 2272/4858 | test_section_5__deepseek-r1_8b__attempt_045
2026-07-13 07:58:50 | RUN | 2273/4858 | test_section_5__deepseek-r1_8b__attempt_046
2026-07-13 07:59:00 | RUN | 2274/4858 | test_section_5__deepseek-r1_8b__attempt_047
2026-07-13 07:59:11 | RUN | 2275/4858 | test_section_5__deepseek-r1_8b__attempt_048
2026-07-13 07:59:21 | RUN | 2276/4858 | test_section_5__deepseek-r1_8b__attempt_049
2026-07-13 07:59:32 | RUN | 2277/4858 | test_section_5__deepseek-r1_8b__attempt_050
2026-07-13 07:59:51 | RUN | 2278/4858 | test_section_5__deepseek-r1_8b__attempt_052
2026-07-13 08:00:01 | RUN | 2279/4858 | test_section_5__deepseek-r1_8b__attempt_053
2026-07-13 08:00:18 | RUN | 2280/4858 | test_section_5__deepseek-r1_8b__attempt_054
2026-07-13 08:00:28 | RUN | 2281/4858 | test_section_5__deepseek-r1_8b__attempt_055
2026-07-13 08:00:38 | RUN | 2282/4858 | test_section_5__deepseek-r1_8b__attempt_056
2026-07-13 08:00:53 | RUN | 2283/4858 | test_section_5__deepseek-r1_8b__attempt_057
2026-07-13 08:01:03 | RUN | 2284/4858 | test_section_5__deepseek-r1_8b__attempt_058
2026-07-13 08:01:13 | RUN | 2285/4858 | test_section_5__deepseek-r1_8b__attempt_059
2026-07-13 08:01:23 | RUN | 2286/4858 | test_section_5__deepseek-r1_8b__attempt_060
2026-07-13 08:01:34 | RUN | 2287/4858 | test_section_5__deepseek-r1_8b__attempt_061
2026-07-13 08:01:52 | RUN | 2288/4858 | test_section_5__deepseek-r1_8b__attempt_062
2026-07-13 08:02:03 | RUN | 2289/4858 | test_section_5__deepseek-r1_8b__attempt_063
2026-07-13 08:02:13 | RUN | 2290/4858 | test_section_5__deepseek-r1_8b__attempt_064
2026-07-13 08:02:24 | RUN | 2291/4858 | test_section_5__deepseek-r1_8b__attempt_065
2026-07-13 08:02:35 | RUN | 2292/4858 | test_section_5__deepseek-r1_8b__attempt_066
2026-07-13 08:02:45 | RUN | 2293/4858 | test_section_5__deepseek-r1_8b__attempt_067
2026-07-13 08:02:56 | RUN | 2294/4858 | test_section_5__deepseek-r1_8b__attempt_068
2026-07-13 08:03:07 | RUN | 2295/4858 | test_section_5__deepseek-r1_8b__attempt_069
2026-07-13 08:03:18 | RUN | 2296/4858 | test_section_5__deepseek-r1_8b__attempt_070
2026-07-13 08:03:29 | RUN | 2297/4858 | test_section_5__deepseek-r1_8b__attempt_071
2026-07-13 08:03:39 | RUN | 2298/4858 | test_section_5__deepseek-r1_8b__attempt_072
2026-07-13 08:03:50 | RUN | 2299/4858 | test_section_5__deepseek-r1_8b__attempt_073
2026-07-13 08:04:04 | RUN | 2300/4858 | test_section_5__deepseek-r1_8b__attempt_074
2026-07-13 08:04:14 | RUN | 2301/4858 | test_section_5__deepseek-r1_8b__attempt_075
2026-07-13 08:04:25 | RUN | 2302/4858 | test_section_5__deepseek-r1_8b__attempt_076
2026-07-13 08:04:42 | RUN | 2303/4858 | test_section_5__deepseek-r1_8b__attempt_077
2026-07-13 08:04:53 | RUN | 2304/4858 | test_section_5__deepseek-r1_8b__attempt_078
2026-07-13 08:05:03 | RUN | 2305/4858 | test_section_5__deepseek-r1_8b__attempt_079
2026-07-13 08:05:14 | RUN | 2306/4858 | test_section_5__deepseek-r1_8b__attempt_080
2026-07-13 08:05:24 | RUN | 2307/4858 | test_section_5__deepseek-r1_8b__attempt_081
2026-07-13 08:05:34 | RUN | 2308/4858 | test_section_5__deepseek-r1_8b__attempt_082
2026-07-13 08:05:45 | RUN | 2309/4858 | test_section_5__deepseek-r1_8b__attempt_083
2026-07-13 08:05:56 | RUN | 2310/4858 | test_section_5__deepseek-r1_8b__attempt_085
2026-07-13 08:06:07 | RUN | 2311/4858 | test_section_5__deepseek-r1_8b__attempt_088
2026-07-13 08:06:18 | RUN | 2312/4858 | test_section_5__deepseek-r1_8b__attempt_089
2026-07-13 08:06:28 | RUN | 2313/4858 | test_section_5__deepseek-r1_8b__attempt_090
2026-07-13 08:06:38 | RUN | 2314/4858 | test_section_5__deepseek-r1_8b__attempt_091
2026-07-13 08:06:48 | RUN | 2315/4858 | test_section_5__deepseek-r1_8b__attempt_092
2026-07-13 08:06:58 | RUN | 2316/4858 | test_section_5__deepseek-r1_8b__attempt_093
2026-07-13 08:07:09 | RUN | 2317/4858 | test_section_5__deepseek-r1_8b__attempt_094
2026-07-13 08:07:28 | RUN | 2318/4858 | test_section_5__deepseek-r1_8b__attempt_095
2026-07-13 08:07:38 | RUN | 2319/4858 | test_section_5__deepseek-r1_8b__attempt_096
2026-07-13 08:07:49 | RUN | 2320/4858 | test_section_5__deepseek-r1_8b__attempt_097
2026-07-13 08:08:00 | RUN | 2321/4858 | test_section_5__deepseek-r1_8b__attempt_098
2026-07-13 08:08:10 | RUN | 2322/4858 | test_section_5__deepseek-r1_8b__attempt_099
2026-07-13 08:08:21 | RUN | 2323/4858 | test_section_5__deepseek-r1_8b__attempt_100
2026-07-13 08:08:32 | RUN | 2324/4858 | test_section_5__llama3.1_8b__attempt_002
2026-07-13 08:08:53 | RUN | 2325/4858 | test_section_5__llama3.1_8b__attempt_008
2026-07-13 08:09:12 | RUN | 2326/4858 | test_section_5__llama3.1_8b__attempt_014
2026-07-13 08:09:22 | RUN | 2327/4858 | test_section_5__llama3.1_8b__attempt_016
2026-07-13 08:09:42 | RUN | 2328/4858 | test_section_5__llama3.1_8b__attempt_018
2026-07-13 08:09:59 | RUN | 2329/4858 | test_section_5__llama3.1_8b__attempt_023
2026-07-13 08:10:18 | RUN | 2330/4858 | test_section_5__llama3.1_8b__attempt_028
2026-07-13 08:10:28 | RUN | 2331/4858 | test_section_5__llama3.1_8b__attempt_033
2026-07-13 08:10:45 | RUN | 2332/4858 | test_section_5__llama3.1_8b__attempt_035
2026-07-13 08:11:03 | RUN | 2333/4858 | test_section_5__llama3.1_8b__attempt_039
2026-07-13 08:11:13 | RUN | 2334/4858 | test_section_5__llama3.1_8b__attempt_041
2026-07-13 08:11:23 | RUN | 2335/4858 | test_section_5__llama3.1_8b__attempt_043
2026-07-13 08:11:33 | RUN | 2336/4858 | test_section_5__llama3.1_8b__attempt_045
2026-07-13 08:11:50 | RUN | 2337/4858 | test_section_5__llama3.1_8b__attempt_052
2026-07-13 08:12:11 | RUN | 2338/4858 | test_section_5__llama3.1_8b__attempt_053
2026-07-13 08:12:29 | RUN | 2339/4858 | test_section_5__llama3.1_8b__attempt_058
2026-07-13 08:12:39 | RUN | 2340/4858 | test_section_5__llama3.1_8b__attempt_061
2026-07-13 08:12:58 | RUN | 2341/4858 | test_section_5__llama3.1_8b__attempt_064
2026-07-13 08:13:08 | RUN | 2342/4858 | test_section_5__llama3.1_8b__attempt_067
2026-07-13 08:13:17 | RUN | 2343/4858 | test_section_5__llama3.1_8b__attempt_073
2026-07-13 08:13:35 | RUN | 2344/4858 | test_section_5__llama3.1_8b__attempt_076
2026-07-13 08:13:45 | RUN | 2345/4858 | test_section_5__llama3.1_8b__attempt_081
2026-07-13 08:13:55 | RUN | 2346/4858 | test_section_5__llama3.1_8b__attempt_084
2026-07-13 08:14:12 | RUN | 2347/4858 | test_section_5__llama3.1_8b__attempt_086
2026-07-13 08:14:29 | RUN | 2348/4858 | test_section_5__llama3.1_8b__attempt_094
2026-07-13 08:14:39 | RUN | 2349/4858 | test_section_5__llama3.1_8b__attempt_096
2026-07-13 08:14:49 | RUN | 2350/4858 | test_section_5__llama3.1_8b__attempt_099
2026-07-13 08:15:11 | RUN | 2351/4858 | test_section_5__qwen3.5_4b__attempt_001
2026-07-13 08:15:21 | RUN | 2352/4858 | test_section_5__qwen3.5_4b__attempt_002
2026-07-13 08:15:31 | RUN | 2353/4858 | test_section_5__qwen3.5_4b__attempt_003
2026-07-13 08:15:41 | RUN | 2354/4858 | test_section_5__qwen3.5_4b__attempt_004
2026-07-13 08:15:52 | RUN | 2355/4858 | test_section_5__qwen3.5_4b__attempt_005
2026-07-13 08:16:02 | RUN | 2356/4858 | test_section_5__qwen3.5_4b__attempt_006
2026-07-13 08:16:13 | RUN | 2357/4858 | test_section_5__qwen3.5_4b__attempt_007
2026-07-13 08:16:24 | RUN | 2358/4858 | test_section_5__qwen3.5_4b__attempt_008
2026-07-13 08:16:35 | RUN | 2359/4858 | test_section_5__qwen3.5_4b__attempt_009
2026-07-13 08:16:44 | RUN | 2360/4858 | test_section_5__qwen3.5_4b__attempt_010
2026-07-13 08:16:55 | RUN | 2361/4858 | test_section_5__qwen3.5_4b__attempt_011
2026-07-13 08:17:05 | RUN | 2362/4858 | test_section_5__qwen3.5_4b__attempt_012
2026-07-13 08:17:16 | RUN | 2363/4858 | test_section_5__qwen3.5_4b__attempt_013
2026-07-13 08:17:27 | RUN | 2364/4858 | test_section_5__qwen3.5_4b__attempt_014
2026-07-13 08:17:38 | RUN | 2365/4858 | test_section_5__qwen3.5_4b__attempt_015
2026-07-13 08:17:48 | RUN | 2366/4858 | test_section_5__qwen3.5_4b__attempt_016
2026-07-13 08:18:05 | RUN | 2367/4858 | test_section_5__qwen3.5_4b__attempt_017
2026-07-13 08:18:14 | RUN | 2368/4858 | test_section_5__qwen3.5_4b__attempt_018
2026-07-13 08:18:24 | RUN | 2369/4858 | test_section_5__qwen3.5_4b__attempt_019
2026-07-13 08:18:35 | RUN | 2370/4858 | test_section_5__qwen3.5_4b__attempt_020
2026-07-13 08:18:46 | RUN | 2371/4858 | test_section_5__qwen3.5_4b__attempt_021
2026-07-13 08:18:57 | RUN | 2372/4858 | test_section_5__qwen3.5_4b__attempt_022
2026-07-13 08:19:08 | RUN | 2373/4858 | test_section_5__qwen3.5_4b__attempt_023
2026-07-13 08:19:19 | RUN | 2374/4858 | test_section_5__qwen3.5_4b__attempt_024
2026-07-13 08:19:29 | RUN | 2375/4858 | test_section_5__qwen3.5_4b__attempt_025
2026-07-13 08:19:40 | RUN | 2376/4858 | test_section_5__qwen3.5_4b__attempt_026
2026-07-13 08:19:51 | RUN | 2377/4858 | test_section_5__qwen3.5_4b__attempt_027
2026-07-13 08:20:02 | RUN | 2378/4858 | test_section_5__qwen3.5_4b__attempt_028
2026-07-13 08:20:13 | RUN | 2379/4858 | test_section_5__qwen3.5_4b__attempt_029
2026-07-13 08:20:24 | RUN | 2380/4858 | test_section_5__qwen3.5_4b__attempt_030
2026-07-13 08:20:34 | RUN | 2381/4858 | test_section_5__qwen3.5_4b__attempt_031
2026-07-13 08:20:44 | RUN | 2382/4858 | test_section_5__qwen3.5_4b__attempt_032
2026-07-13 08:20:55 | RUN | 2383/4858 | test_section_5__qwen3.5_4b__attempt_033
2026-07-13 08:21:05 | RUN | 2384/4858 | test_section_5__qwen3.5_4b__attempt_034
2026-07-13 08:21:16 | RUN | 2385/4858 | test_section_5__qwen3.5_4b__attempt_035
2026-07-13 08:21:26 | RUN | 2386/4858 | test_section_5__qwen3.5_4b__attempt_036
2026-07-13 08:21:37 | RUN | 2387/4858 | test_section_5__qwen3.5_4b__attempt_037
2026-07-13 08:21:47 | RUN | 2388/4858 | test_section_5__qwen3.5_4b__attempt_038
2026-07-13 08:21:58 | RUN | 2389/4858 | test_section_5__qwen3.5_4b__attempt_039
2026-07-13 08:22:09 | RUN | 2390/4858 | test_section_5__qwen3.5_4b__attempt_040
2026-07-13 08:22:20 | RUN | 2391/4858 | test_section_5__qwen3.5_4b__attempt_041
2026-07-13 08:22:31 | RUN | 2392/4858 | test_section_5__qwen3.5_4b__attempt_042
2026-07-13 08:22:40 | RUN | 2393/4858 | test_section_5__qwen3.5_4b__attempt_043
2026-07-13 08:23:01 | RUN | 2394/4858 | test_section_5__qwen3.5_4b__attempt_045
2026-07-13 08:23:10 | RUN | 2395/4858 | test_section_5__qwen3.5_4b__attempt_046
2026-07-13 08:23:21 | RUN | 2396/4858 | test_section_5__qwen3.5_4b__attempt_047
2026-07-13 08:23:32 | RUN | 2397/4858 | test_section_5__qwen3.5_4b__attempt_048
2026-07-13 08:23:41 | RUN | 2398/4858 | test_section_5__qwen3.5_4b__attempt_049
2026-07-13 08:23:52 | RUN | 2399/4858 | test_section_5__qwen3.5_4b__attempt_050
2026-07-13 08:24:03 | RUN | 2400/4858 | test_section_5__qwen3.5_4b__attempt_051
2026-07-13 08:24:13 | RUN | 2401/4858 | test_section_5__qwen3.5_4b__attempt_052
2026-07-13 08:24:24 | RUN | 2402/4858 | test_section_5__qwen3.5_4b__attempt_053
2026-07-13 08:24:34 | RUN | 2403/4858 | test_section_5__qwen3.5_4b__attempt_054
2026-07-13 08:24:45 | RUN | 2404/4858 | test_section_5__qwen3.5_4b__attempt_055
2026-07-13 08:24:56 | RUN | 2405/4858 | test_section_5__qwen3.5_4b__attempt_056
2026-07-13 08:25:06 | RUN | 2406/4858 | test_section_5__qwen3.5_4b__attempt_057
2026-07-13 08:25:17 | RUN | 2407/4858 | test_section_5__qwen3.5_4b__attempt_058
2026-07-13 08:25:27 | RUN | 2408/4858 | test_section_5__qwen3.5_4b__attempt_060
2026-07-13 08:25:38 | RUN | 2409/4858 | test_section_5__qwen3.5_4b__attempt_061
2026-07-13 08:25:48 | RUN | 2410/4858 | test_section_5__qwen3.5_4b__attempt_062
2026-07-13 08:25:59 | RUN | 2411/4858 | test_section_5__qwen3.5_4b__attempt_063
2026-07-13 08:26:09 | RUN | 2412/4858 | test_section_5__qwen3.5_4b__attempt_064
2026-07-13 08:26:20 | RUN | 2413/4858 | test_section_5__qwen3.5_4b__attempt_065
2026-07-13 08:26:31 | RUN | 2414/4858 | test_section_5__qwen3.5_4b__attempt_066
2026-07-13 08:26:42 | RUN | 2415/4858 | test_section_5__qwen3.5_4b__attempt_067
2026-07-13 08:26:52 | RUN | 2416/4858 | test_section_5__qwen3.5_4b__attempt_068
2026-07-13 08:27:01 | RUN | 2417/4858 | test_section_5__qwen3.5_4b__attempt_069
2026-07-13 08:27:12 | RUN | 2418/4858 | test_section_5__qwen3.5_4b__attempt_070
2026-07-13 08:27:29 | RUN | 2419/4858 | test_section_5__qwen3.5_4b__attempt_071
2026-07-13 08:27:40 | RUN | 2420/4858 | test_section_5__qwen3.5_4b__attempt_073
2026-07-13 08:27:51 | RUN | 2421/4858 | test_section_5__qwen3.5_4b__attempt_074
2026-07-13 08:28:02 | RUN | 2422/4858 | test_section_5__qwen3.5_4b__attempt_075
2026-07-13 08:28:13 | RUN | 2423/4858 | test_section_5__qwen3.5_4b__attempt_076
2026-07-13 08:28:22 | RUN | 2424/4858 | test_section_5__qwen3.5_4b__attempt_077
2026-07-13 08:28:33 | RUN | 2425/4858 | test_section_5__qwen3.5_4b__attempt_078
2026-07-13 08:28:43 | RUN | 2426/4858 | test_section_5__qwen3.5_4b__attempt_079
2026-07-13 08:28:54 | RUN | 2427/4858 | test_section_5__qwen3.5_4b__attempt_080
2026-07-13 08:29:03 | RUN | 2428/4858 | test_section_5__qwen3.5_4b__attempt_081
2026-07-13 08:29:14 | RUN | 2429/4858 | test_section_5__qwen3.5_4b__attempt_082
2026-07-13 08:29:25 | RUN | 2430/4858 | test_section_5__qwen3.5_4b__attempt_083
2026-07-13 08:29:36 | RUN | 2431/4858 | test_section_5__qwen3.5_4b__attempt_084
2026-07-13 08:29:47 | RUN | 2432/4858 | test_section_5__qwen3.5_4b__attempt_085
2026-07-13 08:29:57 | RUN | 2433/4858 | test_section_5__qwen3.5_4b__attempt_086
2026-07-13 08:30:08 | RUN | 2434/4858 | test_section_5__qwen3.5_4b__attempt_087
2026-07-13 08:30:19 | RUN | 2435/4858 | test_section_5__qwen3.5_4b__attempt_088
2026-07-13 08:30:30 | RUN | 2436/4858 | test_section_5__qwen3.5_4b__attempt_089
2026-07-13 08:30:41 | RUN | 2437/4858 | test_section_5__qwen3.5_4b__attempt_090
2026-07-13 08:30:52 | RUN | 2438/4858 | test_section_5__qwen3.5_4b__attempt_091
2026-07-13 08:31:03 | RUN | 2439/4858 | test_section_5__qwen3.5_4b__attempt_092
2026-07-13 08:31:14 | RUN | 2440/4858 | test_section_5__qwen3.5_4b__attempt_093
2026-07-13 08:31:24 | RUN | 2441/4858 | test_section_5__qwen3.5_4b__attempt_094
2026-07-13 08:31:35 | RUN | 2442/4858 | test_section_5__qwen3.5_4b__attempt_095
2026-07-13 08:31:46 | RUN | 2443/4858 | test_section_5__qwen3.5_4b__attempt_096
2026-07-13 08:31:57 | RUN | 2444/4858 | test_section_5__qwen3.5_4b__attempt_097
2026-07-13 08:32:08 | RUN | 2445/4858 | test_section_5__qwen3.5_4b__attempt_098
2026-07-13 08:32:18 | RUN | 2446/4858 | test_section_5__qwen3.5_4b__attempt_099
2026-07-13 08:32:29 | RUN | 2447/4858 | test_section_5__qwen3.5_4b__attempt_100
2026-07-13 08:32:40 | RUN | 2448/4858 | test_section_6__deepseek-r1_8b__attempt_001
2026-07-13 08:33:04 | RUN | 2449/4858 | test_section_6__deepseek-r1_8b__attempt_002
2026-07-13 08:33:14 | RUN | 2450/4858 | test_section_6__deepseek-r1_8b__attempt_003
2026-07-13 08:33:33 | RUN | 2451/4858 | test_section_6__deepseek-r1_8b__attempt_004
2026-07-13 08:33:50 | RUN | 2452/4858 | test_section_6__deepseek-r1_8b__attempt_005
2026-07-13 08:34:08 | RUN | 2453/4858 | test_section_6__deepseek-r1_8b__attempt_006
2026-07-13 08:34:27 | RUN | 2454/4858 | test_section_6__deepseek-r1_8b__attempt_007
2026-07-13 08:34:37 | RUN | 2455/4858 | test_section_6__deepseek-r1_8b__attempt_008
2026-07-13 08:34:48 | RUN | 2456/4858 | test_section_6__deepseek-r1_8b__attempt_009
2026-07-13 08:35:05 | RUN | 2457/4858 | test_section_6__deepseek-r1_8b__attempt_010
2026-07-13 08:35:23 | RUN | 2458/4858 | test_section_6__deepseek-r1_8b__attempt_011
2026-07-13 08:35:33 | RUN | 2459/4858 | test_section_6__deepseek-r1_8b__attempt_012
2026-07-13 08:35:43 | RUN | 2460/4858 | test_section_6__deepseek-r1_8b__attempt_013
2026-07-13 08:35:53 | RUN | 2461/4858 | test_section_6__deepseek-r1_8b__attempt_014
2026-07-13 08:36:03 | RUN | 2462/4858 | test_section_6__deepseek-r1_8b__attempt_015
2026-07-13 08:36:14 | RUN | 2463/4858 | test_section_6__deepseek-r1_8b__attempt_016
2026-07-13 08:36:23 | RUN | 2464/4858 | test_section_6__deepseek-r1_8b__attempt_017
2026-07-13 08:36:42 | RUN | 2465/4858 | test_section_6__deepseek-r1_8b__attempt_018
2026-07-13 08:36:53 | RUN | 2466/4858 | test_section_6__deepseek-r1_8b__attempt_019
2026-07-13 08:37:15 | RUN | 2467/4858 | test_section_6__deepseek-r1_8b__attempt_020
2026-07-13 08:37:26 | RUN | 2468/4858 | test_section_6__deepseek-r1_8b__attempt_021
2026-07-13 08:37:45 | RUN | 2469/4858 | test_section_6__deepseek-r1_8b__attempt_022
2026-07-13 08:37:56 | RUN | 2470/4858 | test_section_6__deepseek-r1_8b__attempt_023
2026-07-13 08:38:06 | RUN | 2471/4858 | test_section_6__deepseek-r1_8b__attempt_024
2026-07-13 08:38:16 | RUN | 2472/4858 | test_section_6__deepseek-r1_8b__attempt_025
2026-07-13 08:38:33 | RUN | 2473/4858 | test_section_6__deepseek-r1_8b__attempt_026
2026-07-13 08:38:51 | RUN | 2474/4858 | test_section_6__deepseek-r1_8b__attempt_027
2026-07-13 08:39:01 | RUN | 2475/4858 | test_section_6__deepseek-r1_8b__attempt_028
2026-07-13 08:39:11 | RUN | 2476/4858 | test_section_6__deepseek-r1_8b__attempt_029
2026-07-13 08:39:22 | RUN | 2477/4858 | test_section_6__deepseek-r1_8b__attempt_030
2026-07-13 08:39:32 | RUN | 2478/4858 | test_section_6__deepseek-r1_8b__attempt_031
2026-07-13 08:39:54 | RUN | 2479/4858 | test_section_6__deepseek-r1_8b__attempt_032
2026-07-13 08:40:04 | RUN | 2480/4858 | test_section_6__deepseek-r1_8b__attempt_033
2026-07-13 08:40:24 | RUN | 2481/4858 | test_section_6__deepseek-r1_8b__attempt_034
2026-07-13 08:40:35 | RUN | 2482/4858 | test_section_6__deepseek-r1_8b__attempt_035
2026-07-13 08:40:45 | RUN | 2483/4858 | test_section_6__deepseek-r1_8b__attempt_036
2026-07-13 08:40:54 | RUN | 2484/4858 | test_section_6__deepseek-r1_8b__attempt_037
2026-07-13 08:41:05 | RUN | 2485/4858 | test_section_6__deepseek-r1_8b__attempt_038
2026-07-13 08:41:25 | RUN | 2486/4858 | test_section_6__deepseek-r1_8b__attempt_039
2026-07-13 08:41:35 | RUN | 2487/4858 | test_section_6__deepseek-r1_8b__attempt_040
2026-07-13 08:41:46 | RUN | 2488/4858 | test_section_6__deepseek-r1_8b__attempt_041
2026-07-13 08:41:56 | RUN | 2489/4858 | test_section_6__deepseek-r1_8b__attempt_042
2026-07-13 08:42:06 | RUN | 2490/4858 | test_section_6__deepseek-r1_8b__attempt_043
2026-07-13 08:42:26 | RUN | 2491/4858 | test_section_6__deepseek-r1_8b__attempt_044
2026-07-13 08:42:36 | RUN | 2492/4858 | test_section_6__deepseek-r1_8b__attempt_045
2026-07-13 08:42:46 | RUN | 2493/4858 | test_section_6__deepseek-r1_8b__attempt_046
2026-07-13 08:42:56 | RUN | 2494/4858 | test_section_6__deepseek-r1_8b__attempt_047
2026-07-13 08:43:13 | RUN | 2495/4858 | test_section_6__deepseek-r1_8b__attempt_048
2026-07-13 08:43:36 | RUN | 2496/4858 | test_section_6__deepseek-r1_8b__attempt_049
2026-07-13 08:43:55 | RUN | 2497/4858 | test_section_6__deepseek-r1_8b__attempt_050
2026-07-13 08:44:05 | RUN | 2498/4858 | test_section_6__deepseek-r1_8b__attempt_051
2026-07-13 08:44:14 | RUN | 2499/4858 | test_section_6__deepseek-r1_8b__attempt_052
2026-07-13 08:44:30 | RUN | 2500/4858 | test_section_6__deepseek-r1_8b__attempt_053
2026-07-13 08:44:49 | RUN | 2501/4858 | test_section_6__deepseek-r1_8b__attempt_054
2026-07-13 08:45:09 | RUN | 2502/4858 | test_section_6__deepseek-r1_8b__attempt_055
2026-07-13 08:45:27 | RUN | 2503/4858 | test_section_6__deepseek-r1_8b__attempt_056
2026-07-13 08:45:37 | RUN | 2504/4858 | test_section_6__deepseek-r1_8b__attempt_057
2026-07-13 08:45:55 | RUN | 2505/4858 | test_section_6__deepseek-r1_8b__attempt_058
2026-07-13 08:46:15 | RUN | 2506/4858 | test_section_6__deepseek-r1_8b__attempt_059
2026-07-13 08:46:25 | RUN | 2507/4858 | test_section_6__deepseek-r1_8b__attempt_060
2026-07-13 08:46:35 | RUN | 2508/4858 | test_section_6__deepseek-r1_8b__attempt_061
2026-07-13 08:46:45 | RUN | 2509/4858 | test_section_6__deepseek-r1_8b__attempt_062
2026-07-13 08:47:03 | RUN | 2510/4858 | test_section_6__deepseek-r1_8b__attempt_063
2026-07-13 08:47:12 | RUN | 2511/4858 | test_section_6__deepseek-r1_8b__attempt_064
2026-07-13 08:47:22 | RUN | 2512/4858 | test_section_6__deepseek-r1_8b__attempt_065
2026-07-13 08:47:32 | RUN | 2513/4858 | test_section_6__deepseek-r1_8b__attempt_066
2026-07-13 08:47:42 | RUN | 2514/4858 | test_section_6__deepseek-r1_8b__attempt_068
2026-07-13 08:47:52 | RUN | 2515/4858 | test_section_6__deepseek-r1_8b__attempt_069
2026-07-13 08:48:04 | RUN | 2516/4858 | test_section_6__deepseek-r1_8b__attempt_070
2026-07-13 08:48:26 | RUN | 2517/4858 | test_section_6__deepseek-r1_8b__attempt_071
2026-07-13 08:48:43 | RUN | 2518/4858 | test_section_6__deepseek-r1_8b__attempt_072
2026-07-13 08:48:53 | RUN | 2519/4858 | test_section_6__deepseek-r1_8b__attempt_073
2026-07-13 08:49:15 | RUN | 2520/4858 | test_section_6__deepseek-r1_8b__attempt_074
2026-07-13 08:49:25 | RUN | 2521/4858 | test_section_6__deepseek-r1_8b__attempt_075
2026-07-13 08:49:35 | RUN | 2522/4858 | test_section_6__deepseek-r1_8b__attempt_076
2026-07-13 08:49:53 | RUN | 2523/4858 | test_section_6__deepseek-r1_8b__attempt_077
2026-07-13 08:50:14 | RUN | 2524/4858 | test_section_6__deepseek-r1_8b__attempt_078
2026-07-13 08:50:53 | RUN | 2525/4858 | test_section_6__deepseek-r1_8b__attempt_079
2026-07-13 08:51:04 | RUN | 2526/4858 | test_section_6__deepseek-r1_8b__attempt_080
2026-07-13 08:51:25 | RUN | 2527/4858 | test_section_6__deepseek-r1_8b__attempt_081
2026-07-13 08:51:42 | RUN | 2528/4858 | test_section_6__deepseek-r1_8b__attempt_082
2026-07-13 08:51:51 | RUN | 2529/4858 | test_section_6__deepseek-r1_8b__attempt_083
2026-07-13 08:52:01 | RUN | 2530/4858 | test_section_6__deepseek-r1_8b__attempt_084
2026-07-13 08:52:11 | RUN | 2531/4858 | test_section_6__deepseek-r1_8b__attempt_085
2026-07-13 08:52:21 | RUN | 2532/4858 | test_section_6__deepseek-r1_8b__attempt_086
2026-07-13 08:52:32 | RUN | 2533/4858 | test_section_6__deepseek-r1_8b__attempt_087
2026-07-13 08:52:42 | RUN | 2534/4858 | test_section_6__deepseek-r1_8b__attempt_088
2026-07-13 08:52:51 | RUN | 2535/4858 | test_section_6__deepseek-r1_8b__attempt_089
2026-07-13 08:53:01 | RUN | 2536/4858 | test_section_6__deepseek-r1_8b__attempt_090
2026-07-13 08:53:10 | RUN | 2537/4858 | test_section_6__deepseek-r1_8b__attempt_091
2026-07-13 08:53:20 | RUN | 2538/4858 | test_section_6__deepseek-r1_8b__attempt_092
2026-07-13 08:53:30 | RUN | 2539/4858 | test_section_6__deepseek-r1_8b__attempt_093
2026-07-13 08:53:40 | RUN | 2540/4858 | test_section_6__deepseek-r1_8b__attempt_094
2026-07-13 08:53:49 | RUN | 2541/4858 | test_section_6__deepseek-r1_8b__attempt_095
2026-07-13 08:54:09 | RUN | 2542/4858 | test_section_6__deepseek-r1_8b__attempt_096
2026-07-13 08:54:19 | RUN | 2543/4858 | test_section_6__deepseek-r1_8b__attempt_097
2026-07-13 08:54:29 | RUN | 2544/4858 | test_section_6__deepseek-r1_8b__attempt_098
2026-07-13 08:54:39 | RUN | 2545/4858 | test_section_6__deepseek-r1_8b__attempt_099
2026-07-13 08:55:02 | RUN | 2546/4858 | test_section_6__deepseek-r1_8b__attempt_100
2026-07-13 08:55:11 | RUN | 2547/4858 | test_section_6__llama3.1_8b__attempt_002
2026-07-13 08:55:33 | RUN | 2548/4858 | test_section_6__llama3.1_8b__attempt_003
2026-07-13 08:55:56 | RUN | 2549/4858 | test_section_6__llama3.1_8b__attempt_005
2026-07-13 08:56:13 | RUN | 2550/4858 | test_section_6__llama3.1_8b__attempt_006
2026-07-13 08:56:32 | RUN | 2551/4858 | test_section_6__llama3.1_8b__attempt_009
2026-07-13 08:56:52 | RUN | 2552/4858 | test_section_6__llama3.1_8b__attempt_010
2026-07-13 08:57:13 | RUN | 2553/4858 | test_section_6__llama3.1_8b__attempt_011
2026-07-13 08:57:32 | RUN | 2554/4858 | test_section_6__llama3.1_8b__attempt_012
2026-07-13 08:57:53 | RUN | 2555/4858 | test_section_6__llama3.1_8b__attempt_014
2026-07-13 08:58:12 | RUN | 2556/4858 | test_section_6__llama3.1_8b__attempt_015
2026-07-13 08:58:33 | RUN | 2557/4858 | test_section_6__llama3.1_8b__attempt_017
2026-07-13 08:58:55 | RUN | 2558/4858 | test_section_6__llama3.1_8b__attempt_019
2026-07-13 08:59:13 | RUN | 2559/4858 | test_section_6__llama3.1_8b__attempt_020
2026-07-13 08:59:32 | RUN | 2560/4858 | test_section_6__llama3.1_8b__attempt_021
2026-07-13 08:59:55 | RUN | 2561/4858 | test_section_6__llama3.1_8b__attempt_022
2026-07-13 09:00:15 | RUN | 2562/4858 | test_section_6__llama3.1_8b__attempt_023
2026-07-13 09:00:37 | RUN | 2563/4858 | test_section_6__llama3.1_8b__attempt_024
2026-07-13 09:00:56 | RUN | 2564/4858 | test_section_6__llama3.1_8b__attempt_025
2026-07-13 09:01:16 | RUN | 2565/4858 | test_section_6__llama3.1_8b__attempt_027
2026-07-13 09:01:34 | RUN | 2566/4858 | test_section_6__llama3.1_8b__attempt_028
2026-07-13 09:01:54 | RUN | 2567/4858 | test_section_6__llama3.1_8b__attempt_030
2026-07-13 09:02:10 | RUN | 2568/4858 | test_section_6__llama3.1_8b__attempt_031
2026-07-13 09:02:31 | RUN | 2569/4858 | test_section_6__llama3.1_8b__attempt_032
2026-07-13 09:02:41 | RUN | 2570/4858 | test_section_6__llama3.1_8b__attempt_033
2026-07-13 09:02:57 | RUN | 2571/4858 | test_section_6__llama3.1_8b__attempt_034
2026-07-13 09:03:17 | RUN | 2572/4858 | test_section_6__llama3.1_8b__attempt_035
2026-07-13 09:03:37 | RUN | 2573/4858 | test_section_6__llama3.1_8b__attempt_036
2026-07-13 09:03:55 | RUN | 2574/4858 | test_section_6__llama3.1_8b__attempt_037
2026-07-13 09:04:13 | RUN | 2575/4858 | test_section_6__llama3.1_8b__attempt_038
2026-07-13 09:04:33 | RUN | 2576/4858 | test_section_6__llama3.1_8b__attempt_039
2026-07-13 09:04:49 | RUN | 2577/4858 | test_section_6__llama3.1_8b__attempt_040
2026-07-13 09:05:10 | RUN | 2578/4858 | test_section_6__llama3.1_8b__attempt_041
2026-07-13 09:05:31 | RUN | 2579/4858 | test_section_6__llama3.1_8b__attempt_043
2026-07-13 09:05:49 | RUN | 2580/4858 | test_section_6__llama3.1_8b__attempt_045
2026-07-13 09:06:11 | RUN | 2581/4858 | test_section_6__llama3.1_8b__attempt_046
2026-07-13 09:06:34 | RUN | 2582/4858 | test_section_6__llama3.1_8b__attempt_047
2026-07-13 09:06:55 | RUN | 2583/4858 | test_section_6__llama3.1_8b__attempt_050
2026-07-13 09:07:11 | RUN | 2584/4858 | test_section_6__llama3.1_8b__attempt_051
2026-07-13 09:07:30 | RUN | 2585/4858 | test_section_6__llama3.1_8b__attempt_053
2026-07-13 09:07:48 | RUN | 2586/4858 | test_section_6__llama3.1_8b__attempt_054
2026-07-13 09:07:59 | RUN | 2587/4858 | test_section_6__llama3.1_8b__attempt_055
2026-07-13 09:08:17 | RUN | 2588/4858 | test_section_6__llama3.1_8b__attempt_056
2026-07-13 09:08:36 | RUN | 2589/4858 | test_section_6__llama3.1_8b__attempt_060
2026-07-13 09:08:46 | RUN | 2590/4858 | test_section_6__llama3.1_8b__attempt_061
2026-07-13 09:09:05 | RUN | 2591/4858 | test_section_6__llama3.1_8b__attempt_064
2026-07-13 09:09:27 | RUN | 2592/4858 | test_section_6__llama3.1_8b__attempt_065
2026-07-13 09:09:45 | RUN | 2593/4858 | test_section_6__llama3.1_8b__attempt_066
2026-07-13 09:10:06 | RUN | 2594/4858 | test_section_6__llama3.1_8b__attempt_067
2026-07-13 09:10:15 | RUN | 2595/4858 | test_section_6__llama3.1_8b__attempt_069
2026-07-13 09:10:34 | RUN | 2596/4858 | test_section_6__llama3.1_8b__attempt_071
2026-07-13 09:10:54 | RUN | 2597/4858 | test_section_6__llama3.1_8b__attempt_072
2026-07-13 09:11:13 | RUN | 2598/4858 | test_section_6__llama3.1_8b__attempt_073
2026-07-13 09:11:35 | RUN | 2599/4858 | test_section_6__llama3.1_8b__attempt_074
2026-07-13 09:11:59 | RUN | 2600/4858 | test_section_6__llama3.1_8b__attempt_075
2026-07-13 09:12:19 | RUN | 2601/4858 | test_section_6__llama3.1_8b__attempt_076
2026-07-13 09:12:38 | RUN | 2602/4858 | test_section_6__llama3.1_8b__attempt_078
2026-07-13 09:12:56 | RUN | 2603/4858 | test_section_6__llama3.1_8b__attempt_079
2026-07-13 09:13:12 | RUN | 2604/4858 | test_section_6__llama3.1_8b__attempt_080
2026-07-13 09:13:30 | RUN | 2605/4858 | test_section_6__llama3.1_8b__attempt_081
2026-07-13 09:13:52 | RUN | 2606/4858 | test_section_6__llama3.1_8b__attempt_085
2026-07-13 09:14:09 | RUN | 2607/4858 | test_section_6__llama3.1_8b__attempt_086
2026-07-13 09:14:30 | RUN | 2608/4858 | test_section_6__llama3.1_8b__attempt_087
2026-07-13 09:14:48 | RUN | 2609/4858 | test_section_6__llama3.1_8b__attempt_089
2026-07-13 09:15:08 | RUN | 2610/4858 | test_section_6__llama3.1_8b__attempt_091
2026-07-13 09:15:29 | RUN | 2611/4858 | test_section_6__llama3.1_8b__attempt_092
2026-07-13 09:15:45 | RUN | 2612/4858 | test_section_6__llama3.1_8b__attempt_093
2026-07-13 09:16:02 | RUN | 2613/4858 | test_section_6__llama3.1_8b__attempt_094
2026-07-13 09:16:12 | RUN | 2614/4858 | test_section_6__llama3.1_8b__attempt_095
2026-07-13 09:16:23 | RUN | 2615/4858 | test_section_6__llama3.1_8b__attempt_096
2026-07-13 09:16:41 | RUN | 2616/4858 | test_section_6__llama3.1_8b__attempt_097
2026-07-13 09:16:59 | RUN | 2617/4858 | test_section_6__llama3.1_8b__attempt_098
2026-07-13 09:17:18 | RUN | 2618/4858 | test_section_6__llama3.1_8b__attempt_099
2026-07-13 09:17:38 | RUN | 2619/4858 | test_section_6__llama3.1_8b__attempt_100
2026-07-13 09:17:56 | RUN | 2620/4858 | test_section_6__ministral-3_3b__attempt_002
2026-07-13 09:18:14 | RUN | 2621/4858 | test_section_6__ministral-3_3b__attempt_003
2026-07-13 09:18:25 | RUN | 2622/4858 | test_section_6__ministral-3_3b__attempt_004
2026-07-13 09:18:47 | RUN | 2623/4858 | test_section_6__ministral-3_3b__attempt_005
2026-07-13 09:19:10 | RUN | 2624/4858 | test_section_6__ministral-3_3b__attempt_006
2026-07-13 09:19:29 | RUN | 2625/4858 | test_section_6__ministral-3_3b__attempt_007
2026-07-13 09:19:39 | RUN | 2626/4858 | test_section_6__ministral-3_3b__attempt_008
2026-07-13 09:20:01 | RUN | 2627/4858 | test_section_6__ministral-3_3b__attempt_009
2026-07-13 09:20:19 | RUN | 2628/4858 | test_section_6__ministral-3_3b__attempt_010
2026-07-13 09:20:29 | RUN | 2629/4858 | test_section_6__ministral-3_3b__attempt_011
2026-07-13 09:20:49 | RUN | 2630/4858 | test_section_6__ministral-3_3b__attempt_012
2026-07-13 09:21:10 | RUN | 2631/4858 | test_section_6__ministral-3_3b__attempt_013
2026-07-13 09:21:27 | RUN | 2632/4858 | test_section_6__ministral-3_3b__attempt_014
2026-07-13 09:21:38 | RUN | 2633/4858 | test_section_6__ministral-3_3b__attempt_015
2026-07-13 09:21:58 | RUN | 2634/4858 | test_section_6__ministral-3_3b__attempt_016
2026-07-13 09:22:08 | RUN | 2635/4858 | test_section_6__ministral-3_3b__attempt_017
2026-07-13 09:22:19 | RUN | 2636/4858 | test_section_6__ministral-3_3b__attempt_018
2026-07-13 09:22:41 | RUN | 2637/4858 | test_section_6__ministral-3_3b__attempt_021
2026-07-13 09:23:02 | RUN | 2638/4858 | test_section_6__ministral-3_3b__attempt_022
2026-07-13 09:23:22 | RUN | 2639/4858 | test_section_6__ministral-3_3b__attempt_023
2026-07-13 09:23:32 | RUN | 2640/4858 | test_section_6__ministral-3_3b__attempt_024
2026-07-13 09:23:43 | RUN | 2641/4858 | test_section_6__ministral-3_3b__attempt_025
2026-07-13 09:23:53 | RUN | 2642/4858 | test_section_6__ministral-3_3b__attempt_026
2026-07-13 09:24:03 | RUN | 2643/4858 | test_section_6__ministral-3_3b__attempt_027
2026-07-13 09:24:24 | RUN | 2644/4858 | test_section_6__ministral-3_3b__attempt_029
2026-07-13 09:24:34 | RUN | 2645/4858 | test_section_6__ministral-3_3b__attempt_032
2026-07-13 09:24:50 | RUN | 2646/4858 | test_section_6__ministral-3_3b__attempt_033
2026-07-13 09:25:13 | RUN | 2647/4858 | test_section_6__ministral-3_3b__attempt_034
2026-07-13 09:25:24 | RUN | 2648/4858 | test_section_6__ministral-3_3b__attempt_035
2026-07-13 09:25:34 | RUN | 2649/4858 | test_section_6__ministral-3_3b__attempt_036
2026-07-13 09:25:44 | RUN | 2650/4858 | test_section_6__ministral-3_3b__attempt_037
2026-07-13 09:26:03 | RUN | 2651/4858 | test_section_6__ministral-3_3b__attempt_038
2026-07-13 09:26:22 | RUN | 2652/4858 | test_section_6__ministral-3_3b__attempt_039
2026-07-13 09:26:33 | RUN | 2653/4858 | test_section_6__ministral-3_3b__attempt_040
2026-07-13 09:26:43 | RUN | 2654/4858 | test_section_6__ministral-3_3b__attempt_042
2026-07-13 09:26:53 | RUN | 2655/4858 | test_section_6__ministral-3_3b__attempt_043
2026-07-13 09:27:12 | RUN | 2656/4858 | test_section_6__ministral-3_3b__attempt_045
2026-07-13 09:27:32 | RUN | 2657/4858 | test_section_6__ministral-3_3b__attempt_046
2026-07-13 09:27:59 | RUN | 2658/4858 | test_section_6__ministral-3_3b__attempt_047
2026-07-13 09:28:09 | RUN | 2659/4858 | test_section_6__ministral-3_3b__attempt_049
2026-07-13 09:28:20 | RUN | 2660/4858 | test_section_6__ministral-3_3b__attempt_050
2026-07-13 09:28:39 | RUN | 2661/4858 | test_section_6__ministral-3_3b__attempt_051
2026-07-13 09:29:00 | RUN | 2662/4858 | test_section_6__ministral-3_3b__attempt_052
2026-07-13 09:29:16 | RUN | 2663/4858 | test_section_6__ministral-3_3b__attempt_053
2026-07-13 09:29:37 | RUN | 2664/4858 | test_section_6__ministral-3_3b__attempt_055
2026-07-13 09:29:47 | RUN | 2665/4858 | test_section_6__ministral-3_3b__attempt_056
2026-07-13 09:30:08 | RUN | 2666/4858 | test_section_6__ministral-3_3b__attempt_057
2026-07-13 09:30:18 | RUN | 2667/4858 | test_section_6__ministral-3_3b__attempt_059
2026-07-13 09:30:39 | RUN | 2668/4858 | test_section_6__ministral-3_3b__attempt_060
2026-07-13 09:30:59 | RUN | 2669/4858 | test_section_6__ministral-3_3b__attempt_061
2026-07-13 09:31:10 | RUN | 2670/4858 | test_section_6__ministral-3_3b__attempt_062
2026-07-13 09:31:30 | RUN | 2671/4858 | test_section_6__ministral-3_3b__attempt_063
2026-07-13 09:31:41 | RUN | 2672/4858 | test_section_6__ministral-3_3b__attempt_064
2026-07-13 09:31:51 | RUN | 2673/4858 | test_section_6__ministral-3_3b__attempt_065
2026-07-13 09:32:16 | RUN | 2674/4858 | test_section_6__ministral-3_3b__attempt_066
2026-07-13 09:32:37 | RUN | 2675/4858 | test_section_6__ministral-3_3b__attempt_067
2026-07-13 09:32:57 | RUN | 2676/4858 | test_section_6__ministral-3_3b__attempt_068
2026-07-13 09:33:08 | RUN | 2677/4858 | test_section_6__ministral-3_3b__attempt_069
2026-07-13 09:33:26 | RUN | 2678/4858 | test_section_6__ministral-3_3b__attempt_070
2026-07-13 09:33:45 | RUN | 2679/4858 | test_section_6__ministral-3_3b__attempt_071
2026-07-13 09:33:56 | RUN | 2680/4858 | test_section_6__ministral-3_3b__attempt_072
2026-07-13 09:34:06 | RUN | 2681/4858 | test_section_6__ministral-3_3b__attempt_073
2026-07-13 09:34:30 | RUN | 2682/4858 | test_section_6__ministral-3_3b__attempt_074
2026-07-13 09:34:40 | RUN | 2683/4858 | test_section_6__ministral-3_3b__attempt_075
2026-07-13 09:34:50 | RUN | 2684/4858 | test_section_6__ministral-3_3b__attempt_076
2026-07-13 09:35:10 | RUN | 2685/4858 | test_section_6__ministral-3_3b__attempt_077
2026-07-13 09:35:30 | RUN | 2686/4858 | test_section_6__ministral-3_3b__attempt_078
2026-07-13 09:35:50 | RUN | 2687/4858 | test_section_6__ministral-3_3b__attempt_079
2026-07-13 09:36:09 | RUN | 2688/4858 | test_section_6__ministral-3_3b__attempt_080
2026-07-13 09:36:34 | RUN | 2689/4858 | test_section_6__ministral-3_3b__attempt_081
2026-07-13 09:36:55 | RUN | 2690/4858 | test_section_6__ministral-3_3b__attempt_082
2026-07-13 09:37:07 | RUN | 2691/4858 | test_section_6__ministral-3_3b__attempt_083
2026-07-13 09:37:17 | RUN | 2692/4858 | test_section_6__ministral-3_3b__attempt_084
2026-07-13 09:37:39 | RUN | 2693/4858 | test_section_6__ministral-3_3b__attempt_085
2026-07-13 09:37:50 | RUN | 2694/4858 | test_section_6__ministral-3_3b__attempt_086
2026-07-13 09:38:10 | RUN | 2695/4858 | test_section_6__ministral-3_3b__attempt_087
2026-07-13 09:38:29 | RUN | 2696/4858 | test_section_6__ministral-3_3b__attempt_088
2026-07-13 09:38:39 | RUN | 2697/4858 | test_section_6__ministral-3_3b__attempt_089
2026-07-13 09:38:50 | RUN | 2698/4858 | test_section_6__ministral-3_3b__attempt_090
2026-07-13 09:39:08 | RUN | 2699/4858 | test_section_6__ministral-3_3b__attempt_091
2026-07-13 09:39:18 | RUN | 2700/4858 | test_section_6__ministral-3_3b__attempt_092
2026-07-13 09:39:35 | RUN | 2701/4858 | test_section_6__ministral-3_3b__attempt_093
2026-07-13 09:39:54 | RUN | 2702/4858 | test_section_6__ministral-3_3b__attempt_094
2026-07-13 09:40:05 | RUN | 2703/4858 | test_section_6__ministral-3_3b__attempt_095
2026-07-13 09:40:23 | RUN | 2704/4858 | test_section_6__ministral-3_3b__attempt_096
2026-07-13 09:40:45 | RUN | 2705/4858 | test_section_6__ministral-3_3b__attempt_097
2026-07-13 09:41:04 | RUN | 2706/4858 | test_section_6__ministral-3_3b__attempt_098
2026-07-13 09:41:22 | RUN | 2707/4858 | test_section_6__ministral-3_3b__attempt_099
2026-07-13 09:41:46 | RUN | 2708/4858 | test_section_6__ministral-3_3b__attempt_100
2026-07-13 09:41:56 | RUN | 2709/4858 | test_section_6__qwen3.5_4b__attempt_001
2026-07-13 09:42:07 | RUN | 2710/4858 | test_section_6__qwen3.5_4b__attempt_002
2026-07-13 09:42:17 | RUN | 2711/4858 | test_section_6__qwen3.5_4b__attempt_003
2026-07-13 09:42:26 | RUN | 2712/4858 | test_section_6__qwen3.5_4b__attempt_004
2026-07-13 09:42:37 | RUN | 2713/4858 | test_section_6__qwen3.5_4b__attempt_006
2026-07-13 09:42:58 | RUN | 2714/4858 | test_section_6__qwen3.5_4b__attempt_008
2026-07-13 09:43:09 | RUN | 2715/4858 | test_section_6__qwen3.5_4b__attempt_009
2026-07-13 09:43:19 | RUN | 2716/4858 | test_section_6__qwen3.5_4b__attempt_011
2026-07-13 09:43:29 | RUN | 2717/4858 | test_section_6__qwen3.5_4b__attempt_012
2026-07-13 09:43:39 | RUN | 2718/4858 | test_section_6__qwen3.5_4b__attempt_013
2026-07-13 09:44:01 | RUN | 2719/4858 | test_section_6__qwen3.5_4b__attempt_014
2026-07-13 09:44:22 | RUN | 2720/4858 | test_section_6__qwen3.5_4b__attempt_015
2026-07-13 09:44:41 | RUN | 2721/4858 | test_section_6__qwen3.5_4b__attempt_016
2026-07-13 09:44:51 | RUN | 2722/4858 | test_section_6__qwen3.5_4b__attempt_017
2026-07-13 09:45:10 | RUN | 2723/4858 | test_section_6__qwen3.5_4b__attempt_018
2026-07-13 09:45:21 | RUN | 2724/4858 | test_section_6__qwen3.5_4b__attempt_019
2026-07-13 09:45:43 | RUN | 2725/4858 | test_section_6__qwen3.5_4b__attempt_020
2026-07-13 09:45:53 | RUN | 2726/4858 | test_section_6__qwen3.5_4b__attempt_021
2026-07-13 09:46:12 | RUN | 2727/4858 | test_section_6__qwen3.5_4b__attempt_022
2026-07-13 09:46:29 | RUN | 2728/4858 | test_section_6__qwen3.5_4b__attempt_023
2026-07-13 09:46:47 | RUN | 2729/4858 | test_section_6__qwen3.5_4b__attempt_024
2026-07-13 09:46:57 | RUN | 2730/4858 | test_section_6__qwen3.5_4b__attempt_025
2026-07-13 09:47:07 | RUN | 2731/4858 | test_section_6__qwen3.5_4b__attempt_026
2026-07-13 09:47:17 | RUN | 2732/4858 | test_section_6__qwen3.5_4b__attempt_027
2026-07-13 09:47:27 | RUN | 2733/4858 | test_section_6__qwen3.5_4b__attempt_028
2026-07-13 09:47:38 | RUN | 2734/4858 | test_section_6__qwen3.5_4b__attempt_029
2026-07-13 09:47:48 | RUN | 2735/4858 | test_section_6__qwen3.5_4b__attempt_030
2026-07-13 09:48:06 | RUN | 2736/4858 | test_section_6__qwen3.5_4b__attempt_031
2026-07-13 09:48:16 | RUN | 2737/4858 | test_section_6__qwen3.5_4b__attempt_032
2026-07-13 09:48:27 | RUN | 2738/4858 | test_section_6__qwen3.5_4b__attempt_033
2026-07-13 09:48:37 | RUN | 2739/4858 | test_section_6__qwen3.5_4b__attempt_034
2026-07-13 09:48:47 | RUN | 2740/4858 | test_section_6__qwen3.5_4b__attempt_035
2026-07-13 09:48:58 | RUN | 2741/4858 | test_section_6__qwen3.5_4b__attempt_036
2026-07-13 09:49:18 | RUN | 2742/4858 | test_section_6__qwen3.5_4b__attempt_037
2026-07-13 09:49:28 | RUN | 2743/4858 | test_section_6__qwen3.5_4b__attempt_038
2026-07-13 09:49:39 | RUN | 2744/4858 | test_section_6__qwen3.5_4b__attempt_039
2026-07-13 09:49:49 | RUN | 2745/4858 | test_section_6__qwen3.5_4b__attempt_040
2026-07-13 09:49:59 | RUN | 2746/4858 | test_section_6__qwen3.5_4b__attempt_041
2026-07-13 09:50:09 | RUN | 2747/4858 | test_section_6__qwen3.5_4b__attempt_042
2026-07-13 09:50:19 | RUN | 2748/4858 | test_section_6__qwen3.5_4b__attempt_044
2026-07-13 09:50:30 | RUN | 2749/4858 | test_section_6__qwen3.5_4b__attempt_045
2026-07-13 09:50:40 | RUN | 2750/4858 | test_section_6__qwen3.5_4b__attempt_046
2026-07-13 09:50:50 | RUN | 2751/4858 | test_section_6__qwen3.5_4b__attempt_047
2026-07-13 09:51:09 | RUN | 2752/4858 | test_section_6__qwen3.5_4b__attempt_048
2026-07-13 09:51:20 | RUN | 2753/4858 | test_section_6__qwen3.5_4b__attempt_049
2026-07-13 09:51:30 | RUN | 2754/4858 | test_section_6__qwen3.5_4b__attempt_050
2026-07-13 09:51:50 | RUN | 2755/4858 | test_section_6__qwen3.5_4b__attempt_051
2026-07-13 09:52:08 | RUN | 2756/4858 | test_section_6__qwen3.5_4b__attempt_052
2026-07-13 09:52:28 | RUN | 2757/4858 | test_section_6__qwen3.5_4b__attempt_053
2026-07-13 09:52:45 | RUN | 2758/4858 | test_section_6__qwen3.5_4b__attempt_054
2026-07-13 09:53:05 | RUN | 2759/4858 | test_section_6__qwen3.5_4b__attempt_055
2026-07-13 09:53:15 | RUN | 2760/4858 | test_section_6__qwen3.5_4b__attempt_056
2026-07-13 09:53:37 | RUN | 2761/4858 | test_section_6__qwen3.5_4b__attempt_057
2026-07-13 09:53:48 | RUN | 2762/4858 | test_section_6__qwen3.5_4b__attempt_058
2026-07-13 09:53:58 | RUN | 2763/4858 | test_section_6__qwen3.5_4b__attempt_059
2026-07-13 09:54:08 | RUN | 2764/4858 | test_section_6__qwen3.5_4b__attempt_060
2026-07-13 09:54:29 | RUN | 2765/4858 | test_section_6__qwen3.5_4b__attempt_061
2026-07-13 09:54:39 | RUN | 2766/4858 | test_section_6__qwen3.5_4b__attempt_062
2026-07-13 09:54:49 | RUN | 2767/4858 | test_section_6__qwen3.5_4b__attempt_063
2026-07-13 09:54:59 | RUN | 2768/4858 | test_section_6__qwen3.5_4b__attempt_064
2026-07-13 09:55:10 | RUN | 2769/4858 | test_section_6__qwen3.5_4b__attempt_065
2026-07-13 09:55:20 | RUN | 2770/4858 | test_section_6__qwen3.5_4b__attempt_066
2026-07-13 09:55:43 | RUN | 2771/4858 | test_section_6__qwen3.5_4b__attempt_067
2026-07-13 09:55:53 | RUN | 2772/4858 | test_section_6__qwen3.5_4b__attempt_068
2026-07-13 09:56:03 | RUN | 2773/4858 | test_section_6__qwen3.5_4b__attempt_069
2026-07-13 09:56:14 | RUN | 2774/4858 | test_section_6__qwen3.5_4b__attempt_070
2026-07-13 09:56:32 | RUN | 2775/4858 | test_section_6__qwen3.5_4b__attempt_071
2026-07-13 09:56:42 | RUN | 2776/4858 | test_section_6__qwen3.5_4b__attempt_072
2026-07-13 09:56:52 | RUN | 2777/4858 | test_section_6__qwen3.5_4b__attempt_073
2026-07-13 09:57:02 | RUN | 2778/4858 | test_section_6__qwen3.5_4b__attempt_074
2026-07-13 09:57:13 | RUN | 2779/4858 | test_section_6__qwen3.5_4b__attempt_075
2026-07-13 09:57:23 | RUN | 2780/4858 | test_section_6__qwen3.5_4b__attempt_076
2026-07-13 09:57:33 | RUN | 2781/4858 | test_section_6__qwen3.5_4b__attempt_077
2026-07-13 09:57:43 | RUN | 2782/4858 | test_section_6__qwen3.5_4b__attempt_078
2026-07-13 09:57:54 | RUN | 2783/4858 | test_section_6__qwen3.5_4b__attempt_079
2026-07-13 09:58:16 | RUN | 2784/4858 | test_section_6__qwen3.5_4b__attempt_080
2026-07-13 09:58:25 | RUN | 2785/4858 | test_section_6__qwen3.5_4b__attempt_081
2026-07-13 09:58:36 | RUN | 2786/4858 | test_section_6__qwen3.5_4b__attempt_082
2026-07-13 09:58:57 | RUN | 2787/4858 | test_section_6__qwen3.5_4b__attempt_083
2026-07-13 09:59:07 | RUN | 2788/4858 | test_section_6__qwen3.5_4b__attempt_084
2026-07-13 09:59:28 | RUN | 2789/4858 | test_section_6__qwen3.5_4b__attempt_085
2026-07-13 09:59:48 | RUN | 2790/4858 | test_section_6__qwen3.5_4b__attempt_086
2026-07-13 09:59:58 | RUN | 2791/4858 | test_section_6__qwen3.5_4b__attempt_087
2026-07-13 10:00:08 | RUN | 2792/4858 | test_section_6__qwen3.5_4b__attempt_088
2026-07-13 10:00:18 | RUN | 2793/4858 | test_section_6__qwen3.5_4b__attempt_089
2026-07-13 10:00:29 | RUN | 2794/4858 | test_section_6__qwen3.5_4b__attempt_090
2026-07-13 10:00:39 | RUN | 2795/4858 | test_section_6__qwen3.5_4b__attempt_091
2026-07-13 10:00:49 | RUN | 2796/4858 | test_section_6__qwen3.5_4b__attempt_092
2026-07-13 10:00:59 | RUN | 2797/4858 | test_section_6__qwen3.5_4b__attempt_093
2026-07-13 10:01:10 | RUN | 2798/4858 | test_section_6__qwen3.5_4b__attempt_094
2026-07-13 10:01:20 | RUN | 2799/4858 | test_section_6__qwen3.5_4b__attempt_096
2026-07-13 10:01:40 | RUN | 2800/4858 | test_section_6__qwen3.5_4b__attempt_097
2026-07-13 10:01:59 | RUN | 2801/4858 | test_section_6__qwen3.5_4b__attempt_098
2026-07-13 10:02:09 | RUN | 2802/4858 | test_section_6__qwen3.5_4b__attempt_099
2026-07-13 10:02:18 | RUN | 2803/4858 | test_section_6__qwen3.5_4b__attempt_100
2026-07-13 10:02:34 | RUN | 2804/4858 | test_section_7__Bielik-4.5B-v3.0-Instruct-GGUF_Q8_0__attempt_007
2026-07-13 10:02:52 | RUN | 2805/4858 | test_section_7__Bielik-4.5B-v3.0-Instruct-GGUF_Q8_0__attempt_016
2026-07-13 10:03:10 | RUN | 2806/4858 | test_section_7__Bielik-4.5B-v3.0-Instruct-GGUF_Q8_0__attempt_019
2026-07-13 10:03:26 | RUN | 2807/4858 | test_section_7__Bielik-4.5B-v3.0-Instruct-GGUF_Q8_0__attempt_021
2026-07-13 10:03:46 | RUN | 2808/4858 | test_section_7__Bielik-4.5B-v3.0-Instruct-GGUF_Q8_0__attempt_026
2026-07-13 10:04:03 | RUN | 2809/4858 | test_section_7__Bielik-4.5B-v3.0-Instruct-GGUF_Q8_0__attempt_031
2026-07-13 10:04:19 | RUN | 2810/4858 | test_section_7__Bielik-4.5B-v3.0-Instruct-GGUF_Q8_0__attempt_045
2026-07-13 10:04:36 | RUN | 2811/4858 | test_section_7__Bielik-4.5B-v3.0-Instruct-GGUF_Q8_0__attempt_046
2026-07-13 10:04:55 | RUN | 2812/4858 | test_section_7__Bielik-4.5B-v3.0-Instruct-GGUF_Q8_0__attempt_049
2026-07-13 10:05:12 | RUN | 2813/4858 | test_section_7__Bielik-4.5B-v3.0-Instruct-GGUF_Q8_0__attempt_051
2026-07-13 10:05:31 | RUN | 2814/4858 | test_section_7__Bielik-4.5B-v3.0-Instruct-GGUF_Q8_0__attempt_062
2026-07-13 10:05:50 | RUN | 2815/4858 | test_section_7__Bielik-4.5B-v3.0-Instruct-GGUF_Q8_0__attempt_063
2026-07-13 10:06:09 | RUN | 2816/4858 | test_section_7__Bielik-4.5B-v3.0-Instruct-GGUF_Q8_0__attempt_068
2026-07-13 10:06:28 | RUN | 2817/4858 | test_section_7__Bielik-4.5B-v3.0-Instruct-GGUF_Q8_0__attempt_072
2026-07-13 10:06:45 | RUN | 2818/4858 | test_section_7__Bielik-4.5B-v3.0-Instruct-GGUF_Q8_0__attempt_079
2026-07-13 10:07:01 | RUN | 2819/4858 | test_section_7__Bielik-4.5B-v3.0-Instruct-GGUF_Q8_0__attempt_084
2026-07-13 10:07:18 | RUN | 2820/4858 | test_section_7__Bielik-4.5B-v3.0-Instruct-GGUF_Q8_0__attempt_091
2026-07-13 10:07:36 | RUN | 2821/4858 | test_section_7__Bielik-4.5B-v3.0-Instruct-GGUF_Q8_0__attempt_094
2026-07-13 10:07:55 | RUN | 2822/4858 | test_section_7__Bielik-4.5B-v3.0-Instruct-GGUF_Q8_0__attempt_095
2026-07-13 10:08:13 | RUN | 2823/4858 | test_section_7__Bielik-4.5B-v3.0-Instruct-GGUF_Q8_0__attempt_098
2026-07-13 10:08:30 | RUN | 2824/4858 | test_section_7__deepseek-r1_8b__attempt_001
2026-07-13 10:08:40 | RUN | 2825/4858 | test_section_7__deepseek-r1_8b__attempt_002
2026-07-13 10:09:00 | RUN | 2826/4858 | test_section_7__deepseek-r1_8b__attempt_003
2026-07-13 10:09:10 | RUN | 2827/4858 | test_section_7__deepseek-r1_8b__attempt_004
2026-07-13 10:09:31 | RUN | 2828/4858 | test_section_7__deepseek-r1_8b__attempt_005
2026-07-13 10:09:52 | RUN | 2829/4858 | test_section_7__deepseek-r1_8b__attempt_006
2026-07-13 10:10:13 | RUN | 2830/4858 | test_section_7__deepseek-r1_8b__attempt_013
2026-07-13 10:10:23 | RUN | 2831/4858 | test_section_7__deepseek-r1_8b__attempt_014
2026-07-13 10:10:33 | RUN | 2832/4858 | test_section_7__deepseek-r1_8b__attempt_015
2026-07-13 10:10:54 | RUN | 2833/4858 | test_section_7__deepseek-r1_8b__attempt_016
2026-07-13 10:11:10 | RUN | 2834/4858 | test_section_7__deepseek-r1_8b__attempt_017
2026-07-13 10:11:30 | RUN | 2835/4858 | test_section_7__deepseek-r1_8b__attempt_019
2026-07-13 10:11:47 | RUN | 2836/4858 | test_section_7__deepseek-r1_8b__attempt_021
2026-07-13 10:11:56 | RUN | 2837/4858 | test_section_7__deepseek-r1_8b__attempt_022
2026-07-13 10:12:05 | RUN | 2838/4858 | test_section_7__deepseek-r1_8b__attempt_023
2026-07-13 10:12:15 | RUN | 2839/4858 | test_section_7__deepseek-r1_8b__attempt_024
2026-07-13 10:12:34 | RUN | 2840/4858 | test_section_7__deepseek-r1_8b__attempt_025
2026-07-13 10:12:59 | RUN | 2841/4858 | test_section_7__deepseek-r1_8b__attempt_028
2026-07-13 10:13:19 | RUN | 2842/4858 | test_section_7__deepseek-r1_8b__attempt_029
2026-07-13 10:13:39 | RUN | 2843/4858 | test_section_7__deepseek-r1_8b__attempt_033
2026-07-13 10:14:01 | RUN | 2844/4858 | test_section_7__deepseek-r1_8b__attempt_034
2026-07-13 10:14:22 | RUN | 2845/4858 | test_section_7__deepseek-r1_8b__attempt_036
2026-07-13 10:14:40 | RUN | 2846/4858 | test_section_7__deepseek-r1_8b__attempt_037
2026-07-13 10:15:00 | RUN | 2847/4858 | test_section_7__deepseek-r1_8b__attempt_039
2026-07-13 10:15:17 | RUN | 2848/4858 | test_section_7__deepseek-r1_8b__attempt_040
2026-07-13 10:15:38 | RUN | 2849/4858 | test_section_7__deepseek-r1_8b__attempt_041
2026-07-13 10:15:59 | RUN | 2850/4858 | test_section_7__deepseek-r1_8b__attempt_043
2026-07-13 10:16:18 | RUN | 2851/4858 | test_section_7__deepseek-r1_8b__attempt_045
2026-07-13 10:16:38 | RUN | 2852/4858 | test_section_7__deepseek-r1_8b__attempt_046
2026-07-13 10:16:59 | RUN | 2853/4858 | test_section_7__deepseek-r1_8b__attempt_047
2026-07-13 10:17:22 | RUN | 2854/4858 | test_section_7__deepseek-r1_8b__attempt_048
2026-07-13 10:17:43 | RUN | 2855/4858 | test_section_7__deepseek-r1_8b__attempt_049
2026-07-13 10:18:02 | RUN | 2856/4858 | test_section_7__deepseek-r1_8b__attempt_050
2026-07-13 10:18:21 | RUN | 2857/4858 | test_section_7__deepseek-r1_8b__attempt_052
2026-07-13 10:18:30 | RUN | 2858/4858 | test_section_7__deepseek-r1_8b__attempt_054
2026-07-13 10:18:52 | RUN | 2859/4858 | test_section_7__deepseek-r1_8b__attempt_055
2026-07-13 10:19:12 | RUN | 2860/4858 | test_section_7__deepseek-r1_8b__attempt_057
2026-07-13 10:19:31 | RUN | 2861/4858 | test_section_7__deepseek-r1_8b__attempt_058
2026-07-13 10:19:53 | RUN | 2862/4858 | test_section_7__deepseek-r1_8b__attempt_061
2026-07-13 10:20:11 | RUN | 2863/4858 | test_section_7__deepseek-r1_8b__attempt_062
2026-07-13 10:20:33 | RUN | 2864/4858 | test_section_7__deepseek-r1_8b__attempt_063
2026-07-13 10:20:43 | RUN | 2865/4858 | test_section_7__deepseek-r1_8b__attempt_064
2026-07-13 10:21:01 | RUN | 2866/4858 | test_section_7__deepseek-r1_8b__attempt_065
2026-07-13 10:21:24 | RUN | 2867/4858 | test_section_7__deepseek-r1_8b__attempt_066
2026-07-13 10:21:42 | RUN | 2868/4858 | test_section_7__deepseek-r1_8b__attempt_067
2026-07-13 10:21:52 | RUN | 2869/4858 | test_section_7__deepseek-r1_8b__attempt_068
2026-07-13 10:22:08 | RUN | 2870/4858 | test_section_7__deepseek-r1_8b__attempt_069
2026-07-13 10:22:17 | RUN | 2871/4858 | test_section_7__deepseek-r1_8b__attempt_070
2026-07-13 10:22:40 | RUN | 2872/4858 | test_section_7__deepseek-r1_8b__attempt_071
2026-07-13 10:22:58 | RUN | 2873/4858 | test_section_7__deepseek-r1_8b__attempt_073
2026-07-13 10:23:20 | RUN | 2874/4858 | test_section_7__deepseek-r1_8b__attempt_074
2026-07-13 10:23:29 | RUN | 2875/4858 | test_section_7__deepseek-r1_8b__attempt_077
2026-07-13 10:23:50 | RUN | 2876/4858 | test_section_7__deepseek-r1_8b__attempt_078
2026-07-13 10:24:11 | RUN | 2877/4858 | test_section_7__deepseek-r1_8b__attempt_079
2026-07-13 10:24:30 | RUN | 2878/4858 | test_section_7__deepseek-r1_8b__attempt_080
2026-07-13 10:24:50 | RUN | 2879/4858 | test_section_7__deepseek-r1_8b__attempt_081
2026-07-13 10:25:12 | RUN | 2880/4858 | test_section_7__deepseek-r1_8b__attempt_082
2026-07-13 10:25:23 | RUN | 2881/4858 | test_section_7__deepseek-r1_8b__attempt_083
2026-07-13 10:25:40 | RUN | 2882/4858 | test_section_7__deepseek-r1_8b__attempt_084
2026-07-13 10:26:01 | RUN | 2883/4858 | test_section_7__deepseek-r1_8b__attempt_085
2026-07-13 10:26:10 | RUN | 2884/4858 | test_section_7__deepseek-r1_8b__attempt_086
2026-07-13 10:26:32 | RUN | 2885/4858 | test_section_7__deepseek-r1_8b__attempt_089
2026-07-13 10:26:51 | RUN | 2886/4858 | test_section_7__deepseek-r1_8b__attempt_091
2026-07-13 10:27:12 | RUN | 2887/4858 | test_section_7__deepseek-r1_8b__attempt_092
2026-07-13 10:27:32 | RUN | 2888/4858 | test_section_7__deepseek-r1_8b__attempt_093
2026-07-13 10:27:51 | RUN | 2889/4858 | test_section_7__deepseek-r1_8b__attempt_094
2026-07-13 10:28:15 | RUN | 2890/4858 | test_section_7__deepseek-r1_8b__attempt_095
2026-07-13 10:28:37 | RUN | 2891/4858 | test_section_7__deepseek-r1_8b__attempt_098
2026-07-13 10:28:59 | RUN | 2892/4858 | test_section_7__deepseek-r1_8b__attempt_100
2026-07-13 10:29:18 | RUN | 2893/4858 | test_section_7__llama3.1_8b__attempt_001
2026-07-13 10:29:38 | RUN | 2894/4858 | test_section_7__llama3.1_8b__attempt_003
2026-07-13 10:29:59 | RUN | 2895/4858 | test_section_7__llama3.1_8b__attempt_004
2026-07-13 10:30:15 | RUN | 2896/4858 | test_section_7__llama3.1_8b__attempt_005
2026-07-13 10:30:33 | RUN | 2897/4858 | test_section_7__llama3.1_8b__attempt_006
2026-07-13 10:30:53 | RUN | 2898/4858 | test_section_7__llama3.1_8b__attempt_007
2026-07-13 10:31:10 | RUN | 2899/4858 | test_section_7__llama3.1_8b__attempt_008
2026-07-13 10:31:29 | RUN | 2900/4858 | test_section_7__llama3.1_8b__attempt_009
2026-07-13 10:31:49 | RUN | 2901/4858 | test_section_7__llama3.1_8b__attempt_010
2026-07-13 10:32:10 | RUN | 2902/4858 | test_section_7__llama3.1_8b__attempt_012
2026-07-13 10:32:29 | RUN | 2903/4858 | test_section_7__llama3.1_8b__attempt_013
2026-07-13 10:32:48 | RUN | 2904/4858 | test_section_7__llama3.1_8b__attempt_015
2026-07-13 10:33:08 | RUN | 2905/4858 | test_section_7__llama3.1_8b__attempt_016
2026-07-13 10:33:26 | RUN | 2906/4858 | test_section_7__llama3.1_8b__attempt_018
2026-07-13 10:33:46 | RUN | 2907/4858 | test_section_7__llama3.1_8b__attempt_019
2026-07-13 10:34:06 | RUN | 2908/4858 | test_section_7__llama3.1_8b__attempt_021
2026-07-13 10:34:22 | RUN | 2909/4858 | test_section_7__llama3.1_8b__attempt_022
2026-07-13 10:34:43 | RUN | 2910/4858 | test_section_7__llama3.1_8b__attempt_023
2026-07-13 10:35:02 | RUN | 2911/4858 | test_section_7__llama3.1_8b__attempt_025
2026-07-13 10:35:23 | RUN | 2912/4858 | test_section_7__llama3.1_8b__attempt_026
2026-07-13 10:35:43 | RUN | 2913/4858 | test_section_7__llama3.1_8b__attempt_027
2026-07-13 10:36:01 | RUN | 2914/4858 | test_section_7__llama3.1_8b__attempt_028
2026-07-13 10:36:21 | RUN | 2915/4858 | test_section_7__llama3.1_8b__attempt_029
2026-07-13 10:36:44 | RUN | 2916/4858 | test_section_7__llama3.1_8b__attempt_031
2026-07-13 10:37:04 | RUN | 2917/4858 | test_section_7__llama3.1_8b__attempt_032
2026-07-13 10:37:25 | RUN | 2918/4858 | test_section_7__llama3.1_8b__attempt_033
2026-07-13 10:37:45 | RUN | 2919/4858 | test_section_7__llama3.1_8b__attempt_035
2026-07-13 10:38:02 | RUN | 2920/4858 | test_section_7__llama3.1_8b__attempt_036
2026-07-13 10:38:26 | RUN | 2921/4858 | test_section_7__llama3.1_8b__attempt_038
2026-07-13 10:38:45 | RUN | 2922/4858 | test_section_7__llama3.1_8b__attempt_039
2026-07-13 10:39:05 | RUN | 2923/4858 | test_section_7__llama3.1_8b__attempt_040
2026-07-13 10:39:27 | RUN | 2924/4858 | test_section_7__llama3.1_8b__attempt_041
2026-07-13 10:39:44 | RUN | 2925/4858 | test_section_7__llama3.1_8b__attempt_044
2026-07-13 10:40:06 | RUN | 2926/4858 | test_section_7__llama3.1_8b__attempt_045
2026-07-13 10:40:31 | RUN | 2927/4858 | test_section_7__llama3.1_8b__attempt_047
2026-07-13 10:40:49 | RUN | 2928/4858 | test_section_7__llama3.1_8b__attempt_050
2026-07-13 10:41:08 | RUN | 2929/4858 | test_section_7__llama3.1_8b__attempt_051
2026-07-13 10:41:31 | RUN | 2930/4858 | test_section_7__llama3.1_8b__attempt_053
2026-07-13 10:41:42 | RUN | 2931/4858 | test_section_7__llama3.1_8b__attempt_054
2026-07-13 10:41:59 | RUN | 2932/4858 | test_section_7__llama3.1_8b__attempt_055
2026-07-13 10:42:21 | RUN | 2933/4858 | test_section_7__llama3.1_8b__attempt_056
2026-07-13 10:42:40 | RUN | 2934/4858 | test_section_7__llama3.1_8b__attempt_057
2026-07-13 10:43:00 | RUN | 2935/4858 | test_section_7__llama3.1_8b__attempt_059
2026-07-13 10:43:20 | RUN | 2936/4858 | test_section_7__llama3.1_8b__attempt_060
2026-07-13 10:43:37 | RUN | 2937/4858 | test_section_7__llama3.1_8b__attempt_062
2026-07-13 10:43:55 | RUN | 2938/4858 | test_section_7__llama3.1_8b__attempt_063
2026-07-13 10:44:14 | RUN | 2939/4858 | test_section_7__llama3.1_8b__attempt_066
2026-07-13 10:44:30 | RUN | 2940/4858 | test_section_7__llama3.1_8b__attempt_067
2026-07-13 10:44:54 | RUN | 2941/4858 | test_section_7__llama3.1_8b__attempt_068
2026-07-13 10:45:15 | RUN | 2942/4858 | test_section_7__llama3.1_8b__attempt_069
2026-07-13 10:45:34 | RUN | 2943/4858 | test_section_7__llama3.1_8b__attempt_070
2026-07-13 10:45:52 | RUN | 2944/4858 | test_section_7__llama3.1_8b__attempt_071
2026-07-13 10:46:08 | RUN | 2945/4858 | test_section_7__llama3.1_8b__attempt_072
2026-07-13 10:46:30 | RUN | 2946/4858 | test_section_7__llama3.1_8b__attempt_073
2026-07-13 10:46:50 | RUN | 2947/4858 | test_section_7__llama3.1_8b__attempt_075
2026-07-13 10:47:10 | RUN | 2948/4858 | test_section_7__llama3.1_8b__attempt_077
2026-07-13 10:47:28 | RUN | 2949/4858 | test_section_7__llama3.1_8b__attempt_079
2026-07-13 10:47:50 | RUN | 2950/4858 | test_section_7__llama3.1_8b__attempt_081
2026-07-13 10:48:09 | RUN | 2951/4858 | test_section_7__llama3.1_8b__attempt_082
2026-07-13 10:48:27 | RUN | 2952/4858 | test_section_7__llama3.1_8b__attempt_083
2026-07-13 10:48:46 | RUN | 2953/4858 | test_section_7__llama3.1_8b__attempt_085
2026-07-13 10:49:05 | RUN | 2954/4858 | test_section_7__llama3.1_8b__attempt_088
2026-07-13 10:49:25 | RUN | 2955/4858 | test_section_7__llama3.1_8b__attempt_091
2026-07-13 10:49:46 | RUN | 2956/4858 | test_section_7__llama3.1_8b__attempt_094
2026-07-13 10:50:04 | RUN | 2957/4858 | test_section_7__llama3.1_8b__attempt_095
2026-07-13 10:50:26 | RUN | 2958/4858 | test_section_7__llama3.1_8b__attempt_097
2026-07-13 10:50:43 | RUN | 2959/4858 | test_section_7__llama3.1_8b__attempt_098
2026-07-13 10:50:59 | RUN | 2960/4858 | test_section_7__llama3.1_8b__attempt_099
2026-07-13 10:51:18 | RUN | 2961/4858 | test_section_7__llama3.1_8b__attempt_100
2026-07-13 10:51:35 | RUN | 2962/4858 | test_section_7__ministral-3_3b__attempt_001
2026-07-13 10:51:44 | RUN | 2963/4858 | test_section_7__ministral-3_3b__attempt_003
2026-07-13 10:52:04 | RUN | 2964/4858 | test_section_7__ministral-3_3b__attempt_004
2026-07-13 10:52:14 | RUN | 2965/4858 | test_section_7__ministral-3_3b__attempt_007
2026-07-13 10:52:32 | RUN | 2966/4858 | test_section_7__ministral-3_3b__attempt_008
2026-07-13 10:52:51 | RUN | 2967/4858 | test_section_7__ministral-3_3b__attempt_009
2026-07-13 10:53:14 | RUN | 2968/4858 | test_section_7__ministral-3_3b__attempt_011
2026-07-13 10:53:30 | RUN | 2969/4858 | test_section_7__ministral-3_3b__attempt_012
2026-07-13 10:53:39 | RUN | 2970/4858 | test_section_7__ministral-3_3b__attempt_013
2026-07-13 10:54:00 | RUN | 2971/4858 | test_section_7__ministral-3_3b__attempt_015
2026-07-13 10:54:17 | RUN | 2972/4858 | test_section_7__ministral-3_3b__attempt_021
2026-07-13 10:54:27 | RUN | 2973/4858 | test_section_7__ministral-3_3b__attempt_024
2026-07-13 10:54:44 | RUN | 2974/4858 | test_section_7__ministral-3_3b__attempt_026
2026-07-13 10:55:04 | RUN | 2975/4858 | test_section_7__ministral-3_3b__attempt_027
2026-07-13 10:55:28 | RUN | 2976/4858 | test_section_7__ministral-3_3b__attempt_028
2026-07-13 10:55:47 | RUN | 2977/4858 | test_section_7__ministral-3_3b__attempt_029
2026-07-13 10:56:04 | RUN | 2978/4858 | test_section_7__ministral-3_3b__attempt_031
2026-07-13 10:56:24 | RUN | 2979/4858 | test_section_7__ministral-3_3b__attempt_034
2026-07-13 10:56:43 | RUN | 2980/4858 | test_section_7__ministral-3_3b__attempt_035
2026-07-13 10:57:03 | RUN | 2981/4858 | test_section_7__ministral-3_3b__attempt_036
2026-07-13 10:57:28 | RUN | 2982/4858 | test_section_7__ministral-3_3b__attempt_037
2026-07-13 10:57:49 | RUN | 2983/4858 | test_section_7__ministral-3_3b__attempt_038
2026-07-13 10:58:11 | RUN | 2984/4858 | test_section_7__ministral-3_3b__attempt_041
2026-07-13 10:58:31 | RUN | 2985/4858 | test_section_7__ministral-3_3b__attempt_045
2026-07-13 10:58:50 | RUN | 2986/4858 | test_section_7__ministral-3_3b__attempt_048
2026-07-13 10:59:11 | RUN | 2987/4858 | test_section_7__ministral-3_3b__attempt_049
2026-07-13 10:59:27 | RUN | 2988/4858 | test_section_7__ministral-3_3b__attempt_050
2026-07-13 10:59:47 | RUN | 2989/4858 | test_section_7__ministral-3_3b__attempt_051
2026-07-13 11:00:05 | RUN | 2990/4858 | test_section_7__ministral-3_3b__attempt_052
2026-07-13 11:00:15 | RUN | 2991/4858 | test_section_7__ministral-3_3b__attempt_054
2026-07-13 11:00:33 | RUN | 2992/4858 | test_section_7__ministral-3_3b__attempt_057
2026-07-13 11:00:51 | RUN | 2993/4858 | test_section_7__ministral-3_3b__attempt_058
2026-07-13 11:01:09 | RUN | 2994/4858 | test_section_7__ministral-3_3b__attempt_060
2026-07-13 11:01:26 | RUN | 2995/4858 | test_section_7__ministral-3_3b__attempt_062
2026-07-13 11:01:35 | RUN | 2996/4858 | test_section_7__ministral-3_3b__attempt_064
2026-07-13 11:01:45 | RUN | 2997/4858 | test_section_7__ministral-3_3b__attempt_067
2026-07-13 11:02:04 | RUN | 2998/4858 | test_section_7__ministral-3_3b__attempt_068
2026-07-13 11:02:21 | RUN | 2999/4858 | test_section_7__ministral-3_3b__attempt_071
2026-07-13 11:02:31 | RUN | 3000/4858 | test_section_7__ministral-3_3b__attempt_072
2026-07-13 11:02:54 | RUN | 3001/4858 | test_section_7__ministral-3_3b__attempt_077
2026-07-13 11:03:16 | RUN | 3002/4858 | test_section_7__ministral-3_3b__attempt_078
2026-07-13 11:03:36 | RUN | 3003/4858 | test_section_7__ministral-3_3b__attempt_079
2026-07-13 11:03:57 | RUN | 3004/4858 | test_section_7__ministral-3_3b__attempt_081
2026-07-13 11:04:16 | RUN | 3005/4858 | test_section_7__ministral-3_3b__attempt_083
2026-07-13 11:04:37 | RUN | 3006/4858 | test_section_7__ministral-3_3b__attempt_084
2026-07-13 11:04:54 | RUN | 3007/4858 | test_section_7__ministral-3_3b__attempt_085
2026-07-13 11:05:12 | RUN | 3008/4858 | test_section_7__ministral-3_3b__attempt_087
2026-07-13 11:05:31 | RUN | 3009/4858 | test_section_7__ministral-3_3b__attempt_089
2026-07-13 11:05:51 | RUN | 3010/4858 | test_section_7__ministral-3_3b__attempt_091
2026-07-13 11:06:14 | RUN | 3011/4858 | test_section_7__ministral-3_3b__attempt_092
2026-07-13 11:06:24 | RUN | 3012/4858 | test_section_7__ministral-3_3b__attempt_094
2026-07-13 11:06:51 | RUN | 3013/4858 | test_section_7__ministral-3_3b__attempt_095
2026-07-13 11:07:09 | RUN | 3014/4858 | test_section_7__ministral-3_3b__attempt_096
2026-07-13 11:07:32 | RUN | 3015/4858 | test_section_7__ministral-3_3b__attempt_099
2026-07-13 11:07:42 | RUN | 3016/4858 | test_section_7__qwen3.5_4b__attempt_001
2026-07-13 11:07:50 | RUN | 3017/4858 | test_section_7__qwen3.5_4b__attempt_003
2026-07-13 11:07:59 | RUN | 3018/4858 | test_section_7__qwen3.5_4b__attempt_004
2026-07-13 11:08:08 | RUN | 3019/4858 | test_section_7__qwen3.5_4b__attempt_005
2026-07-13 11:08:18 | RUN | 3020/4858 | test_section_7__qwen3.5_4b__attempt_007
2026-07-13 11:08:36 | RUN | 3021/4858 | test_section_7__qwen3.5_4b__attempt_008
2026-07-13 11:08:52 | RUN | 3022/4858 | test_section_7__qwen3.5_4b__attempt_009
2026-07-13 11:09:01 | RUN | 3023/4858 | test_section_7__qwen3.5_4b__attempt_011
2026-07-13 11:09:11 | RUN | 3024/4858 | test_section_7__qwen3.5_4b__attempt_012
2026-07-13 11:09:30 | RUN | 3025/4858 | test_section_7__qwen3.5_4b__attempt_013
2026-07-13 11:09:49 | RUN | 3026/4858 | test_section_7__qwen3.5_4b__attempt_014
2026-07-13 11:09:58 | RUN | 3027/4858 | test_section_7__qwen3.5_4b__attempt_015
2026-07-13 11:10:07 | RUN | 3028/4858 | test_section_7__qwen3.5_4b__attempt_016
2026-07-13 11:10:17 | RUN | 3029/4858 | test_section_7__qwen3.5_4b__attempt_018
2026-07-13 11:10:37 | RUN | 3030/4858 | test_section_7__qwen3.5_4b__attempt_020
2026-07-13 11:10:56 | RUN | 3031/4858 | test_section_7__qwen3.5_4b__attempt_021
2026-07-13 11:11:16 | RUN | 3032/4858 | test_section_7__qwen3.5_4b__attempt_022
2026-07-13 11:11:37 | RUN | 3033/4858 | test_section_7__qwen3.5_4b__attempt_023
2026-07-13 11:11:46 | RUN | 3034/4858 | test_section_7__qwen3.5_4b__attempt_024
2026-07-13 11:11:56 | RUN | 3035/4858 | test_section_7__qwen3.5_4b__attempt_025
2026-07-13 11:12:06 | RUN | 3036/4858 | test_section_7__qwen3.5_4b__attempt_026
2026-07-13 11:12:15 | RUN | 3037/4858 | test_section_7__qwen3.5_4b__attempt_027
2026-07-13 11:12:25 | RUN | 3038/4858 | test_section_7__qwen3.5_4b__attempt_029
2026-07-13 11:12:34 | RUN | 3039/4858 | test_section_7__qwen3.5_4b__attempt_031
2026-07-13 11:12:44 | RUN | 3040/4858 | test_section_7__qwen3.5_4b__attempt_032
2026-07-13 11:12:53 | RUN | 3041/4858 | test_section_7__qwen3.5_4b__attempt_033
2026-07-13 11:13:03 | RUN | 3042/4858 | test_section_7__qwen3.5_4b__attempt_035
2026-07-13 11:13:22 | RUN | 3043/4858 | test_section_7__qwen3.5_4b__attempt_036
2026-07-13 11:13:32 | RUN | 3044/4858 | test_section_7__qwen3.5_4b__attempt_037
2026-07-13 11:13:42 | RUN | 3045/4858 | test_section_7__qwen3.5_4b__attempt_038
2026-07-13 11:14:02 | RUN | 3046/4858 | test_section_7__qwen3.5_4b__attempt_039
2026-07-13 11:14:18 | RUN | 3047/4858 | test_section_7__qwen3.5_4b__attempt_040
2026-07-13 11:14:28 | RUN | 3048/4858 | test_section_7__qwen3.5_4b__attempt_041
2026-07-13 11:14:49 | RUN | 3049/4858 | test_section_7__qwen3.5_4b__attempt_042
2026-07-13 11:14:59 | RUN | 3050/4858 | test_section_7__qwen3.5_4b__attempt_044
2026-07-13 11:15:08 | RUN | 3051/4858 | test_section_7__qwen3.5_4b__attempt_047
2026-07-13 11:15:26 | RUN | 3052/4858 | test_section_7__qwen3.5_4b__attempt_048
2026-07-13 11:15:35 | RUN | 3053/4858 | test_section_7__qwen3.5_4b__attempt_049
2026-07-13 11:15:45 | RUN | 3054/4858 | test_section_7__qwen3.5_4b__attempt_050
2026-07-13 11:16:03 | RUN | 3055/4858 | test_section_7__qwen3.5_4b__attempt_051
2026-07-13 11:16:27 | RUN | 3056/4858 | test_section_7__qwen3.5_4b__attempt_054
2026-07-13 11:16:37 | RUN | 3057/4858 | test_section_7__qwen3.5_4b__attempt_055
2026-07-13 11:16:52 | RUN | 3058/4858 | test_section_7__qwen3.5_4b__attempt_056
2026-07-13 11:17:12 | RUN | 3059/4858 | test_section_7__qwen3.5_4b__attempt_057
2026-07-13 11:17:34 | RUN | 3060/4858 | test_section_7__qwen3.5_4b__attempt_058
2026-07-13 11:17:43 | RUN | 3061/4858 | test_section_7__qwen3.5_4b__attempt_060
2026-07-13 11:17:53 | RUN | 3062/4858 | test_section_7__qwen3.5_4b__attempt_061
2026-07-13 11:18:02 | RUN | 3063/4858 | test_section_7__qwen3.5_4b__attempt_062
2026-07-13 11:18:11 | RUN | 3064/4858 | test_section_7__qwen3.5_4b__attempt_063
2026-07-13 11:18:20 | RUN | 3065/4858 | test_section_7__qwen3.5_4b__attempt_066
2026-07-13 11:18:30 | RUN | 3066/4858 | test_section_7__qwen3.5_4b__attempt_067
2026-07-13 11:18:39 | RUN | 3067/4858 | test_section_7__qwen3.5_4b__attempt_068
2026-07-13 11:18:48 | RUN | 3068/4858 | test_section_7__qwen3.5_4b__attempt_069
2026-07-13 11:18:58 | RUN | 3069/4858 | test_section_7__qwen3.5_4b__attempt_070
2026-07-13 11:19:07 | RUN | 3070/4858 | test_section_7__qwen3.5_4b__attempt_072
2026-07-13 11:19:16 | RUN | 3071/4858 | test_section_7__qwen3.5_4b__attempt_074
2026-07-13 11:19:27 | RUN | 3072/4858 | test_section_7__qwen3.5_4b__attempt_076
2026-07-13 11:19:37 | RUN | 3073/4858 | test_section_7__qwen3.5_4b__attempt_077
2026-07-13 11:19:46 | RUN | 3074/4858 | test_section_7__qwen3.5_4b__attempt_079
2026-07-13 11:19:55 | RUN | 3075/4858 | test_section_7__qwen3.5_4b__attempt_080
2026-07-13 11:20:19 | RUN | 3076/4858 | test_section_7__qwen3.5_4b__attempt_081
2026-07-13 11:20:29 | RUN | 3077/4858 | test_section_7__qwen3.5_4b__attempt_082
2026-07-13 11:20:49 | RUN | 3078/4858 | test_section_7__qwen3.5_4b__attempt_083
2026-07-13 11:20:59 | RUN | 3079/4858 | test_section_7__qwen3.5_4b__attempt_084
2026-07-13 11:21:08 | RUN | 3080/4858 | test_section_7__qwen3.5_4b__attempt_085
2026-07-13 11:21:17 | RUN | 3081/4858 | test_section_7__qwen3.5_4b__attempt_087
2026-07-13 11:21:27 | RUN | 3082/4858 | test_section_7__qwen3.5_4b__attempt_088
2026-07-13 11:21:49 | RUN | 3083/4858 | test_section_7__qwen3.5_4b__attempt_089
2026-07-13 11:21:58 | RUN | 3084/4858 | test_section_7__qwen3.5_4b__attempt_090
2026-07-13 11:22:19 | RUN | 3085/4858 | test_section_7__qwen3.5_4b__attempt_091
2026-07-13 11:22:29 | RUN | 3086/4858 | test_section_7__qwen3.5_4b__attempt_092
2026-07-13 11:22:53 | RUN | 3087/4858 | test_section_7__qwen3.5_4b__attempt_093
2026-07-13 11:23:02 | RUN | 3088/4858 | test_section_7__qwen3.5_4b__attempt_094
2026-07-13 11:23:21 | RUN | 3089/4858 | test_section_7__qwen3.5_4b__attempt_095
2026-07-13 11:23:31 | RUN | 3090/4858 | test_section_7__qwen3.5_4b__attempt_096
2026-07-13 11:23:40 | RUN | 3091/4858 | test_section_7__qwen3.5_4b__attempt_098
2026-07-13 11:23:49 | RUN | 3092/4858 | test_section_7__qwen3.5_4b__attempt_099
2026-07-13 11:23:59 | RUN | 3093/4858 | test_section_7__qwen3.5_4b__attempt_100
2026-07-13 11:24:09 | RUN | 3094/4858 | vocabulary_antonym__Bielik-4.5B-v3.0-Instruct-GGUF_Q8_0__attempt_001
2026-07-13 11:24:18 | RUN | 3095/4858 | vocabulary_antonym__Bielik-4.5B-v3.0-Instruct-GGUF_Q8_0__attempt_002
2026-07-13 11:24:35 | RUN | 3096/4858 | vocabulary_antonym__Bielik-4.5B-v3.0-Instruct-GGUF_Q8_0__attempt_003
2026-07-13 11:24:52 | RUN | 3097/4858 | vocabulary_antonym__Bielik-4.5B-v3.0-Instruct-GGUF_Q8_0__attempt_004
2026-07-13 11:25:02 | RUN | 3098/4858 | vocabulary_antonym__Bielik-4.5B-v3.0-Instruct-GGUF_Q8_0__attempt_006
2026-07-13 11:25:13 | RUN | 3099/4858 | vocabulary_antonym__Bielik-4.5B-v3.0-Instruct-GGUF_Q8_0__attempt_008
2026-07-13 11:25:24 | RUN | 3100/4858 | vocabulary_antonym__Bielik-4.5B-v3.0-Instruct-GGUF_Q8_0__attempt_009
2026-07-13 11:25:38 | RUN | 3101/4858 | vocabulary_antonym__Bielik-4.5B-v3.0-Instruct-GGUF_Q8_0__attempt_010
2026-07-13 11:25:54 | RUN | 3102/4858 | vocabulary_antonym__Bielik-4.5B-v3.0-Instruct-GGUF_Q8_0__attempt_011
2026-07-13 11:26:08 | RUN | 3103/4858 | vocabulary_antonym__Bielik-4.5B-v3.0-Instruct-GGUF_Q8_0__attempt_012
2026-07-13 11:26:18 | RUN | 3104/4858 | vocabulary_antonym__Bielik-4.5B-v3.0-Instruct-GGUF_Q8_0__attempt_013
2026-07-13 11:26:27 | RUN | 3105/4858 | vocabulary_antonym__Bielik-4.5B-v3.0-Instruct-GGUF_Q8_0__attempt_014
2026-07-13 11:26:41 | RUN | 3106/4858 | vocabulary_antonym__Bielik-4.5B-v3.0-Instruct-GGUF_Q8_0__attempt_015
2026-07-13 11:26:51 | RUN | 3107/4858 | vocabulary_antonym__Bielik-4.5B-v3.0-Instruct-GGUF_Q8_0__attempt_016
2026-07-13 11:27:00 | RUN | 3108/4858 | vocabulary_antonym__Bielik-4.5B-v3.0-Instruct-GGUF_Q8_0__attempt_017
2026-07-13 11:27:14 | RUN | 3109/4858 | vocabulary_antonym__Bielik-4.5B-v3.0-Instruct-GGUF_Q8_0__attempt_018
2026-07-13 11:27:25 | RUN | 3110/4858 | vocabulary_antonym__Bielik-4.5B-v3.0-Instruct-GGUF_Q8_0__attempt_019
2026-07-13 11:27:40 | RUN | 3111/4858 | vocabulary_antonym__Bielik-4.5B-v3.0-Instruct-GGUF_Q8_0__attempt_020
2026-07-13 11:27:50 | RUN | 3112/4858 | vocabulary_antonym__Bielik-4.5B-v3.0-Instruct-GGUF_Q8_0__attempt_021
2026-07-13 11:28:04 | RUN | 3113/4858 | vocabulary_antonym__Bielik-4.5B-v3.0-Instruct-GGUF_Q8_0__attempt_022
2026-07-13 11:28:18 | RUN | 3114/4858 | vocabulary_antonym__Bielik-4.5B-v3.0-Instruct-GGUF_Q8_0__attempt_023
2026-07-13 11:28:32 | RUN | 3115/4858 | vocabulary_antonym__Bielik-4.5B-v3.0-Instruct-GGUF_Q8_0__attempt_024
2026-07-13 11:28:43 | RUN | 3116/4858 | vocabulary_antonym__Bielik-4.5B-v3.0-Instruct-GGUF_Q8_0__attempt_025
2026-07-13 11:28:52 | RUN | 3117/4858 | vocabulary_antonym__Bielik-4.5B-v3.0-Instruct-GGUF_Q8_0__attempt_026
2026-07-13 11:29:02 | RUN | 3118/4858 | vocabulary_antonym__Bielik-4.5B-v3.0-Instruct-GGUF_Q8_0__attempt_027
2026-07-13 11:29:11 | RUN | 3119/4858 | vocabulary_antonym__Bielik-4.5B-v3.0-Instruct-GGUF_Q8_0__attempt_028
2026-07-13 11:29:21 | RUN | 3120/4858 | vocabulary_antonym__Bielik-4.5B-v3.0-Instruct-GGUF_Q8_0__attempt_029
2026-07-13 11:29:32 | RUN | 3121/4858 | vocabulary_antonym__Bielik-4.5B-v3.0-Instruct-GGUF_Q8_0__attempt_030
2026-07-13 11:29:42 | RUN | 3122/4858 | vocabulary_antonym__Bielik-4.5B-v3.0-Instruct-GGUF_Q8_0__attempt_031
2026-07-13 11:29:56 | RUN | 3123/4858 | vocabulary_antonym__Bielik-4.5B-v3.0-Instruct-GGUF_Q8_0__attempt_032
2026-07-13 11:30:07 | RUN | 3124/4858 | vocabulary_antonym__Bielik-4.5B-v3.0-Instruct-GGUF_Q8_0__attempt_033
2026-07-13 11:30:21 | RUN | 3125/4858 | vocabulary_antonym__Bielik-4.5B-v3.0-Instruct-GGUF_Q8_0__attempt_034
2026-07-13 11:30:39 | RUN | 3126/4858 | vocabulary_antonym__Bielik-4.5B-v3.0-Instruct-GGUF_Q8_0__attempt_035
2026-07-13 11:30:50 | RUN | 3127/4858 | vocabulary_antonym__Bielik-4.5B-v3.0-Instruct-GGUF_Q8_0__attempt_036
2026-07-13 11:31:04 | RUN | 3128/4858 | vocabulary_antonym__Bielik-4.5B-v3.0-Instruct-GGUF_Q8_0__attempt_037
2026-07-13 11:31:15 | RUN | 3129/4858 | vocabulary_antonym__Bielik-4.5B-v3.0-Instruct-GGUF_Q8_0__attempt_038
2026-07-13 11:31:26 | RUN | 3130/4858 | vocabulary_antonym__Bielik-4.5B-v3.0-Instruct-GGUF_Q8_0__attempt_039
2026-07-13 11:31:40 | RUN | 3131/4858 | vocabulary_antonym__Bielik-4.5B-v3.0-Instruct-GGUF_Q8_0__attempt_041
2026-07-13 11:31:49 | RUN | 3132/4858 | vocabulary_antonym__Bielik-4.5B-v3.0-Instruct-GGUF_Q8_0__attempt_042
2026-07-13 11:32:02 | RUN | 3133/4858 | vocabulary_antonym__Bielik-4.5B-v3.0-Instruct-GGUF_Q8_0__attempt_044
2026-07-13 11:32:13 | RUN | 3134/4858 | vocabulary_antonym__Bielik-4.5B-v3.0-Instruct-GGUF_Q8_0__attempt_045
2026-07-13 11:32:28 | RUN | 3135/4858 | vocabulary_antonym__Bielik-4.5B-v3.0-Instruct-GGUF_Q8_0__attempt_046
2026-07-13 11:32:37 | RUN | 3136/4858 | vocabulary_antonym__Bielik-4.5B-v3.0-Instruct-GGUF_Q8_0__attempt_047
2026-07-13 11:32:46 | RUN | 3137/4858 | vocabulary_antonym__Bielik-4.5B-v3.0-Instruct-GGUF_Q8_0__attempt_048
2026-07-13 11:32:56 | RUN | 3138/4858 | vocabulary_antonym__Bielik-4.5B-v3.0-Instruct-GGUF_Q8_0__attempt_049
2026-07-13 11:33:12 | RUN | 3139/4858 | vocabulary_antonym__Bielik-4.5B-v3.0-Instruct-GGUF_Q8_0__attempt_050
2026-07-13 11:33:26 | RUN | 3140/4858 | vocabulary_antonym__Bielik-4.5B-v3.0-Instruct-GGUF_Q8_0__attempt_051
2026-07-13 11:33:35 | RUN | 3141/4858 | vocabulary_antonym__Bielik-4.5B-v3.0-Instruct-GGUF_Q8_0__attempt_052
2026-07-13 11:33:52 | RUN | 3142/4858 | vocabulary_antonym__Bielik-4.5B-v3.0-Instruct-GGUF_Q8_0__attempt_053
2026-07-13 11:34:11 | RUN | 3143/4858 | vocabulary_antonym__Bielik-4.5B-v3.0-Instruct-GGUF_Q8_0__attempt_054
2026-07-13 11:34:26 | RUN | 3144/4858 | vocabulary_antonym__Bielik-4.5B-v3.0-Instruct-GGUF_Q8_0__attempt_055
2026-07-13 11:34:37 | RUN | 3145/4858 | vocabulary_antonym__Bielik-4.5B-v3.0-Instruct-GGUF_Q8_0__attempt_056
2026-07-13 11:34:51 | RUN | 3146/4858 | vocabulary_antonym__Bielik-4.5B-v3.0-Instruct-GGUF_Q8_0__attempt_058
2026-07-13 11:35:00 | RUN | 3147/4858 | vocabulary_antonym__Bielik-4.5B-v3.0-Instruct-GGUF_Q8_0__attempt_059
2026-07-13 11:35:15 | RUN | 3148/4858 | vocabulary_antonym__Bielik-4.5B-v3.0-Instruct-GGUF_Q8_0__attempt_061
2026-07-13 11:35:26 | RUN | 3149/4858 | vocabulary_antonym__Bielik-4.5B-v3.0-Instruct-GGUF_Q8_0__attempt_062
2026-07-13 11:35:42 | RUN | 3150/4858 | vocabulary_antonym__Bielik-4.5B-v3.0-Instruct-GGUF_Q8_0__attempt_063
2026-07-13 11:35:58 | RUN | 3151/4858 | vocabulary_antonym__Bielik-4.5B-v3.0-Instruct-GGUF_Q8_0__attempt_064
2026-07-13 11:36:09 | RUN | 3152/4858 | vocabulary_antonym__Bielik-4.5B-v3.0-Instruct-GGUF_Q8_0__attempt_065
2026-07-13 11:36:19 | RUN | 3153/4858 | vocabulary_antonym__Bielik-4.5B-v3.0-Instruct-GGUF_Q8_0__attempt_066
2026-07-13 11:36:28 | RUN | 3154/4858 | vocabulary_antonym__Bielik-4.5B-v3.0-Instruct-GGUF_Q8_0__attempt_067
2026-07-13 11:36:40 | RUN | 3155/4858 | vocabulary_antonym__Bielik-4.5B-v3.0-Instruct-GGUF_Q8_0__attempt_068
2026-07-13 11:36:49 | RUN | 3156/4858 | vocabulary_antonym__Bielik-4.5B-v3.0-Instruct-GGUF_Q8_0__attempt_069
2026-07-13 11:37:00 | RUN | 3157/4858 | vocabulary_antonym__Bielik-4.5B-v3.0-Instruct-GGUF_Q8_0__attempt_070
2026-07-13 11:37:17 | RUN | 3158/4858 | vocabulary_antonym__Bielik-4.5B-v3.0-Instruct-GGUF_Q8_0__attempt_071
2026-07-13 11:37:26 | RUN | 3159/4858 | vocabulary_antonym__Bielik-4.5B-v3.0-Instruct-GGUF_Q8_0__attempt_072
2026-07-13 11:37:36 | RUN | 3160/4858 | vocabulary_antonym__Bielik-4.5B-v3.0-Instruct-GGUF_Q8_0__attempt_073
2026-07-13 11:37:47 | RUN | 3161/4858 | vocabulary_antonym__Bielik-4.5B-v3.0-Instruct-GGUF_Q8_0__attempt_074
2026-07-13 11:38:02 | RUN | 3162/4858 | vocabulary_antonym__Bielik-4.5B-v3.0-Instruct-GGUF_Q8_0__attempt_075
2026-07-13 11:38:20 | RUN | 3163/4858 | vocabulary_antonym__Bielik-4.5B-v3.0-Instruct-GGUF_Q8_0__attempt_076
2026-07-13 11:38:34 | RUN | 3164/4858 | vocabulary_antonym__Bielik-4.5B-v3.0-Instruct-GGUF_Q8_0__attempt_077
2026-07-13 11:38:44 | RUN | 3165/4858 | vocabulary_antonym__Bielik-4.5B-v3.0-Instruct-GGUF_Q8_0__attempt_078
2026-07-13 11:38:54 | RUN | 3166/4858 | vocabulary_antonym__Bielik-4.5B-v3.0-Instruct-GGUF_Q8_0__attempt_079
2026-07-13 11:39:04 | RUN | 3167/4858 | vocabulary_antonym__Bielik-4.5B-v3.0-Instruct-GGUF_Q8_0__attempt_080
2026-07-13 11:39:13 | RUN | 3168/4858 | vocabulary_antonym__Bielik-4.5B-v3.0-Instruct-GGUF_Q8_0__attempt_081
2026-07-13 11:39:27 | RUN | 3169/4858 | vocabulary_antonym__Bielik-4.5B-v3.0-Instruct-GGUF_Q8_0__attempt_083
2026-07-13 11:39:37 | RUN | 3170/4858 | vocabulary_antonym__Bielik-4.5B-v3.0-Instruct-GGUF_Q8_0__attempt_084
2026-07-13 11:39:48 | RUN | 3171/4858 | vocabulary_antonym__Bielik-4.5B-v3.0-Instruct-GGUF_Q8_0__attempt_087
2026-07-13 11:39:59 | RUN | 3172/4858 | vocabulary_antonym__Bielik-4.5B-v3.0-Instruct-GGUF_Q8_0__attempt_088
2026-07-13 11:40:09 | RUN | 3173/4858 | vocabulary_antonym__Bielik-4.5B-v3.0-Instruct-GGUF_Q8_0__attempt_089
2026-07-13 11:40:26 | RUN | 3174/4858 | vocabulary_antonym__Bielik-4.5B-v3.0-Instruct-GGUF_Q8_0__attempt_090
2026-07-13 11:40:41 | RUN | 3175/4858 | vocabulary_antonym__Bielik-4.5B-v3.0-Instruct-GGUF_Q8_0__attempt_091
2026-07-13 11:40:52 | RUN | 3176/4858 | vocabulary_antonym__Bielik-4.5B-v3.0-Instruct-GGUF_Q8_0__attempt_092
2026-07-13 11:41:06 | RUN | 3177/4858 | vocabulary_antonym__Bielik-4.5B-v3.0-Instruct-GGUF_Q8_0__attempt_093
2026-07-13 11:41:15 | RUN | 3178/4858 | vocabulary_antonym__Bielik-4.5B-v3.0-Instruct-GGUF_Q8_0__attempt_094
2026-07-13 11:41:24 | RUN | 3179/4858 | vocabulary_antonym__Bielik-4.5B-v3.0-Instruct-GGUF_Q8_0__attempt_095
2026-07-13 11:41:33 | RUN | 3180/4858 | vocabulary_antonym__Bielik-4.5B-v3.0-Instruct-GGUF_Q8_0__attempt_096
2026-07-13 11:41:43 | RUN | 3181/4858 | vocabulary_antonym__Bielik-4.5B-v3.0-Instruct-GGUF_Q8_0__attempt_097
2026-07-13 11:41:54 | RUN | 3182/4858 | vocabulary_antonym__Bielik-4.5B-v3.0-Instruct-GGUF_Q8_0__attempt_098
2026-07-13 11:42:05 | RUN | 3183/4858 | vocabulary_antonym__Bielik-4.5B-v3.0-Instruct-GGUF_Q8_0__attempt_099
2026-07-13 11:42:18 | RUN | 3184/4858 | vocabulary_antonym__Bielik-4.5B-v3.0-Instruct-GGUF_Q8_0__attempt_100
2026-07-13 11:42:34 | RUN | 3185/4858 | vocabulary_antonym__deepseek-r1_8b__attempt_002
2026-07-13 11:42:47 | RUN | 3186/4858 | vocabulary_antonym__deepseek-r1_8b__attempt_003
2026-07-13 11:42:56 | RUN | 3187/4858 | vocabulary_antonym__deepseek-r1_8b__attempt_004
2026-07-13 11:43:13 | RUN | 3188/4858 | vocabulary_antonym__deepseek-r1_8b__attempt_005
2026-07-13 11:43:22 | RUN | 3189/4858 | vocabulary_antonym__deepseek-r1_8b__attempt_006
2026-07-13 11:43:31 | RUN | 3190/4858 | vocabulary_antonym__deepseek-r1_8b__attempt_007
2026-07-13 11:43:47 | RUN | 3191/4858 | vocabulary_antonym__deepseek-r1_8b__attempt_008
2026-07-13 11:44:03 | RUN | 3192/4858 | vocabulary_antonym__deepseek-r1_8b__attempt_009
2026-07-13 11:44:17 | RUN | 3193/4858 | vocabulary_antonym__deepseek-r1_8b__attempt_010
2026-07-13 11:44:31 | RUN | 3194/4858 | vocabulary_antonym__deepseek-r1_8b__attempt_011
2026-07-13 11:44:40 | RUN | 3195/4858 | vocabulary_antonym__deepseek-r1_8b__attempt_012
2026-07-13 11:44:49 | RUN | 3196/4858 | vocabulary_antonym__deepseek-r1_8b__attempt_013
2026-07-13 11:45:08 | RUN | 3197/4858 | vocabulary_antonym__deepseek-r1_8b__attempt_014
2026-07-13 11:45:16 | RUN | 3198/4858 | vocabulary_antonym__deepseek-r1_8b__attempt_015
2026-07-13 11:45:25 | RUN | 3199/4858 | vocabulary_antonym__deepseek-r1_8b__attempt_018
2026-07-13 11:45:43 | RUN | 3200/4858 | vocabulary_antonym__deepseek-r1_8b__attempt_019
2026-07-13 11:45:52 | RUN | 3201/4858 | vocabulary_antonym__deepseek-r1_8b__attempt_020
2026-07-13 11:46:08 | RUN | 3202/4858 | vocabulary_antonym__deepseek-r1_8b__attempt_024
2026-07-13 11:46:17 | RUN | 3203/4858 | vocabulary_antonym__deepseek-r1_8b__attempt_027
2026-07-13 11:46:30 | RUN | 3204/4858 | vocabulary_antonym__deepseek-r1_8b__attempt_028
2026-07-13 11:46:48 | RUN | 3205/4858 | vocabulary_antonym__deepseek-r1_8b__attempt_029
2026-07-13 11:46:58 | RUN | 3206/4858 | vocabulary_antonym__deepseek-r1_8b__attempt_030
2026-07-13 11:47:12 | RUN | 3207/4858 | vocabulary_antonym__deepseek-r1_8b__attempt_032
2026-07-13 11:47:21 | RUN | 3208/4858 | vocabulary_antonym__deepseek-r1_8b__attempt_033
2026-07-13 11:47:36 | RUN | 3209/4858 | vocabulary_antonym__deepseek-r1_8b__attempt_034
2026-07-13 11:47:50 | RUN | 3210/4858 | vocabulary_antonym__deepseek-r1_8b__attempt_035
2026-07-13 11:47:59 | RUN | 3211/4858 | vocabulary_antonym__deepseek-r1_8b__attempt_037
2026-07-13 11:48:08 | RUN | 3212/4858 | vocabulary_antonym__deepseek-r1_8b__attempt_038
2026-07-13 11:48:23 | RUN | 3213/4858 | vocabulary_antonym__deepseek-r1_8b__attempt_040
2026-07-13 11:48:32 | RUN | 3214/4858 | vocabulary_antonym__deepseek-r1_8b__attempt_042
2026-07-13 11:48:47 | RUN | 3215/4858 | vocabulary_antonym__deepseek-r1_8b__attempt_044
2026-07-13 11:48:56 | RUN | 3216/4858 | vocabulary_antonym__deepseek-r1_8b__attempt_045
2026-07-13 11:49:14 | RUN | 3217/4858 | vocabulary_antonym__deepseek-r1_8b__attempt_046
2026-07-13 11:49:30 | RUN | 3218/4858 | vocabulary_antonym__deepseek-r1_8b__attempt_049
2026-07-13 11:49:45 | RUN | 3219/4858 | vocabulary_antonym__deepseek-r1_8b__attempt_054
2026-07-13 11:49:54 | RUN | 3220/4858 | vocabulary_antonym__deepseek-r1_8b__attempt_056
2026-07-13 11:50:09 | RUN | 3221/4858 | vocabulary_antonym__deepseek-r1_8b__attempt_057
2026-07-13 11:50:27 | RUN | 3222/4858 | vocabulary_antonym__deepseek-r1_8b__attempt_058
2026-07-13 11:50:36 | RUN | 3223/4858 | vocabulary_antonym__deepseek-r1_8b__attempt_059
2026-07-13 11:50:45 | RUN | 3224/4858 | vocabulary_antonym__deepseek-r1_8b__attempt_060
2026-07-13 11:50:54 | RUN | 3225/4858 | vocabulary_antonym__deepseek-r1_8b__attempt_061
2026-07-13 11:51:03 | RUN | 3226/4858 | vocabulary_antonym__deepseek-r1_8b__attempt_062
2026-07-13 11:51:17 | RUN | 3227/4858 | vocabulary_antonym__deepseek-r1_8b__attempt_063
2026-07-13 11:51:28 | RUN | 3228/4858 | vocabulary_antonym__deepseek-r1_8b__attempt_065
2026-07-13 11:51:43 | RUN | 3229/4858 | vocabulary_antonym__deepseek-r1_8b__attempt_067
2026-07-13 11:51:56 | RUN | 3230/4858 | vocabulary_antonym__deepseek-r1_8b__attempt_068
2026-07-13 11:52:12 | RUN | 3231/4858 | vocabulary_antonym__deepseek-r1_8b__attempt_070
2026-07-13 11:52:22 | RUN | 3232/4858 | vocabulary_antonym__deepseek-r1_8b__attempt_073
2026-07-13 11:52:30 | RUN | 3233/4858 | vocabulary_antonym__deepseek-r1_8b__attempt_075
2026-07-13 11:52:44 | RUN | 3234/4858 | vocabulary_antonym__deepseek-r1_8b__attempt_076
2026-07-13 11:52:58 | RUN | 3235/4858 | vocabulary_antonym__deepseek-r1_8b__attempt_078
2026-07-13 11:53:07 | RUN | 3236/4858 | vocabulary_antonym__deepseek-r1_8b__attempt_079
2026-07-13 11:53:17 | RUN | 3237/4858 | vocabulary_antonym__deepseek-r1_8b__attempt_081
2026-07-13 11:53:25 | RUN | 3238/4858 | vocabulary_antonym__deepseek-r1_8b__attempt_082
2026-07-13 11:53:35 | RUN | 3239/4858 | vocabulary_antonym__deepseek-r1_8b__attempt_085
2026-07-13 11:53:44 | RUN | 3240/4858 | vocabulary_antonym__deepseek-r1_8b__attempt_087
2026-07-13 11:53:53 | RUN | 3241/4858 | vocabulary_antonym__deepseek-r1_8b__attempt_088
2026-07-13 11:54:02 | RUN | 3242/4858 | vocabulary_antonym__deepseek-r1_8b__attempt_090
2026-07-13 11:54:11 | RUN | 3243/4858 | vocabulary_antonym__deepseek-r1_8b__attempt_093
2026-07-13 11:54:26 | RUN | 3244/4858 | vocabulary_antonym__deepseek-r1_8b__attempt_095
2026-07-13 11:54:34 | RUN | 3245/4858 | vocabulary_antonym__deepseek-r1_8b__attempt_097
2026-07-13 11:54:43 | RUN | 3246/4858 | vocabulary_antonym__deepseek-r1_8b__attempt_098
2026-07-13 11:54:52 | RUN | 3247/4858 | vocabulary_antonym__deepseek-r1_8b__attempt_099
2026-07-13 11:55:06 | RUN | 3248/4858 | vocabulary_antonym__deepseek-r1_8b__attempt_100
2026-07-13 11:55:20 | RUN | 3249/4858 | vocabulary_antonym__llama3.1_8b__attempt_001
2026-07-13 11:55:29 | RUN | 3250/4858 | vocabulary_antonym__llama3.1_8b__attempt_002
2026-07-13 11:55:46 | RUN | 3251/4858 | vocabulary_antonym__llama3.1_8b__attempt_003
2026-07-13 11:55:56 | RUN | 3252/4858 | vocabulary_antonym__llama3.1_8b__attempt_004
2026-07-13 11:56:13 | RUN | 3253/4858 | vocabulary_antonym__llama3.1_8b__attempt_005
2026-07-13 11:56:27 | RUN | 3254/4858 | vocabulary_antonym__llama3.1_8b__attempt_006
2026-07-13 11:56:37 | RUN | 3255/4858 | vocabulary_antonym__llama3.1_8b__attempt_007
2026-07-13 11:56:53 | RUN | 3256/4858 | vocabulary_antonym__llama3.1_8b__attempt_008
2026-07-13 11:57:07 | RUN | 3257/4858 | vocabulary_antonym__llama3.1_8b__attempt_009
2026-07-13 11:57:22 | RUN | 3258/4858 | vocabulary_antonym__llama3.1_8b__attempt_010
2026-07-13 11:57:32 | RUN | 3259/4858 | vocabulary_antonym__llama3.1_8b__attempt_011
2026-07-13 11:57:46 | RUN | 3260/4858 | vocabulary_antonym__llama3.1_8b__attempt_012
2026-07-13 11:58:00 | RUN | 3261/4858 | vocabulary_antonym__llama3.1_8b__attempt_013
2026-07-13 11:58:14 | RUN | 3262/4858 | vocabulary_antonym__llama3.1_8b__attempt_014
2026-07-13 11:58:28 | RUN | 3263/4858 | vocabulary_antonym__llama3.1_8b__attempt_015
2026-07-13 11:58:37 | RUN | 3264/4858 | vocabulary_antonym__llama3.1_8b__attempt_016
2026-07-13 11:58:52 | RUN | 3265/4858 | vocabulary_antonym__llama3.1_8b__attempt_017
2026-07-13 11:59:06 | RUN | 3266/4858 | vocabulary_antonym__llama3.1_8b__attempt_018
2026-07-13 11:59:22 | RUN | 3267/4858 | vocabulary_antonym__llama3.1_8b__attempt_019
2026-07-13 11:59:32 | RUN | 3268/4858 | vocabulary_antonym__llama3.1_8b__attempt_020
2026-07-13 11:59:42 | RUN | 3269/4858 | vocabulary_antonym__llama3.1_8b__attempt_021
2026-07-13 11:59:57 | RUN | 3270/4858 | vocabulary_antonym__llama3.1_8b__attempt_022
2026-07-13 12:00:14 | RUN | 3271/4858 | vocabulary_antonym__llama3.1_8b__attempt_023
2026-07-13 12:00:30 | RUN | 3272/4858 | vocabulary_antonym__llama3.1_8b__attempt_024
2026-07-13 12:00:48 | RUN | 3273/4858 | vocabulary_antonym__llama3.1_8b__attempt_025
2026-07-13 12:01:03 | RUN | 3274/4858 | vocabulary_antonym__llama3.1_8b__attempt_026
2026-07-13 12:01:19 | RUN | 3275/4858 | vocabulary_antonym__llama3.1_8b__attempt_027
2026-07-13 12:01:36 | RUN | 3276/4858 | vocabulary_antonym__llama3.1_8b__attempt_028
2026-07-13 12:01:52 | RUN | 3277/4858 | vocabulary_antonym__llama3.1_8b__attempt_029
2026-07-13 12:02:02 | RUN | 3278/4858 | vocabulary_antonym__llama3.1_8b__attempt_030
2026-07-13 12:02:11 | RUN | 3279/4858 | vocabulary_antonym__llama3.1_8b__attempt_031
2026-07-13 12:02:28 | RUN | 3280/4858 | vocabulary_antonym__llama3.1_8b__attempt_032
2026-07-13 12:02:45 | RUN | 3281/4858 | vocabulary_antonym__llama3.1_8b__attempt_033
2026-07-13 12:02:59 | RUN | 3282/4858 | vocabulary_antonym__llama3.1_8b__attempt_034
2026-07-13 12:03:10 | RUN | 3283/4858 | vocabulary_antonym__llama3.1_8b__attempt_035
2026-07-13 12:03:27 | RUN | 3284/4858 | vocabulary_antonym__llama3.1_8b__attempt_037
2026-07-13 12:03:40 | RUN | 3285/4858 | vocabulary_antonym__llama3.1_8b__attempt_038
2026-07-13 12:03:50 | RUN | 3286/4858 | vocabulary_antonym__llama3.1_8b__attempt_039
2026-07-13 12:04:03 | RUN | 3287/4858 | vocabulary_antonym__llama3.1_8b__attempt_040
2026-07-13 12:04:17 | RUN | 3288/4858 | vocabulary_antonym__llama3.1_8b__attempt_041
2026-07-13 12:04:34 | RUN | 3289/4858 | vocabulary_antonym__llama3.1_8b__attempt_042
2026-07-13 12:04:48 | RUN | 3290/4858 | vocabulary_antonym__llama3.1_8b__attempt_043
2026-07-13 12:05:02 | RUN | 3291/4858 | vocabulary_antonym__llama3.1_8b__attempt_044
2026-07-13 12:05:15 | RUN | 3292/4858 | vocabulary_antonym__llama3.1_8b__attempt_045
2026-07-13 12:05:24 | RUN | 3293/4858 | vocabulary_antonym__llama3.1_8b__attempt_046
2026-07-13 12:05:41 | RUN | 3294/4858 | vocabulary_antonym__llama3.1_8b__attempt_047
2026-07-13 12:05:58 | RUN | 3295/4858 | vocabulary_antonym__llama3.1_8b__attempt_048
2026-07-13 12:06:12 | RUN | 3296/4858 | vocabulary_antonym__llama3.1_8b__attempt_049
2026-07-13 12:06:26 | RUN | 3297/4858 | vocabulary_antonym__llama3.1_8b__attempt_050
2026-07-13 12:06:35 | RUN | 3298/4858 | vocabulary_antonym__llama3.1_8b__attempt_051
2026-07-13 12:06:52 | RUN | 3299/4858 | vocabulary_antonym__llama3.1_8b__attempt_052
2026-07-13 12:07:02 | RUN | 3300/4858 | vocabulary_antonym__llama3.1_8b__attempt_053
2026-07-13 12:07:16 | RUN | 3301/4858 | vocabulary_antonym__llama3.1_8b__attempt_054
2026-07-13 12:07:24 | RUN | 3302/4858 | vocabulary_antonym__llama3.1_8b__attempt_055
2026-07-13 12:07:41 | RUN | 3303/4858 | vocabulary_antonym__llama3.1_8b__attempt_056
2026-07-13 12:07:56 | RUN | 3304/4858 | vocabulary_antonym__llama3.1_8b__attempt_057
2026-07-13 12:08:05 | RUN | 3305/4858 | vocabulary_antonym__llama3.1_8b__attempt_058
2026-07-13 12:08:19 | RUN | 3306/4858 | vocabulary_antonym__llama3.1_8b__attempt_059
2026-07-13 12:08:34 | RUN | 3307/4858 | vocabulary_antonym__llama3.1_8b__attempt_060
2026-07-13 12:08:53 | RUN | 3308/4858 | vocabulary_antonym__llama3.1_8b__attempt_061
2026-07-13 12:09:10 | RUN | 3309/4858 | vocabulary_antonym__llama3.1_8b__attempt_062
2026-07-13 12:09:19 | RUN | 3310/4858 | vocabulary_antonym__llama3.1_8b__attempt_063
2026-07-13 12:09:38 | RUN | 3311/4858 | vocabulary_antonym__llama3.1_8b__attempt_064
2026-07-13 12:09:53 | RUN | 3312/4858 | vocabulary_antonym__llama3.1_8b__attempt_065
2026-07-13 12:10:07 | RUN | 3313/4858 | vocabulary_antonym__llama3.1_8b__attempt_066
2026-07-13 12:10:16 | RUN | 3314/4858 | vocabulary_antonym__llama3.1_8b__attempt_067
2026-07-13 12:10:25 | RUN | 3315/4858 | vocabulary_antonym__llama3.1_8b__attempt_068
2026-07-13 12:10:35 | RUN | 3316/4858 | vocabulary_antonym__llama3.1_8b__attempt_069
2026-07-13 12:10:55 | RUN | 3317/4858 | vocabulary_antonym__llama3.1_8b__attempt_070
2026-07-13 12:11:11 | RUN | 3318/4858 | vocabulary_antonym__llama3.1_8b__attempt_071
2026-07-13 12:11:28 | RUN | 3319/4858 | vocabulary_antonym__llama3.1_8b__attempt_072
2026-07-13 12:11:46 | RUN | 3320/4858 | vocabulary_antonym__llama3.1_8b__attempt_073
2026-07-13 12:12:02 | RUN | 3321/4858 | vocabulary_antonym__llama3.1_8b__attempt_074
2026-07-13 12:12:11 | RUN | 3322/4858 | vocabulary_antonym__llama3.1_8b__attempt_075
2026-07-13 12:12:25 | RUN | 3323/4858 | vocabulary_antonym__llama3.1_8b__attempt_076
2026-07-13 12:12:39 | RUN | 3324/4858 | vocabulary_antonym__llama3.1_8b__attempt_077
2026-07-13 12:12:53 | RUN | 3325/4858 | vocabulary_antonym__llama3.1_8b__attempt_078
2026-07-13 12:13:09 | RUN | 3326/4858 | vocabulary_antonym__llama3.1_8b__attempt_079
2026-07-13 12:13:18 | RUN | 3327/4858 | vocabulary_antonym__llama3.1_8b__attempt_080
2026-07-13 12:13:34 | RUN | 3328/4858 | vocabulary_antonym__llama3.1_8b__attempt_081
2026-07-13 12:13:50 | RUN | 3329/4858 | vocabulary_antonym__llama3.1_8b__attempt_082
2026-07-13 12:13:59 | RUN | 3330/4858 | vocabulary_antonym__llama3.1_8b__attempt_083
2026-07-13 12:14:14 | RUN | 3331/4858 | vocabulary_antonym__llama3.1_8b__attempt_084
2026-07-13 12:14:30 | RUN | 3332/4858 | vocabulary_antonym__llama3.1_8b__attempt_085
2026-07-13 12:14:39 | RUN | 3333/4858 | vocabulary_antonym__llama3.1_8b__attempt_086
2026-07-13 12:14:58 | RUN | 3334/4858 | vocabulary_antonym__llama3.1_8b__attempt_087
2026-07-13 12:15:12 | RUN | 3335/4858 | vocabulary_antonym__llama3.1_8b__attempt_089
2026-07-13 12:15:22 | RUN | 3336/4858 | vocabulary_antonym__llama3.1_8b__attempt_090
2026-07-13 12:15:37 | RUN | 3337/4858 | vocabulary_antonym__llama3.1_8b__attempt_091
2026-07-13 12:15:46 | RUN | 3338/4858 | vocabulary_antonym__llama3.1_8b__attempt_092
2026-07-13 12:16:03 | RUN | 3339/4858 | vocabulary_antonym__llama3.1_8b__attempt_093
2026-07-13 12:16:12 | RUN | 3340/4858 | vocabulary_antonym__llama3.1_8b__attempt_094
2026-07-13 12:16:22 | RUN | 3341/4858 | vocabulary_antonym__llama3.1_8b__attempt_095
2026-07-13 12:16:31 | RUN | 3342/4858 | vocabulary_antonym__llama3.1_8b__attempt_096
2026-07-13 12:16:49 | RUN | 3343/4858 | vocabulary_antonym__llama3.1_8b__attempt_097
2026-07-13 12:17:03 | RUN | 3344/4858 | vocabulary_antonym__llama3.1_8b__attempt_098
2026-07-13 12:17:12 | RUN | 3345/4858 | vocabulary_antonym__llama3.1_8b__attempt_099
2026-07-13 12:17:30 | RUN | 3346/4858 | vocabulary_antonym__llama3.1_8b__attempt_100
2026-07-13 12:17:43 | RUN | 3347/4858 | vocabulary_antonym__ministral-3_3b__attempt_001
2026-07-13 12:17:54 | RUN | 3348/4858 | vocabulary_antonym__ministral-3_3b__attempt_002
2026-07-13 12:18:10 | RUN | 3349/4858 | vocabulary_antonym__ministral-3_3b__attempt_003
2026-07-13 12:18:26 | RUN | 3350/4858 | vocabulary_antonym__ministral-3_3b__attempt_004
2026-07-13 12:18:40 | RUN | 3351/4858 | vocabulary_antonym__ministral-3_3b__attempt_006
2026-07-13 12:18:49 | RUN | 3352/4858 | vocabulary_antonym__ministral-3_3b__attempt_007
2026-07-13 12:19:08 | RUN | 3353/4858 | vocabulary_antonym__ministral-3_3b__attempt_008
2026-07-13 12:19:17 | RUN | 3354/4858 | vocabulary_antonym__ministral-3_3b__attempt_009
2026-07-13 12:19:25 | RUN | 3355/4858 | vocabulary_antonym__ministral-3_3b__attempt_010
2026-07-13 12:19:46 | RUN | 3356/4858 | vocabulary_antonym__ministral-3_3b__attempt_011
2026-07-13 12:20:00 | RUN | 3357/4858 | vocabulary_antonym__ministral-3_3b__attempt_012
2026-07-13 12:20:09 | RUN | 3358/4858 | vocabulary_antonym__ministral-3_3b__attempt_013
2026-07-13 12:20:23 | RUN | 3359/4858 | vocabulary_antonym__ministral-3_3b__attempt_014
2026-07-13 12:20:43 | RUN | 3360/4858 | vocabulary_antonym__ministral-3_3b__attempt_015
2026-07-13 12:20:52 | RUN | 3361/4858 | vocabulary_antonym__ministral-3_3b__attempt_016
2026-07-13 12:21:05 | RUN | 3362/4858 | vocabulary_antonym__ministral-3_3b__attempt_017
2026-07-13 12:21:25 | RUN | 3363/4858 | vocabulary_antonym__ministral-3_3b__attempt_018
2026-07-13 12:21:35 | RUN | 3364/4858 | vocabulary_antonym__ministral-3_3b__attempt_019
2026-07-13 12:21:55 | RUN | 3365/4858 | vocabulary_antonym__ministral-3_3b__attempt_020
2026-07-13 12:22:04 | RUN | 3366/4858 | vocabulary_antonym__ministral-3_3b__attempt_021
2026-07-13 12:22:18 | RUN | 3367/4858 | vocabulary_antonym__ministral-3_3b__attempt_022
2026-07-13 12:22:33 | RUN | 3368/4858 | vocabulary_antonym__ministral-3_3b__attempt_023
2026-07-13 12:22:42 | RUN | 3369/4858 | vocabulary_antonym__ministral-3_3b__attempt_024
2026-07-13 12:22:52 | RUN | 3370/4858 | vocabulary_antonym__ministral-3_3b__attempt_025
2026-07-13 12:23:08 | RUN | 3371/4858 | vocabulary_antonym__ministral-3_3b__attempt_026
2026-07-13 12:23:16 | RUN | 3372/4858 | vocabulary_antonym__ministral-3_3b__attempt_027
2026-07-13 12:23:32 | RUN | 3373/4858 | vocabulary_antonym__ministral-3_3b__attempt_028
2026-07-13 12:23:48 | RUN | 3374/4858 | vocabulary_antonym__ministral-3_3b__attempt_030
2026-07-13 12:23:56 | RUN | 3375/4858 | vocabulary_antonym__ministral-3_3b__attempt_031
2026-07-13 12:24:12 | RUN | 3376/4858 | vocabulary_antonym__ministral-3_3b__attempt_032
2026-07-13 12:24:27 | RUN | 3377/4858 | vocabulary_antonym__ministral-3_3b__attempt_033
2026-07-13 12:24:40 | RUN | 3378/4858 | vocabulary_antonym__ministral-3_3b__attempt_034
2026-07-13 12:24:51 | RUN | 3379/4858 | vocabulary_antonym__ministral-3_3b__attempt_035
2026-07-13 12:25:06 | RUN | 3380/4858 | vocabulary_antonym__ministral-3_3b__attempt_036
2026-07-13 12:25:23 | RUN | 3381/4858 | vocabulary_antonym__ministral-3_3b__attempt_037
2026-07-13 12:25:33 | RUN | 3382/4858 | vocabulary_antonym__ministral-3_3b__attempt_038
2026-07-13 12:25:49 | RUN | 3383/4858 | vocabulary_antonym__ministral-3_3b__attempt_039
2026-07-13 12:25:58 | RUN | 3384/4858 | vocabulary_antonym__ministral-3_3b__attempt_040
2026-07-13 12:26:13 | RUN | 3385/4858 | vocabulary_antonym__ministral-3_3b__attempt_041
2026-07-13 12:26:23 | RUN | 3386/4858 | vocabulary_antonym__ministral-3_3b__attempt_042
2026-07-13 12:26:37 | RUN | 3387/4858 | vocabulary_antonym__ministral-3_3b__attempt_043
2026-07-13 12:26:46 | RUN | 3388/4858 | vocabulary_antonym__ministral-3_3b__attempt_044
2026-07-13 12:26:56 | RUN | 3389/4858 | vocabulary_antonym__ministral-3_3b__attempt_045
2026-07-13 12:27:09 | RUN | 3390/4858 | vocabulary_antonym__ministral-3_3b__attempt_046
2026-07-13 12:27:20 | RUN | 3391/4858 | vocabulary_antonym__ministral-3_3b__attempt_047
2026-07-13 12:27:28 | RUN | 3392/4858 | vocabulary_antonym__ministral-3_3b__attempt_048
2026-07-13 12:27:39 | RUN | 3393/4858 | vocabulary_antonym__ministral-3_3b__attempt_049
2026-07-13 12:27:49 | RUN | 3394/4858 | vocabulary_antonym__ministral-3_3b__attempt_050
2026-07-13 12:27:58 | RUN | 3395/4858 | vocabulary_antonym__ministral-3_3b__attempt_051
2026-07-13 12:28:07 | RUN | 3396/4858 | vocabulary_antonym__ministral-3_3b__attempt_052
2026-07-13 12:28:15 | RUN | 3397/4858 | vocabulary_antonym__ministral-3_3b__attempt_053
2026-07-13 12:28:33 | RUN | 3398/4858 | vocabulary_antonym__ministral-3_3b__attempt_054
2026-07-13 12:28:41 | RUN | 3399/4858 | vocabulary_antonym__ministral-3_3b__attempt_055
2026-07-13 12:28:56 | RUN | 3400/4858 | vocabulary_antonym__ministral-3_3b__attempt_056
2026-07-13 12:29:17 | RUN | 3401/4858 | vocabulary_antonym__ministral-3_3b__attempt_057
2026-07-13 12:29:33 | RUN | 3402/4858 | vocabulary_antonym__ministral-3_3b__attempt_058
2026-07-13 12:29:46 | RUN | 3403/4858 | vocabulary_antonym__ministral-3_3b__attempt_060
2026-07-13 12:30:03 | RUN | 3404/4858 | vocabulary_antonym__ministral-3_3b__attempt_061
2026-07-13 12:30:13 | RUN | 3405/4858 | vocabulary_antonym__ministral-3_3b__attempt_062
2026-07-13 12:30:22 | RUN | 3406/4858 | vocabulary_antonym__ministral-3_3b__attempt_063
2026-07-13 12:30:31 | RUN | 3407/4858 | vocabulary_antonym__ministral-3_3b__attempt_064
2026-07-13 12:30:40 | RUN | 3408/4858 | vocabulary_antonym__ministral-3_3b__attempt_066
2026-07-13 12:30:58 | RUN | 3409/4858 | vocabulary_antonym__ministral-3_3b__attempt_067
2026-07-13 12:31:15 | RUN | 3410/4858 | vocabulary_antonym__ministral-3_3b__attempt_068
2026-07-13 12:31:31 | RUN | 3411/4858 | vocabulary_antonym__ministral-3_3b__attempt_069
2026-07-13 12:31:46 | RUN | 3412/4858 | vocabulary_antonym__ministral-3_3b__attempt_070
2026-07-13 12:32:02 | RUN | 3413/4858 | vocabulary_antonym__ministral-3_3b__attempt_071
2026-07-13 12:32:19 | RUN | 3414/4858 | vocabulary_antonym__ministral-3_3b__attempt_072
2026-07-13 12:32:28 | RUN | 3415/4858 | vocabulary_antonym__ministral-3_3b__attempt_073
2026-07-13 12:32:44 | RUN | 3416/4858 | vocabulary_antonym__ministral-3_3b__attempt_074
2026-07-13 12:32:53 | RUN | 3417/4858 | vocabulary_antonym__ministral-3_3b__attempt_075
2026-07-13 12:33:09 | RUN | 3418/4858 | vocabulary_antonym__ministral-3_3b__attempt_076
2026-07-13 12:33:26 | RUN | 3419/4858 | vocabulary_antonym__ministral-3_3b__attempt_077
2026-07-13 12:33:37 | RUN | 3420/4858 | vocabulary_antonym__ministral-3_3b__attempt_078
2026-07-13 12:33:57 | RUN | 3421/4858 | vocabulary_antonym__ministral-3_3b__attempt_079
2026-07-13 12:34:11 | RUN | 3422/4858 | vocabulary_antonym__ministral-3_3b__attempt_080
2026-07-13 12:34:19 | RUN | 3423/4858 | vocabulary_antonym__ministral-3_3b__attempt_081
2026-07-13 12:34:31 | RUN | 3424/4858 | vocabulary_antonym__ministral-3_3b__attempt_082
2026-07-13 12:34:39 | RUN | 3425/4858 | vocabulary_antonym__ministral-3_3b__attempt_083
2026-07-13 12:34:53 | RUN | 3426/4858 | vocabulary_antonym__ministral-3_3b__attempt_084
2026-07-13 12:35:04 | RUN | 3427/4858 | vocabulary_antonym__ministral-3_3b__attempt_085
2026-07-13 12:35:12 | RUN | 3428/4858 | vocabulary_antonym__ministral-3_3b__attempt_086
2026-07-13 12:35:34 | RUN | 3429/4858 | vocabulary_antonym__ministral-3_3b__attempt_087
2026-07-13 12:35:51 | RUN | 3430/4858 | vocabulary_antonym__ministral-3_3b__attempt_088
2026-07-13 12:36:00 | RUN | 3431/4858 | vocabulary_antonym__ministral-3_3b__attempt_089
2026-07-13 12:36:08 | RUN | 3432/4858 | vocabulary_antonym__ministral-3_3b__attempt_090
2026-07-13 12:36:25 | RUN | 3433/4858 | vocabulary_antonym__ministral-3_3b__attempt_091
2026-07-13 12:36:42 | RUN | 3434/4858 | vocabulary_antonym__ministral-3_3b__attempt_093
2026-07-13 12:36:52 | RUN | 3435/4858 | vocabulary_antonym__ministral-3_3b__attempt_094
2026-07-13 12:37:10 | RUN | 3436/4858 | vocabulary_antonym__ministral-3_3b__attempt_095
2026-07-13 12:37:20 | RUN | 3437/4858 | vocabulary_antonym__ministral-3_3b__attempt_096
2026-07-13 12:37:38 | RUN | 3438/4858 | vocabulary_antonym__ministral-3_3b__attempt_097
2026-07-13 12:37:55 | RUN | 3439/4858 | vocabulary_antonym__ministral-3_3b__attempt_098
2026-07-13 12:38:05 | RUN | 3440/4858 | vocabulary_antonym__ministral-3_3b__attempt_099
2026-07-13 12:38:21 | RUN | 3441/4858 | vocabulary_antonym__ministral-3_3b__attempt_100
2026-07-13 12:38:31 | RUN | 3442/4858 | vocabulary_antonym__qwen3.5_4b__attempt_002
2026-07-13 12:38:39 | RUN | 3443/4858 | vocabulary_antonym__qwen3.5_4b__attempt_004
2026-07-13 12:38:48 | RUN | 3444/4858 | vocabulary_antonym__qwen3.5_4b__attempt_005
2026-07-13 12:38:57 | RUN | 3445/4858 | vocabulary_antonym__qwen3.5_4b__attempt_006
2026-07-13 12:39:07 | RUN | 3446/4858 | vocabulary_antonym__qwen3.5_4b__attempt_007
2026-07-13 12:39:18 | RUN | 3447/4858 | vocabulary_antonym__qwen3.5_4b__attempt_008
2026-07-13 12:39:28 | RUN | 3448/4858 | vocabulary_antonym__qwen3.5_4b__attempt_009
2026-07-13 12:39:38 | RUN | 3449/4858 | vocabulary_antonym__qwen3.5_4b__attempt_011
2026-07-13 12:39:46 | RUN | 3450/4858 | vocabulary_antonym__qwen3.5_4b__attempt_012
2026-07-13 12:39:57 | RUN | 3451/4858 | vocabulary_antonym__qwen3.5_4b__attempt_013
2026-07-13 12:40:08 | RUN | 3452/4858 | vocabulary_antonym__qwen3.5_4b__attempt_014
2026-07-13 12:40:18 | RUN | 3453/4858 | vocabulary_antonym__qwen3.5_4b__attempt_015
2026-07-13 12:40:27 | RUN | 3454/4858 | vocabulary_antonym__qwen3.5_4b__attempt_016
2026-07-13 12:40:37 | RUN | 3455/4858 | vocabulary_antonym__qwen3.5_4b__attempt_017
2026-07-13 12:40:46 | RUN | 3456/4858 | vocabulary_antonym__qwen3.5_4b__attempt_018
2026-07-13 12:40:56 | RUN | 3457/4858 | vocabulary_antonym__qwen3.5_4b__attempt_019
2026-07-13 12:41:05 | RUN | 3458/4858 | vocabulary_antonym__qwen3.5_4b__attempt_020
2026-07-13 12:41:14 | RUN | 3459/4858 | vocabulary_antonym__qwen3.5_4b__attempt_023
2026-07-13 12:41:25 | RUN | 3460/4858 | vocabulary_antonym__qwen3.5_4b__attempt_024
2026-07-13 12:41:33 | RUN | 3461/4858 | vocabulary_antonym__qwen3.5_4b__attempt_025
2026-07-13 12:41:44 | RUN | 3462/4858 | vocabulary_antonym__qwen3.5_4b__attempt_026
2026-07-13 12:41:53 | RUN | 3463/4858 | vocabulary_antonym__qwen3.5_4b__attempt_027
2026-07-13 12:42:04 | RUN | 3464/4858 | vocabulary_antonym__qwen3.5_4b__attempt_028
2026-07-13 12:42:12 | RUN | 3465/4858 | vocabulary_antonym__qwen3.5_4b__attempt_029
2026-07-13 12:42:21 | RUN | 3466/4858 | vocabulary_antonym__qwen3.5_4b__attempt_030
2026-07-13 12:42:30 | RUN | 3467/4858 | vocabulary_antonym__qwen3.5_4b__attempt_031
2026-07-13 12:42:39 | RUN | 3468/4858 | vocabulary_antonym__qwen3.5_4b__attempt_033
2026-07-13 12:42:54 | RUN | 3469/4858 | vocabulary_antonym__qwen3.5_4b__attempt_034
2026-07-13 12:43:05 | RUN | 3470/4858 | vocabulary_antonym__qwen3.5_4b__attempt_035
2026-07-13 12:43:14 | RUN | 3471/4858 | vocabulary_antonym__qwen3.5_4b__attempt_036
2026-07-13 12:43:22 | RUN | 3472/4858 | vocabulary_antonym__qwen3.5_4b__attempt_037
2026-07-13 12:43:31 | RUN | 3473/4858 | vocabulary_antonym__qwen3.5_4b__attempt_038
2026-07-13 12:43:40 | RUN | 3474/4858 | vocabulary_antonym__qwen3.5_4b__attempt_039
2026-07-13 12:43:55 | RUN | 3475/4858 | vocabulary_antonym__qwen3.5_4b__attempt_042
2026-07-13 12:44:05 | RUN | 3476/4858 | vocabulary_antonym__qwen3.5_4b__attempt_043
2026-07-13 12:44:14 | RUN | 3477/4858 | vocabulary_antonym__qwen3.5_4b__attempt_044
2026-07-13 12:44:23 | RUN | 3478/4858 | vocabulary_antonym__qwen3.5_4b__attempt_045
2026-07-13 12:44:32 | RUN | 3479/4858 | vocabulary_antonym__qwen3.5_4b__attempt_046
2026-07-13 12:44:48 | RUN | 3480/4858 | vocabulary_antonym__qwen3.5_4b__attempt_047
2026-07-13 12:44:57 | RUN | 3481/4858 | vocabulary_antonym__qwen3.5_4b__attempt_048
2026-07-13 12:45:06 | RUN | 3482/4858 | vocabulary_antonym__qwen3.5_4b__attempt_049
2026-07-13 12:45:14 | RUN | 3483/4858 | vocabulary_antonym__qwen3.5_4b__attempt_051
2026-07-13 12:45:25 | RUN | 3484/4858 | vocabulary_antonym__qwen3.5_4b__attempt_052
2026-07-13 12:45:34 | RUN | 3485/4858 | vocabulary_antonym__qwen3.5_4b__attempt_053
2026-07-13 12:45:43 | RUN | 3486/4858 | vocabulary_antonym__qwen3.5_4b__attempt_054
2026-07-13 12:45:51 | RUN | 3487/4858 | vocabulary_antonym__qwen3.5_4b__attempt_055
2026-07-13 12:46:00 | RUN | 3488/4858 | vocabulary_antonym__qwen3.5_4b__attempt_056
2026-07-13 12:46:09 | RUN | 3489/4858 | vocabulary_antonym__qwen3.5_4b__attempt_057
2026-07-13 12:46:17 | RUN | 3490/4858 | vocabulary_antonym__qwen3.5_4b__attempt_058
2026-07-13 12:46:28 | RUN | 3491/4858 | vocabulary_antonym__qwen3.5_4b__attempt_059
2026-07-13 12:46:36 | RUN | 3492/4858 | vocabulary_antonym__qwen3.5_4b__attempt_060
2026-07-13 12:46:45 | RUN | 3493/4858 | vocabulary_antonym__qwen3.5_4b__attempt_061
2026-07-13 12:46:54 | RUN | 3494/4858 | vocabulary_antonym__qwen3.5_4b__attempt_062
2026-07-13 12:47:04 | RUN | 3495/4858 | vocabulary_antonym__qwen3.5_4b__attempt_063
2026-07-13 12:47:14 | RUN | 3496/4858 | vocabulary_antonym__qwen3.5_4b__attempt_064
2026-07-13 12:47:25 | RUN | 3497/4858 | vocabulary_antonym__qwen3.5_4b__attempt_065
2026-07-13 12:47:33 | RUN | 3498/4858 | vocabulary_antonym__qwen3.5_4b__attempt_066
2026-07-13 12:47:42 | RUN | 3499/4858 | vocabulary_antonym__qwen3.5_4b__attempt_067
2026-07-13 12:47:51 | RUN | 3500/4858 | vocabulary_antonym__qwen3.5_4b__attempt_068
2026-07-13 12:48:00 | RUN | 3501/4858 | vocabulary_antonym__qwen3.5_4b__attempt_069
2026-07-13 12:48:09 | RUN | 3502/4858 | vocabulary_antonym__qwen3.5_4b__attempt_070
2026-07-13 12:48:18 | RUN | 3503/4858 | vocabulary_antonym__qwen3.5_4b__attempt_071
2026-07-13 12:48:27 | RUN | 3504/4858 | vocabulary_antonym__qwen3.5_4b__attempt_072
2026-07-13 12:48:36 | RUN | 3505/4858 | vocabulary_antonym__qwen3.5_4b__attempt_073
2026-07-13 12:48:45 | RUN | 3506/4858 | vocabulary_antonym__qwen3.5_4b__attempt_075
2026-07-13 12:48:54 | RUN | 3507/4858 | vocabulary_antonym__qwen3.5_4b__attempt_076
2026-07-13 12:49:02 | RUN | 3508/4858 | vocabulary_antonym__qwen3.5_4b__attempt_077
2026-07-13 12:49:13 | RUN | 3509/4858 | vocabulary_antonym__qwen3.5_4b__attempt_078
2026-07-13 12:49:24 | RUN | 3510/4858 | vocabulary_antonym__qwen3.5_4b__attempt_079
2026-07-13 12:49:34 | RUN | 3511/4858 | vocabulary_antonym__qwen3.5_4b__attempt_080
2026-07-13 12:49:42 | RUN | 3512/4858 | vocabulary_antonym__qwen3.5_4b__attempt_081
2026-07-13 12:49:51 | RUN | 3513/4858 | vocabulary_antonym__qwen3.5_4b__attempt_082
2026-07-13 12:50:01 | RUN | 3514/4858 | vocabulary_antonym__qwen3.5_4b__attempt_083
2026-07-13 12:50:10 | RUN | 3515/4858 | vocabulary_antonym__qwen3.5_4b__attempt_084
2026-07-13 12:50:19 | RUN | 3516/4858 | vocabulary_antonym__qwen3.5_4b__attempt_085
2026-07-13 12:50:29 | RUN | 3517/4858 | vocabulary_antonym__qwen3.5_4b__attempt_086
2026-07-13 12:50:38 | RUN | 3518/4858 | vocabulary_antonym__qwen3.5_4b__attempt_088
2026-07-13 12:50:46 | RUN | 3519/4858 | vocabulary_antonym__qwen3.5_4b__attempt_089
2026-07-13 12:50:57 | RUN | 3520/4858 | vocabulary_antonym__qwen3.5_4b__attempt_090
2026-07-13 12:51:06 | RUN | 3521/4858 | vocabulary_antonym__qwen3.5_4b__attempt_091
2026-07-13 12:51:14 | RUN | 3522/4858 | vocabulary_antonym__qwen3.5_4b__attempt_092
2026-07-13 12:51:23 | RUN | 3523/4858 | vocabulary_antonym__qwen3.5_4b__attempt_095
2026-07-13 12:51:32 | RUN | 3524/4858 | vocabulary_antonym__qwen3.5_4b__attempt_097
2026-07-13 12:51:41 | RUN | 3525/4858 | vocabulary_antonym__qwen3.5_4b__attempt_098
2026-07-13 12:51:49 | RUN | 3526/4858 | vocabulary_antonym__qwen3.5_4b__attempt_099
2026-07-13 12:51:59 | RUN | 3527/4858 | vocabulary_antonym__qwen3.5_4b__attempt_100
2026-07-13 12:52:08 | RUN | 3528/4858 | vocabulary_definition__Bielik-4.5B-v3.0-Instruct-GGUF_Q8_0__attempt_001
2026-07-13 12:52:24 | RUN | 3529/4858 | vocabulary_definition__Bielik-4.5B-v3.0-Instruct-GGUF_Q8_0__attempt_004
2026-07-13 12:52:42 | RUN | 3530/4858 | vocabulary_definition__Bielik-4.5B-v3.0-Instruct-GGUF_Q8_0__attempt_005
2026-07-13 12:52:59 | RUN | 3531/4858 | vocabulary_definition__Bielik-4.5B-v3.0-Instruct-GGUF_Q8_0__attempt_006
2026-07-13 12:53:16 | RUN | 3532/4858 | vocabulary_definition__Bielik-4.5B-v3.0-Instruct-GGUF_Q8_0__attempt_007
2026-07-13 12:53:34 | RUN | 3533/4858 | vocabulary_definition__Bielik-4.5B-v3.0-Instruct-GGUF_Q8_0__attempt_009
2026-07-13 12:53:50 | RUN | 3534/4858 | vocabulary_definition__Bielik-4.5B-v3.0-Instruct-GGUF_Q8_0__attempt_010
2026-07-13 12:54:07 | RUN | 3535/4858 | vocabulary_definition__Bielik-4.5B-v3.0-Instruct-GGUF_Q8_0__attempt_011
2026-07-13 12:54:24 | RUN | 3536/4858 | vocabulary_definition__Bielik-4.5B-v3.0-Instruct-GGUF_Q8_0__attempt_014
2026-07-13 12:54:40 | RUN | 3537/4858 | vocabulary_definition__Bielik-4.5B-v3.0-Instruct-GGUF_Q8_0__attempt_015
2026-07-13 12:54:56 | RUN | 3538/4858 | vocabulary_definition__Bielik-4.5B-v3.0-Instruct-GGUF_Q8_0__attempt_017
2026-07-13 12:55:09 | RUN | 3539/4858 | vocabulary_definition__Bielik-4.5B-v3.0-Instruct-GGUF_Q8_0__attempt_018
2026-07-13 12:55:29 | RUN | 3540/4858 | vocabulary_definition__Bielik-4.5B-v3.0-Instruct-GGUF_Q8_0__attempt_020
2026-07-13 12:55:47 | RUN | 3541/4858 | vocabulary_definition__Bielik-4.5B-v3.0-Instruct-GGUF_Q8_0__attempt_025
2026-07-13 12:56:02 | RUN | 3542/4858 | vocabulary_definition__Bielik-4.5B-v3.0-Instruct-GGUF_Q8_0__attempt_026
2026-07-13 12:56:18 | RUN | 3543/4858 | vocabulary_definition__Bielik-4.5B-v3.0-Instruct-GGUF_Q8_0__attempt_027
2026-07-13 12:56:35 | RUN | 3544/4858 | vocabulary_definition__Bielik-4.5B-v3.0-Instruct-GGUF_Q8_0__attempt_028
2026-07-13 12:56:59 | RUN | 3545/4858 | vocabulary_definition__Bielik-4.5B-v3.0-Instruct-GGUF_Q8_0__attempt_029
2026-07-13 12:57:19 | RUN | 3546/4858 | vocabulary_definition__Bielik-4.5B-v3.0-Instruct-GGUF_Q8_0__attempt_031
2026-07-13 12:57:39 | RUN | 3547/4858 | vocabulary_definition__Bielik-4.5B-v3.0-Instruct-GGUF_Q8_0__attempt_032
2026-07-13 12:57:55 | RUN | 3548/4858 | vocabulary_definition__Bielik-4.5B-v3.0-Instruct-GGUF_Q8_0__attempt_033
2026-07-13 12:58:10 | RUN | 3549/4858 | vocabulary_definition__Bielik-4.5B-v3.0-Instruct-GGUF_Q8_0__attempt_035
2026-07-13 12:58:27 | RUN | 3550/4858 | vocabulary_definition__Bielik-4.5B-v3.0-Instruct-GGUF_Q8_0__attempt_037
2026-07-13 12:58:44 | RUN | 3551/4858 | vocabulary_definition__Bielik-4.5B-v3.0-Instruct-GGUF_Q8_0__attempt_038
2026-07-13 12:59:00 | RUN | 3552/4858 | vocabulary_definition__Bielik-4.5B-v3.0-Instruct-GGUF_Q8_0__attempt_042
2026-07-13 12:59:16 | RUN | 3553/4858 | vocabulary_definition__Bielik-4.5B-v3.0-Instruct-GGUF_Q8_0__attempt_043
2026-07-13 12:59:32 | RUN | 3554/4858 | vocabulary_definition__Bielik-4.5B-v3.0-Instruct-GGUF_Q8_0__attempt_044
2026-07-13 12:59:49 | RUN | 3555/4858 | vocabulary_definition__Bielik-4.5B-v3.0-Instruct-GGUF_Q8_0__attempt_045
2026-07-13 13:00:05 | RUN | 3556/4858 | vocabulary_definition__Bielik-4.5B-v3.0-Instruct-GGUF_Q8_0__attempt_046
2026-07-13 13:00:23 | RUN | 3557/4858 | vocabulary_definition__Bielik-4.5B-v3.0-Instruct-GGUF_Q8_0__attempt_047
2026-07-13 13:00:39 | RUN | 3558/4858 | vocabulary_definition__Bielik-4.5B-v3.0-Instruct-GGUF_Q8_0__attempt_048
2026-07-13 13:00:55 | RUN | 3559/4858 | vocabulary_definition__Bielik-4.5B-v3.0-Instruct-GGUF_Q8_0__attempt_052
2026-07-13 13:01:11 | RUN | 3560/4858 | vocabulary_definition__Bielik-4.5B-v3.0-Instruct-GGUF_Q8_0__attempt_053
2026-07-13 13:01:27 | RUN | 3561/4858 | vocabulary_definition__Bielik-4.5B-v3.0-Instruct-GGUF_Q8_0__attempt_055
2026-07-13 13:01:46 | RUN | 3562/4858 | vocabulary_definition__Bielik-4.5B-v3.0-Instruct-GGUF_Q8_0__attempt_056
2026-07-13 13:02:03 | RUN | 3563/4858 | vocabulary_definition__Bielik-4.5B-v3.0-Instruct-GGUF_Q8_0__attempt_059
2026-07-13 13:02:22 | RUN | 3564/4858 | vocabulary_definition__Bielik-4.5B-v3.0-Instruct-GGUF_Q8_0__attempt_062
2026-07-13 13:02:32 | RUN | 3565/4858 | vocabulary_definition__Bielik-4.5B-v3.0-Instruct-GGUF_Q8_0__attempt_064
2026-07-13 13:02:49 | RUN | 3566/4858 | vocabulary_definition__Bielik-4.5B-v3.0-Instruct-GGUF_Q8_0__attempt_065
2026-07-13 13:03:05 | RUN | 3567/4858 | vocabulary_definition__Bielik-4.5B-v3.0-Instruct-GGUF_Q8_0__attempt_066
2026-07-13 13:03:24 | RUN | 3568/4858 | vocabulary_definition__Bielik-4.5B-v3.0-Instruct-GGUF_Q8_0__attempt_067
2026-07-13 13:03:41 | RUN | 3569/4858 | vocabulary_definition__Bielik-4.5B-v3.0-Instruct-GGUF_Q8_0__attempt_068
2026-07-13 13:04:05 | RUN | 3570/4858 | vocabulary_definition__Bielik-4.5B-v3.0-Instruct-GGUF_Q8_0__attempt_069
2026-07-13 13:04:23 | RUN | 3571/4858 | vocabulary_definition__Bielik-4.5B-v3.0-Instruct-GGUF_Q8_0__attempt_070
2026-07-13 13:04:42 | RUN | 3572/4858 | vocabulary_definition__Bielik-4.5B-v3.0-Instruct-GGUF_Q8_0__attempt_071
2026-07-13 13:05:00 | RUN | 3573/4858 | vocabulary_definition__Bielik-4.5B-v3.0-Instruct-GGUF_Q8_0__attempt_072
2026-07-13 13:05:18 | RUN | 3574/4858 | vocabulary_definition__Bielik-4.5B-v3.0-Instruct-GGUF_Q8_0__attempt_074
2026-07-13 13:05:34 | RUN | 3575/4858 | vocabulary_definition__Bielik-4.5B-v3.0-Instruct-GGUF_Q8_0__attempt_076
2026-07-13 13:05:51 | RUN | 3576/4858 | vocabulary_definition__Bielik-4.5B-v3.0-Instruct-GGUF_Q8_0__attempt_077
2026-07-13 13:06:10 | RUN | 3577/4858 | vocabulary_definition__Bielik-4.5B-v3.0-Instruct-GGUF_Q8_0__attempt_079
2026-07-13 13:06:27 | RUN | 3578/4858 | vocabulary_definition__Bielik-4.5B-v3.0-Instruct-GGUF_Q8_0__attempt_080
2026-07-13 13:06:46 | RUN | 3579/4858 | vocabulary_definition__Bielik-4.5B-v3.0-Instruct-GGUF_Q8_0__attempt_081
2026-07-13 13:07:02 | RUN | 3580/4858 | vocabulary_definition__Bielik-4.5B-v3.0-Instruct-GGUF_Q8_0__attempt_083
2026-07-13 13:07:20 | RUN | 3581/4858 | vocabulary_definition__Bielik-4.5B-v3.0-Instruct-GGUF_Q8_0__attempt_084
2026-07-13 13:07:38 | RUN | 3582/4858 | vocabulary_definition__Bielik-4.5B-v3.0-Instruct-GGUF_Q8_0__attempt_086
2026-07-13 13:07:58 | RUN | 3583/4858 | vocabulary_definition__Bielik-4.5B-v3.0-Instruct-GGUF_Q8_0__attempt_088
2026-07-13 13:08:15 | RUN | 3584/4858 | vocabulary_definition__Bielik-4.5B-v3.0-Instruct-GGUF_Q8_0__attempt_089
2026-07-13 13:08:33 | RUN | 3585/4858 | vocabulary_definition__Bielik-4.5B-v3.0-Instruct-GGUF_Q8_0__attempt_090
2026-07-13 13:08:49 | RUN | 3586/4858 | vocabulary_definition__Bielik-4.5B-v3.0-Instruct-GGUF_Q8_0__attempt_091
2026-07-13 13:09:06 | RUN | 3587/4858 | vocabulary_definition__Bielik-4.5B-v3.0-Instruct-GGUF_Q8_0__attempt_092
2026-07-13 13:09:26 | RUN | 3588/4858 | vocabulary_definition__Bielik-4.5B-v3.0-Instruct-GGUF_Q8_0__attempt_093
2026-07-13 13:09:42 | RUN | 3589/4858 | vocabulary_definition__Bielik-4.5B-v3.0-Instruct-GGUF_Q8_0__attempt_094
2026-07-13 13:10:04 | RUN | 3590/4858 | vocabulary_definition__Bielik-4.5B-v3.0-Instruct-GGUF_Q8_0__attempt_095
2026-07-13 13:10:23 | RUN | 3591/4858 | vocabulary_definition__Bielik-4.5B-v3.0-Instruct-GGUF_Q8_0__attempt_096
2026-07-13 13:10:40 | RUN | 3592/4858 | vocabulary_definition__Bielik-4.5B-v3.0-Instruct-GGUF_Q8_0__attempt_098
2026-07-13 13:10:59 | RUN | 3593/4858 | vocabulary_definition__deepseek-r1_8b__attempt_002
2026-07-13 13:11:19 | RUN | 3594/4858 | vocabulary_definition__deepseek-r1_8b__attempt_003
2026-07-13 13:11:35 | RUN | 3595/4858 | vocabulary_definition__deepseek-r1_8b__attempt_005
2026-07-13 13:11:52 | RUN | 3596/4858 | vocabulary_definition__deepseek-r1_8b__attempt_007
2026-07-13 13:12:10 | RUN | 3597/4858 | vocabulary_definition__deepseek-r1_8b__attempt_009
2026-07-13 13:12:18 | RUN | 3598/4858 | vocabulary_definition__deepseek-r1_8b__attempt_010
2026-07-13 13:12:36 | RUN | 3599/4858 | vocabulary_definition__deepseek-r1_8b__attempt_011
2026-07-13 13:12:53 | RUN | 3600/4858 | vocabulary_definition__deepseek-r1_8b__attempt_012
2026-07-13 13:13:10 | RUN | 3601/4858 | vocabulary_definition__deepseek-r1_8b__attempt_013
2026-07-13 13:13:38 | RUN | 3602/4858 | vocabulary_definition__deepseek-r1_8b__attempt_015
2026-07-13 13:13:56 | RUN | 3603/4858 | vocabulary_definition__deepseek-r1_8b__attempt_016
2026-07-13 13:14:12 | RUN | 3604/4858 | vocabulary_definition__deepseek-r1_8b__attempt_018
2026-07-13 13:14:31 | RUN | 3605/4858 | vocabulary_definition__deepseek-r1_8b__attempt_021
2026-07-13 13:14:49 | RUN | 3606/4858 | vocabulary_definition__deepseek-r1_8b__attempt_022
2026-07-13 13:15:06 | RUN | 3607/4858 | vocabulary_definition__deepseek-r1_8b__attempt_023
2026-07-13 13:15:27 | RUN | 3608/4858 | vocabulary_definition__deepseek-r1_8b__attempt_025
2026-07-13 13:15:46 | RUN | 3609/4858 | vocabulary_definition__deepseek-r1_8b__attempt_026
2026-07-13 13:16:09 | RUN | 3610/4858 | vocabulary_definition__deepseek-r1_8b__attempt_027
2026-07-13 13:16:28 | RUN | 3611/4858 | vocabulary_definition__deepseek-r1_8b__attempt_029
2026-07-13 13:16:48 | RUN | 3612/4858 | vocabulary_definition__deepseek-r1_8b__attempt_030
2026-07-13 13:17:04 | RUN | 3613/4858 | vocabulary_definition__deepseek-r1_8b__attempt_032
2026-07-13 13:17:22 | RUN | 3614/4858 | vocabulary_definition__deepseek-r1_8b__attempt_033
2026-07-13 13:17:36 | RUN | 3615/4858 | vocabulary_definition__deepseek-r1_8b__attempt_034
2026-07-13 13:17:49 | RUN | 3616/4858 | vocabulary_definition__deepseek-r1_8b__attempt_036
2026-07-13 13:18:09 | RUN | 3617/4858 | vocabulary_definition__deepseek-r1_8b__attempt_037
2026-07-13 13:18:27 | RUN | 3618/4858 | vocabulary_definition__deepseek-r1_8b__attempt_039
2026-07-13 13:18:36 | RUN | 3619/4858 | vocabulary_definition__deepseek-r1_8b__attempt_040
2026-07-13 13:18:53 | RUN | 3620/4858 | vocabulary_definition__deepseek-r1_8b__attempt_046
2026-07-13 13:19:08 | RUN | 3621/4858 | vocabulary_definition__deepseek-r1_8b__attempt_047
2026-07-13 13:19:26 | RUN | 3622/4858 | vocabulary_definition__deepseek-r1_8b__attempt_048
2026-07-13 13:19:43 | RUN | 3623/4858 | vocabulary_definition__deepseek-r1_8b__attempt_051
2026-07-13 13:19:52 | RUN | 3624/4858 | vocabulary_definition__deepseek-r1_8b__attempt_053
2026-07-13 13:20:01 | RUN | 3625/4858 | vocabulary_definition__deepseek-r1_8b__attempt_054
2026-07-13 13:20:09 | RUN | 3626/4858 | vocabulary_definition__deepseek-r1_8b__attempt_055
2026-07-13 13:20:27 | RUN | 3627/4858 | vocabulary_definition__deepseek-r1_8b__attempt_056
2026-07-13 13:20:41 | RUN | 3628/4858 | vocabulary_definition__deepseek-r1_8b__attempt_057
2026-07-13 13:20:49 | RUN | 3629/4858 | vocabulary_definition__deepseek-r1_8b__attempt_061
2026-07-13 13:20:58 | RUN | 3630/4858 | vocabulary_definition__deepseek-r1_8b__attempt_062
2026-07-13 13:21:09 | RUN | 3631/4858 | vocabulary_definition__deepseek-r1_8b__attempt_063
2026-07-13 13:21:25 | RUN | 3632/4858 | vocabulary_definition__deepseek-r1_8b__attempt_064
2026-07-13 13:21:45 | RUN | 3633/4858 | vocabulary_definition__deepseek-r1_8b__attempt_065
2026-07-13 13:22:06 | RUN | 3634/4858 | vocabulary_definition__deepseek-r1_8b__attempt_066
2026-07-13 13:22:14 | RUN | 3635/4858 | vocabulary_definition__deepseek-r1_8b__attempt_067
2026-07-13 13:22:31 | RUN | 3636/4858 | vocabulary_definition__deepseek-r1_8b__attempt_069
2026-07-13 13:22:50 | RUN | 3637/4858 | vocabulary_definition__deepseek-r1_8b__attempt_070
2026-07-13 13:22:59 | RUN | 3638/4858 | vocabulary_definition__deepseek-r1_8b__attempt_075
2026-07-13 13:23:19 | RUN | 3639/4858 | vocabulary_definition__deepseek-r1_8b__attempt_077
2026-07-13 13:23:33 | RUN | 3640/4858 | vocabulary_definition__deepseek-r1_8b__attempt_078
2026-07-13 13:23:52 | RUN | 3641/4858 | vocabulary_definition__deepseek-r1_8b__attempt_079
2026-07-13 13:24:12 | RUN | 3642/4858 | vocabulary_definition__deepseek-r1_8b__attempt_080
2026-07-13 13:24:33 | RUN | 3643/4858 | vocabulary_definition__deepseek-r1_8b__attempt_082
2026-07-13 13:24:52 | RUN | 3644/4858 | vocabulary_definition__deepseek-r1_8b__attempt_084
2026-07-13 13:25:01 | RUN | 3645/4858 | vocabulary_definition__deepseek-r1_8b__attempt_085
2026-07-13 13:25:10 | RUN | 3646/4858 | vocabulary_definition__deepseek-r1_8b__attempt_087
2026-07-13 13:25:27 | RUN | 3647/4858 | vocabulary_definition__deepseek-r1_8b__attempt_088
2026-07-13 13:25:46 | RUN | 3648/4858 | vocabulary_definition__deepseek-r1_8b__attempt_089
2026-07-13 13:26:03 | RUN | 3649/4858 | vocabulary_definition__deepseek-r1_8b__attempt_091
2026-07-13 13:26:20 | RUN | 3650/4858 | vocabulary_definition__deepseek-r1_8b__attempt_093
2026-07-13 13:26:29 | RUN | 3651/4858 | vocabulary_definition__deepseek-r1_8b__attempt_094
2026-07-13 13:26:38 | RUN | 3652/4858 | vocabulary_definition__deepseek-r1_8b__attempt_095
2026-07-13 13:26:55 | RUN | 3653/4858 | vocabulary_definition__deepseek-r1_8b__attempt_097
2026-07-13 13:27:08 | RUN | 3654/4858 | vocabulary_definition__llama3.1_8b__attempt_001
2026-07-13 13:27:32 | RUN | 3655/4858 | vocabulary_definition__llama3.1_8b__attempt_002
2026-07-13 13:27:53 | RUN | 3656/4858 | vocabulary_definition__llama3.1_8b__attempt_003
2026-07-13 13:28:10 | RUN | 3657/4858 | vocabulary_definition__llama3.1_8b__attempt_004
2026-07-13 13:28:31 | RUN | 3658/4858 | vocabulary_definition__llama3.1_8b__attempt_005
2026-07-13 13:28:51 | RUN | 3659/4858 | vocabulary_definition__llama3.1_8b__attempt_006
2026-07-13 13:29:09 | RUN | 3660/4858 | vocabulary_definition__llama3.1_8b__attempt_007
2026-07-13 13:29:27 | RUN | 3661/4858 | vocabulary_definition__llama3.1_8b__attempt_008
2026-07-13 13:29:47 | RUN | 3662/4858 | vocabulary_definition__llama3.1_8b__attempt_009
2026-07-13 13:30:05 | RUN | 3663/4858 | vocabulary_definition__llama3.1_8b__attempt_010
2026-07-13 13:30:22 | RUN | 3664/4858 | vocabulary_definition__llama3.1_8b__attempt_011
2026-07-13 13:30:37 | RUN | 3665/4858 | vocabulary_definition__llama3.1_8b__attempt_012
2026-07-13 13:30:58 | RUN | 3666/4858 | vocabulary_definition__llama3.1_8b__attempt_013
2026-07-13 13:31:17 | RUN | 3667/4858 | vocabulary_definition__llama3.1_8b__attempt_014
2026-07-13 13:31:35 | RUN | 3668/4858 | vocabulary_definition__llama3.1_8b__attempt_015
2026-07-13 13:31:44 | RUN | 3669/4858 | vocabulary_definition__llama3.1_8b__attempt_016
2026-07-13 13:31:58 | RUN | 3670/4858 | vocabulary_definition__llama3.1_8b__attempt_017
2026-07-13 13:32:08 | RUN | 3671/4858 | vocabulary_definition__llama3.1_8b__attempt_018
2026-07-13 13:32:27 | RUN | 3672/4858 | vocabulary_definition__llama3.1_8b__attempt_019
2026-07-13 13:32:42 | RUN | 3673/4858 | vocabulary_definition__llama3.1_8b__attempt_020
2026-07-13 13:32:59 | RUN | 3674/4858 | vocabulary_definition__llama3.1_8b__attempt_021
2026-07-13 13:33:17 | RUN | 3675/4858 | vocabulary_definition__llama3.1_8b__attempt_022
2026-07-13 13:33:25 | RUN | 3676/4858 | vocabulary_definition__llama3.1_8b__attempt_023
2026-07-13 13:33:44 | RUN | 3677/4858 | vocabulary_definition__llama3.1_8b__attempt_024
2026-07-13 13:34:02 | RUN | 3678/4858 | vocabulary_definition__llama3.1_8b__attempt_025
2026-07-13 13:34:16 | RUN | 3679/4858 | vocabulary_definition__llama3.1_8b__attempt_026
2026-07-13 13:34:31 | RUN | 3680/4858 | vocabulary_definition__llama3.1_8b__attempt_027
2026-07-13 13:34:40 | RUN | 3681/4858 | vocabulary_definition__llama3.1_8b__attempt_028
2026-07-13 13:35:00 | RUN | 3682/4858 | vocabulary_definition__llama3.1_8b__attempt_029
2026-07-13 13:35:08 | RUN | 3683/4858 | vocabulary_definition__llama3.1_8b__attempt_030
2026-07-13 13:35:25 | RUN | 3684/4858 | vocabulary_definition__llama3.1_8b__attempt_031
2026-07-13 13:35:42 | RUN | 3685/4858 | vocabulary_definition__llama3.1_8b__attempt_032
2026-07-13 13:36:01 | RUN | 3686/4858 | vocabulary_definition__llama3.1_8b__attempt_033
2026-07-13 13:36:19 | RUN | 3687/4858 | vocabulary_definition__llama3.1_8b__attempt_034
2026-07-13 13:36:33 | RUN | 3688/4858 | vocabulary_definition__llama3.1_8b__attempt_035
2026-07-13 13:36:53 | RUN | 3689/4858 | vocabulary_definition__llama3.1_8b__attempt_036
2026-07-13 13:37:11 | RUN | 3690/4858 | vocabulary_definition__llama3.1_8b__attempt_037
2026-07-13 13:37:31 | RUN | 3691/4858 | vocabulary_definition__llama3.1_8b__attempt_038
2026-07-13 13:37:48 | RUN | 3692/4858 | vocabulary_definition__llama3.1_8b__attempt_039
2026-07-13 13:38:08 | RUN | 3693/4858 | vocabulary_definition__llama3.1_8b__attempt_040
2026-07-13 13:38:27 | RUN | 3694/4858 | vocabulary_definition__llama3.1_8b__attempt_041
2026-07-13 13:38:57 | RUN | 3695/4858 | vocabulary_definition__llama3.1_8b__attempt_042
2026-07-13 13:39:06 | RUN | 3696/4858 | vocabulary_definition__llama3.1_8b__attempt_043
2026-07-13 13:39:16 | RUN | 3697/4858 | vocabulary_definition__llama3.1_8b__attempt_045
2026-07-13 13:39:36 | RUN | 3698/4858 | vocabulary_definition__llama3.1_8b__attempt_047
2026-07-13 13:39:52 | RUN | 3699/4858 | vocabulary_definition__llama3.1_8b__attempt_048
2026-07-13 13:40:10 | RUN | 3700/4858 | vocabulary_definition__llama3.1_8b__attempt_049
2026-07-13 13:40:24 | RUN | 3701/4858 | vocabulary_definition__llama3.1_8b__attempt_050
2026-07-13 13:40:43 | RUN | 3702/4858 | vocabulary_definition__llama3.1_8b__attempt_051
2026-07-13 13:41:01 | RUN | 3703/4858 | vocabulary_definition__llama3.1_8b__attempt_052
2026-07-13 13:41:17 | RUN | 3704/4858 | vocabulary_definition__llama3.1_8b__attempt_053
2026-07-13 13:41:28 | RUN | 3705/4858 | vocabulary_definition__llama3.1_8b__attempt_054
2026-07-13 13:41:46 | RUN | 3706/4858 | vocabulary_definition__llama3.1_8b__attempt_055
2026-07-13 13:42:04 | RUN | 3707/4858 | vocabulary_definition__llama3.1_8b__attempt_056
2026-07-13 13:42:27 | RUN | 3708/4858 | vocabulary_definition__llama3.1_8b__attempt_057
2026-07-13 13:42:48 | RUN | 3709/4858 | vocabulary_definition__llama3.1_8b__attempt_058
2026-07-13 13:43:00 | RUN | 3710/4858 | vocabulary_definition__llama3.1_8b__attempt_059
2026-07-13 13:43:18 | RUN | 3711/4858 | vocabulary_definition__llama3.1_8b__attempt_060
2026-07-13 13:43:27 | RUN | 3712/4858 | vocabulary_definition__llama3.1_8b__attempt_061
2026-07-13 13:43:48 | RUN | 3713/4858 | vocabulary_definition__llama3.1_8b__attempt_062
2026-07-13 13:44:09 | RUN | 3714/4858 | vocabulary_definition__llama3.1_8b__attempt_063
2026-07-13 13:44:25 | RUN | 3715/4858 | vocabulary_definition__llama3.1_8b__attempt_064
2026-07-13 13:44:39 | RUN | 3716/4858 | vocabulary_definition__llama3.1_8b__attempt_065
2026-07-13 13:44:58 | RUN | 3717/4858 | vocabulary_definition__llama3.1_8b__attempt_066
2026-07-13 13:45:18 | RUN | 3718/4858 | vocabulary_definition__llama3.1_8b__attempt_067
2026-07-13 13:45:38 | RUN | 3719/4858 | vocabulary_definition__llama3.1_8b__attempt_068
2026-07-13 13:45:53 | RUN | 3720/4858 | vocabulary_definition__llama3.1_8b__attempt_069
2026-07-13 13:46:13 | RUN | 3721/4858 | vocabulary_definition__llama3.1_8b__attempt_070
2026-07-13 13:46:31 | RUN | 3722/4858 | vocabulary_definition__llama3.1_8b__attempt_071
2026-07-13 13:46:52 | RUN | 3723/4858 | vocabulary_definition__llama3.1_8b__attempt_072
2026-07-13 13:47:09 | RUN | 3724/4858 | vocabulary_definition__llama3.1_8b__attempt_074
2026-07-13 13:47:18 | RUN | 3725/4858 | vocabulary_definition__llama3.1_8b__attempt_075
2026-07-13 13:47:28 | RUN | 3726/4858 | vocabulary_definition__llama3.1_8b__attempt_076
2026-07-13 13:47:44 | RUN | 3727/4858 | vocabulary_definition__llama3.1_8b__attempt_077
2026-07-13 13:48:05 | RUN | 3728/4858 | vocabulary_definition__llama3.1_8b__attempt_078
2026-07-13 13:48:26 | RUN | 3729/4858 | vocabulary_definition__llama3.1_8b__attempt_079
2026-07-13 13:48:42 | RUN | 3730/4858 | vocabulary_definition__llama3.1_8b__attempt_080
2026-07-13 13:49:02 | RUN | 3731/4858 | vocabulary_definition__llama3.1_8b__attempt_081
2026-07-13 13:49:22 | RUN | 3732/4858 | vocabulary_definition__llama3.1_8b__attempt_082
2026-07-13 13:49:38 | RUN | 3733/4858 | vocabulary_definition__llama3.1_8b__attempt_083
2026-07-13 13:49:53 | RUN | 3734/4858 | vocabulary_definition__llama3.1_8b__attempt_084
2026-07-13 13:50:14 | RUN | 3735/4858 | vocabulary_definition__llama3.1_8b__attempt_085
2026-07-13 13:50:33 | RUN | 3736/4858 | vocabulary_definition__llama3.1_8b__attempt_086
2026-07-13 13:50:42 | RUN | 3737/4858 | vocabulary_definition__llama3.1_8b__attempt_087
2026-07-13 13:50:59 | RUN | 3738/4858 | vocabulary_definition__llama3.1_8b__attempt_088
2026-07-13 13:51:19 | RUN | 3739/4858 | vocabulary_definition__llama3.1_8b__attempt_089
2026-07-13 13:51:28 | RUN | 3740/4858 | vocabulary_definition__llama3.1_8b__attempt_091
2026-07-13 13:51:48 | RUN | 3741/4858 | vocabulary_definition__llama3.1_8b__attempt_092
2026-07-13 13:52:06 | RUN | 3742/4858 | vocabulary_definition__llama3.1_8b__attempt_093
2026-07-13 13:52:24 | RUN | 3743/4858 | vocabulary_definition__llama3.1_8b__attempt_094
2026-07-13 13:52:40 | RUN | 3744/4858 | vocabulary_definition__llama3.1_8b__attempt_095
2026-07-13 13:52:54 | RUN | 3745/4858 | vocabulary_definition__llama3.1_8b__attempt_096
2026-07-13 13:53:14 | RUN | 3746/4858 | vocabulary_definition__llama3.1_8b__attempt_097
2026-07-13 13:53:23 | RUN | 3747/4858 | vocabulary_definition__llama3.1_8b__attempt_098
2026-07-13 13:53:38 | RUN | 3748/4858 | vocabulary_definition__llama3.1_8b__attempt_099
2026-07-13 13:53:57 | RUN | 3749/4858 | vocabulary_definition__llama3.1_8b__attempt_100
2026-07-13 13:54:14 | RUN | 3750/4858 | vocabulary_definition__ministral-3_3b__attempt_001
2026-07-13 13:54:24 | RUN | 3751/4858 | vocabulary_definition__ministral-3_3b__attempt_003
2026-07-13 13:54:46 | RUN | 3752/4858 | vocabulary_definition__ministral-3_3b__attempt_004
2026-07-13 13:55:02 | RUN | 3753/4858 | vocabulary_definition__ministral-3_3b__attempt_006
2026-07-13 13:55:22 | RUN | 3754/4858 | vocabulary_definition__ministral-3_3b__attempt_007
2026-07-13 13:55:41 | RUN | 3755/4858 | vocabulary_definition__ministral-3_3b__attempt_008
2026-07-13 13:55:50 | RUN | 3756/4858 | vocabulary_definition__ministral-3_3b__attempt_009
2026-07-13 13:56:08 | RUN | 3757/4858 | vocabulary_definition__ministral-3_3b__attempt_010
2026-07-13 13:56:29 | RUN | 3758/4858 | vocabulary_definition__ministral-3_3b__attempt_011
2026-07-13 13:56:38 | RUN | 3759/4858 | vocabulary_definition__ministral-3_3b__attempt_012
2026-07-13 13:56:54 | RUN | 3760/4858 | vocabulary_definition__ministral-3_3b__attempt_013
2026-07-13 13:57:04 | RUN | 3761/4858 | vocabulary_definition__ministral-3_3b__attempt_018
2026-07-13 13:57:19 | RUN | 3762/4858 | vocabulary_definition__ministral-3_3b__attempt_020
2026-07-13 13:57:36 | RUN | 3763/4858 | vocabulary_definition__ministral-3_3b__attempt_023
2026-07-13 13:57:47 | RUN | 3764/4858 | vocabulary_definition__ministral-3_3b__attempt_024
2026-07-13 13:58:05 | RUN | 3765/4858 | vocabulary_definition__ministral-3_3b__attempt_026
2026-07-13 13:58:14 | RUN | 3766/4858 | vocabulary_definition__ministral-3_3b__attempt_027
2026-07-13 13:58:30 | RUN | 3767/4858 | vocabulary_definition__ministral-3_3b__attempt_029
2026-07-13 13:58:39 | RUN | 3768/4858 | vocabulary_definition__ministral-3_3b__attempt_030
2026-07-13 13:58:48 | RUN | 3769/4858 | vocabulary_definition__ministral-3_3b__attempt_031
2026-07-13 13:58:56 | RUN | 3770/4858 | vocabulary_definition__ministral-3_3b__attempt_033
2026-07-13 13:59:05 | RUN | 3771/4858 | vocabulary_definition__ministral-3_3b__attempt_034
2026-07-13 13:59:14 | RUN | 3772/4858 | vocabulary_definition__ministral-3_3b__attempt_036
2026-07-13 13:59:31 | RUN | 3773/4858 | vocabulary_definition__ministral-3_3b__attempt_037
2026-07-13 13:59:50 | RUN | 3774/4858 | vocabulary_definition__ministral-3_3b__attempt_038
2026-07-13 14:00:05 | RUN | 3775/4858 | vocabulary_definition__ministral-3_3b__attempt_039
2026-07-13 14:00:20 | RUN | 3776/4858 | vocabulary_definition__ministral-3_3b__attempt_040
2026-07-13 14:00:37 | RUN | 3777/4858 | vocabulary_definition__ministral-3_3b__attempt_043
2026-07-13 14:00:52 | RUN | 3778/4858 | vocabulary_definition__ministral-3_3b__attempt_044
2026-07-13 14:01:21 | RUN | 3779/4858 | vocabulary_definition__ministral-3_3b__attempt_045
2026-07-13 14:01:29 | RUN | 3780/4858 | vocabulary_definition__ministral-3_3b__attempt_046
2026-07-13 14:01:46 | RUN | 3781/4858 | vocabulary_definition__ministral-3_3b__attempt_047
2026-07-13 14:02:01 | RUN | 3782/4858 | vocabulary_definition__ministral-3_3b__attempt_048
2026-07-13 14:02:12 | RUN | 3783/4858 | vocabulary_definition__ministral-3_3b__attempt_049
2026-07-13 14:02:31 | RUN | 3784/4858 | vocabulary_definition__ministral-3_3b__attempt_050
2026-07-13 14:02:50 | RUN | 3785/4858 | vocabulary_definition__ministral-3_3b__attempt_053
2026-07-13 14:03:08 | RUN | 3786/4858 | vocabulary_definition__ministral-3_3b__attempt_054
2026-07-13 14:03:24 | RUN | 3787/4858 | vocabulary_definition__ministral-3_3b__attempt_056
2026-07-13 14:03:43 | RUN | 3788/4858 | vocabulary_definition__ministral-3_3b__attempt_057
2026-07-13 14:03:52 | RUN | 3789/4858 | vocabulary_definition__ministral-3_3b__attempt_058
2026-07-13 14:04:00 | RUN | 3790/4858 | vocabulary_definition__ministral-3_3b__attempt_060
2026-07-13 14:04:20 | RUN | 3791/4858 | vocabulary_definition__ministral-3_3b__attempt_062
2026-07-13 14:04:35 | RUN | 3792/4858 | vocabulary_definition__ministral-3_3b__attempt_063
2026-07-13 14:04:44 | RUN | 3793/4858 | vocabulary_definition__ministral-3_3b__attempt_064
2026-07-13 14:05:04 | RUN | 3794/4858 | vocabulary_definition__ministral-3_3b__attempt_067
2026-07-13 14:05:12 | RUN | 3795/4858 | vocabulary_definition__ministral-3_3b__attempt_069
2026-07-13 14:05:21 | RUN | 3796/4858 | vocabulary_definition__ministral-3_3b__attempt_070
2026-07-13 14:05:37 | RUN | 3797/4858 | vocabulary_definition__ministral-3_3b__attempt_072
2026-07-13 14:05:47 | RUN | 3798/4858 | vocabulary_definition__ministral-3_3b__attempt_073
2026-07-13 14:05:57 | RUN | 3799/4858 | vocabulary_definition__ministral-3_3b__attempt_074
2026-07-13 14:06:16 | RUN | 3800/4858 | vocabulary_definition__ministral-3_3b__attempt_075
2026-07-13 14:06:32 | RUN | 3801/4858 | vocabulary_definition__ministral-3_3b__attempt_076
2026-07-13 14:06:52 | RUN | 3802/4858 | vocabulary_definition__ministral-3_3b__attempt_077
2026-07-13 14:07:09 | RUN | 3803/4858 | vocabulary_definition__ministral-3_3b__attempt_078
2026-07-13 14:07:30 | RUN | 3804/4858 | vocabulary_definition__ministral-3_3b__attempt_080
2026-07-13 14:07:49 | RUN | 3805/4858 | vocabulary_definition__ministral-3_3b__attempt_081
2026-07-13 14:07:59 | RUN | 3806/4858 | vocabulary_definition__ministral-3_3b__attempt_082
2026-07-13 14:08:20 | RUN | 3807/4858 | vocabulary_definition__ministral-3_3b__attempt_084
2026-07-13 14:08:37 | RUN | 3808/4858 | vocabulary_definition__ministral-3_3b__attempt_085
2026-07-13 14:08:51 | RUN | 3809/4858 | vocabulary_definition__ministral-3_3b__attempt_086
2026-07-13 14:09:07 | RUN | 3810/4858 | vocabulary_definition__ministral-3_3b__attempt_089
2026-07-13 14:09:16 | RUN | 3811/4858 | vocabulary_definition__ministral-3_3b__attempt_090
2026-07-13 14:09:35 | RUN | 3812/4858 | vocabulary_definition__ministral-3_3b__attempt_091
2026-07-13 14:09:55 | RUN | 3813/4858 | vocabulary_definition__ministral-3_3b__attempt_092
2026-07-13 14:10:14 | RUN | 3814/4858 | vocabulary_definition__ministral-3_3b__attempt_094
2026-07-13 14:10:34 | RUN | 3815/4858 | vocabulary_definition__ministral-3_3b__attempt_097
2026-07-13 14:10:42 | RUN | 3816/4858 | vocabulary_definition__ministral-3_3b__attempt_098
2026-07-13 14:11:05 | RUN | 3817/4858 | vocabulary_definition__ministral-3_3b__attempt_099
2026-07-13 14:11:24 | RUN | 3818/4858 | vocabulary_definition__ministral-3_3b__attempt_100
2026-07-13 14:11:39 | RUN | 3819/4858 | vocabulary_definition__qwen3.5_4b__attempt_001
2026-07-13 14:11:48 | RUN | 3820/4858 | vocabulary_definition__qwen3.5_4b__attempt_002
2026-07-13 14:12:05 | RUN | 3821/4858 | vocabulary_definition__qwen3.5_4b__attempt_003
2026-07-13 14:12:15 | RUN | 3822/4858 | vocabulary_definition__qwen3.5_4b__attempt_005
2026-07-13 14:12:31 | RUN | 3823/4858 | vocabulary_definition__qwen3.5_4b__attempt_006
2026-07-13 14:12:42 | RUN | 3824/4858 | vocabulary_definition__qwen3.5_4b__attempt_008
2026-07-13 14:12:50 | RUN | 3825/4858 | vocabulary_definition__qwen3.5_4b__attempt_009
2026-07-13 14:12:59 | RUN | 3826/4858 | vocabulary_definition__qwen3.5_4b__attempt_010
2026-07-13 14:13:08 | RUN | 3827/4858 | vocabulary_definition__qwen3.5_4b__attempt_011
2026-07-13 14:13:22 | RUN | 3828/4858 | vocabulary_definition__qwen3.5_4b__attempt_012
2026-07-13 14:13:39 | RUN | 3829/4858 | vocabulary_definition__qwen3.5_4b__attempt_013
2026-07-13 14:13:47 | RUN | 3830/4858 | vocabulary_definition__qwen3.5_4b__attempt_014
2026-07-13 14:13:56 | RUN | 3831/4858 | vocabulary_definition__qwen3.5_4b__attempt_015
2026-07-13 14:14:13 | RUN | 3832/4858 | vocabulary_definition__qwen3.5_4b__attempt_016
2026-07-13 14:14:22 | RUN | 3833/4858 | vocabulary_definition__qwen3.5_4b__attempt_017
2026-07-13 14:14:43 | RUN | 3834/4858 | vocabulary_definition__qwen3.5_4b__attempt_018
2026-07-13 14:14:51 | RUN | 3835/4858 | vocabulary_definition__qwen3.5_4b__attempt_019
2026-07-13 14:15:00 | RUN | 3836/4858 | vocabulary_definition__qwen3.5_4b__attempt_020
2026-07-13 14:15:09 | RUN | 3837/4858 | vocabulary_definition__qwen3.5_4b__attempt_021
2026-07-13 14:15:18 | RUN | 3838/4858 | vocabulary_definition__qwen3.5_4b__attempt_022
2026-07-13 14:15:38 | RUN | 3839/4858 | vocabulary_definition__qwen3.5_4b__attempt_023
2026-07-13 14:15:58 | RUN | 3840/4858 | vocabulary_definition__qwen3.5_4b__attempt_024
2026-07-13 14:16:07 | RUN | 3841/4858 | vocabulary_definition__qwen3.5_4b__attempt_025
2026-07-13 14:16:24 | RUN | 3842/4858 | vocabulary_definition__qwen3.5_4b__attempt_026
2026-07-13 14:16:42 | RUN | 3843/4858 | vocabulary_definition__qwen3.5_4b__attempt_027
2026-07-13 14:17:01 | RUN | 3844/4858 | vocabulary_definition__qwen3.5_4b__attempt_028
2026-07-13 14:17:16 | RUN | 3845/4858 | vocabulary_definition__qwen3.5_4b__attempt_030
2026-07-13 14:17:37 | RUN | 3846/4858 | vocabulary_definition__qwen3.5_4b__attempt_031
2026-07-13 14:17:47 | RUN | 3847/4858 | vocabulary_definition__qwen3.5_4b__attempt_032
2026-07-13 14:17:56 | RUN | 3848/4858 | vocabulary_definition__qwen3.5_4b__attempt_033
2026-07-13 14:18:05 | RUN | 3849/4858 | vocabulary_definition__qwen3.5_4b__attempt_034
2026-07-13 14:18:13 | RUN | 3850/4858 | vocabulary_definition__qwen3.5_4b__attempt_035
2026-07-13 14:18:24 | RUN | 3851/4858 | vocabulary_definition__qwen3.5_4b__attempt_036
2026-07-13 14:18:33 | RUN | 3852/4858 | vocabulary_definition__qwen3.5_4b__attempt_037
2026-07-13 14:18:51 | RUN | 3853/4858 | vocabulary_definition__qwen3.5_4b__attempt_038
2026-07-13 14:19:07 | RUN | 3854/4858 | vocabulary_definition__qwen3.5_4b__attempt_039
2026-07-13 14:19:17 | RUN | 3855/4858 | vocabulary_definition__qwen3.5_4b__attempt_040
2026-07-13 14:19:26 | RUN | 3856/4858 | vocabulary_definition__qwen3.5_4b__attempt_041
2026-07-13 14:19:43 | RUN | 3857/4858 | vocabulary_definition__qwen3.5_4b__attempt_042
2026-07-13 14:19:51 | RUN | 3858/4858 | vocabulary_definition__qwen3.5_4b__attempt_043
2026-07-13 14:20:00 | RUN | 3859/4858 | vocabulary_definition__qwen3.5_4b__attempt_045
2026-07-13 14:20:18 | RUN | 3860/4858 | vocabulary_definition__qwen3.5_4b__attempt_046
2026-07-13 14:20:26 | RUN | 3861/4858 | vocabulary_definition__qwen3.5_4b__attempt_047
2026-07-13 14:20:35 | RUN | 3862/4858 | vocabulary_definition__qwen3.5_4b__attempt_049
2026-07-13 14:20:44 | RUN | 3863/4858 | vocabulary_definition__qwen3.5_4b__attempt_050
2026-07-13 14:20:53 | RUN | 3864/4858 | vocabulary_definition__qwen3.5_4b__attempt_051
2026-07-13 14:21:11 | RUN | 3865/4858 | vocabulary_definition__qwen3.5_4b__attempt_052
2026-07-13 14:21:21 | RUN | 3866/4858 | vocabulary_definition__qwen3.5_4b__attempt_053
2026-07-13 14:21:29 | RUN | 3867/4858 | vocabulary_definition__qwen3.5_4b__attempt_054
2026-07-13 14:21:38 | RUN | 3868/4858 | vocabulary_definition__qwen3.5_4b__attempt_055
2026-07-13 14:21:47 | RUN | 3869/4858 | vocabulary_definition__qwen3.5_4b__attempt_056
2026-07-13 14:22:04 | RUN | 3870/4858 | vocabulary_definition__qwen3.5_4b__attempt_057
2026-07-13 14:22:21 | RUN | 3871/4858 | vocabulary_definition__qwen3.5_4b__attempt_058
2026-07-13 14:22:37 | RUN | 3872/4858 | vocabulary_definition__qwen3.5_4b__attempt_059
2026-07-13 14:22:46 | RUN | 3873/4858 | vocabulary_definition__qwen3.5_4b__attempt_060
2026-07-13 14:22:55 | RUN | 3874/4858 | vocabulary_definition__qwen3.5_4b__attempt_062
2026-07-13 14:23:05 | RUN | 3875/4858 | vocabulary_definition__qwen3.5_4b__attempt_063
2026-07-13 14:23:24 | RUN | 3876/4858 | vocabulary_definition__qwen3.5_4b__attempt_064
2026-07-13 14:23:33 | RUN | 3877/4858 | vocabulary_definition__qwen3.5_4b__attempt_065
2026-07-13 14:23:54 | RUN | 3878/4858 | vocabulary_definition__qwen3.5_4b__attempt_067
2026-07-13 14:24:03 | RUN | 3879/4858 | vocabulary_definition__qwen3.5_4b__attempt_068
2026-07-13 14:24:19 | RUN | 3880/4858 | vocabulary_definition__qwen3.5_4b__attempt_069
2026-07-13 14:24:28 | RUN | 3881/4858 | vocabulary_definition__qwen3.5_4b__attempt_070
2026-07-13 14:24:36 | RUN | 3882/4858 | vocabulary_definition__qwen3.5_4b__attempt_071
2026-07-13 14:24:53 | RUN | 3883/4858 | vocabulary_definition__qwen3.5_4b__attempt_072
2026-07-13 14:25:02 | RUN | 3884/4858 | vocabulary_definition__qwen3.5_4b__attempt_073
2026-07-13 14:25:10 | RUN | 3885/4858 | vocabulary_definition__qwen3.5_4b__attempt_074
2026-07-13 14:25:20 | RUN | 3886/4858 | vocabulary_definition__qwen3.5_4b__attempt_075
2026-07-13 14:25:35 | RUN | 3887/4858 | vocabulary_definition__qwen3.5_4b__attempt_076
2026-07-13 14:25:44 | RUN | 3888/4858 | vocabulary_definition__qwen3.5_4b__attempt_077
2026-07-13 14:25:53 | RUN | 3889/4858 | vocabulary_definition__qwen3.5_4b__attempt_078
2026-07-13 14:26:01 | RUN | 3890/4858 | vocabulary_definition__qwen3.5_4b__attempt_079
2026-07-13 14:26:10 | RUN | 3891/4858 | vocabulary_definition__qwen3.5_4b__attempt_080
2026-07-13 14:26:19 | RUN | 3892/4858 | vocabulary_definition__qwen3.5_4b__attempt_081
2026-07-13 14:26:40 | RUN | 3893/4858 | vocabulary_definition__qwen3.5_4b__attempt_082
2026-07-13 14:26:55 | RUN | 3894/4858 | vocabulary_definition__qwen3.5_4b__attempt_083
2026-07-13 14:27:12 | RUN | 3895/4858 | vocabulary_definition__qwen3.5_4b__attempt_084
2026-07-13 14:27:20 | RUN | 3896/4858 | vocabulary_definition__qwen3.5_4b__attempt_085
2026-07-13 14:27:29 | RUN | 3897/4858 | vocabulary_definition__qwen3.5_4b__attempt_086
2026-07-13 14:27:48 | RUN | 3898/4858 | vocabulary_definition__qwen3.5_4b__attempt_087
2026-07-13 14:28:08 | RUN | 3899/4858 | vocabulary_definition__qwen3.5_4b__attempt_088
2026-07-13 14:28:17 | RUN | 3900/4858 | vocabulary_definition__qwen3.5_4b__attempt_089
2026-07-13 14:28:34 | RUN | 3901/4858 | vocabulary_definition__qwen3.5_4b__attempt_090
2026-07-13 14:28:44 | RUN | 3902/4858 | vocabulary_definition__qwen3.5_4b__attempt_091
2026-07-13 14:28:52 | RUN | 3903/4858 | vocabulary_definition__qwen3.5_4b__attempt_092
2026-07-13 14:29:11 | RUN | 3904/4858 | vocabulary_definition__qwen3.5_4b__attempt_093
2026-07-13 14:29:20 | RUN | 3905/4858 | vocabulary_definition__qwen3.5_4b__attempt_094
2026-07-13 14:29:37 | RUN | 3906/4858 | vocabulary_definition__qwen3.5_4b__attempt_095
2026-07-13 14:29:52 | RUN | 3907/4858 | vocabulary_definition__qwen3.5_4b__attempt_096
2026-07-13 14:30:01 | RUN | 3908/4858 | vocabulary_definition__qwen3.5_4b__attempt_097
2026-07-13 14:30:10 | RUN | 3909/4858 | vocabulary_definition__qwen3.5_4b__attempt_098
2026-07-13 14:30:25 | RUN | 3910/4858 | vocabulary_definition__qwen3.5_4b__attempt_099
2026-07-13 14:30:43 | RUN | 3911/4858 | vocabulary_definition__qwen3.5_4b__attempt_100
2026-07-13 14:31:00 | RUN | 3912/4858 | vocabulary_match__Bielik-4.5B-v3.0-Instruct-GGUF_Q8_0__attempt_001
2026-07-13 14:31:17 | RUN | 3913/4858 | vocabulary_match__Bielik-4.5B-v3.0-Instruct-GGUF_Q8_0__attempt_002
2026-07-13 14:31:32 | RUN | 3914/4858 | vocabulary_match__Bielik-4.5B-v3.0-Instruct-GGUF_Q8_0__attempt_004
2026-07-13 14:31:52 | RUN | 3915/4858 | vocabulary_match__Bielik-4.5B-v3.0-Instruct-GGUF_Q8_0__attempt_005
2026-07-13 14:32:08 | RUN | 3916/4858 | vocabulary_match__Bielik-4.5B-v3.0-Instruct-GGUF_Q8_0__attempt_008
2026-07-13 14:32:27 | RUN | 3917/4858 | vocabulary_match__Bielik-4.5B-v3.0-Instruct-GGUF_Q8_0__attempt_009
2026-07-13 14:32:44 | RUN | 3918/4858 | vocabulary_match__Bielik-4.5B-v3.0-Instruct-GGUF_Q8_0__attempt_012
2026-07-13 14:32:58 | RUN | 3919/4858 | vocabulary_match__Bielik-4.5B-v3.0-Instruct-GGUF_Q8_0__attempt_013
2026-07-13 14:33:17 | RUN | 3920/4858 | vocabulary_match__Bielik-4.5B-v3.0-Instruct-GGUF_Q8_0__attempt_015
2026-07-13 14:33:32 | RUN | 3921/4858 | vocabulary_match__Bielik-4.5B-v3.0-Instruct-GGUF_Q8_0__attempt_016
2026-07-13 14:33:50 | RUN | 3922/4858 | vocabulary_match__Bielik-4.5B-v3.0-Instruct-GGUF_Q8_0__attempt_017
2026-07-13 14:34:07 | RUN | 3923/4858 | vocabulary_match__Bielik-4.5B-v3.0-Instruct-GGUF_Q8_0__attempt_018
2026-07-13 14:34:23 | RUN | 3924/4858 | vocabulary_match__Bielik-4.5B-v3.0-Instruct-GGUF_Q8_0__attempt_019
2026-07-13 14:34:39 | RUN | 3925/4858 | vocabulary_match__Bielik-4.5B-v3.0-Instruct-GGUF_Q8_0__attempt_020
2026-07-13 14:34:48 | RUN | 3926/4858 | vocabulary_match__Bielik-4.5B-v3.0-Instruct-GGUF_Q8_0__attempt_022
2026-07-13 14:35:06 | RUN | 3927/4858 | vocabulary_match__Bielik-4.5B-v3.0-Instruct-GGUF_Q8_0__attempt_023
2026-07-13 14:35:21 | RUN | 3928/4858 | vocabulary_match__Bielik-4.5B-v3.0-Instruct-GGUF_Q8_0__attempt_024
2026-07-13 14:35:38 | RUN | 3929/4858 | vocabulary_match__Bielik-4.5B-v3.0-Instruct-GGUF_Q8_0__attempt_025
2026-07-13 14:35:53 | RUN | 3930/4858 | vocabulary_match__Bielik-4.5B-v3.0-Instruct-GGUF_Q8_0__attempt_026
2026-07-13 14:36:10 | RUN | 3931/4858 | vocabulary_match__Bielik-4.5B-v3.0-Instruct-GGUF_Q8_0__attempt_027
2026-07-13 14:36:27 | RUN | 3932/4858 | vocabulary_match__Bielik-4.5B-v3.0-Instruct-GGUF_Q8_0__attempt_028
2026-07-13 14:36:37 | RUN | 3933/4858 | vocabulary_match__Bielik-4.5B-v3.0-Instruct-GGUF_Q8_0__attempt_029
2026-07-13 14:36:53 | RUN | 3934/4858 | vocabulary_match__Bielik-4.5B-v3.0-Instruct-GGUF_Q8_0__attempt_034
2026-07-13 14:37:07 | RUN | 3935/4858 | vocabulary_match__Bielik-4.5B-v3.0-Instruct-GGUF_Q8_0__attempt_035
2026-07-13 14:37:24 | RUN | 3936/4858 | vocabulary_match__Bielik-4.5B-v3.0-Instruct-GGUF_Q8_0__attempt_037
2026-07-13 14:37:38 | RUN | 3937/4858 | vocabulary_match__Bielik-4.5B-v3.0-Instruct-GGUF_Q8_0__attempt_038
2026-07-13 14:37:53 | RUN | 3938/4858 | vocabulary_match__Bielik-4.5B-v3.0-Instruct-GGUF_Q8_0__attempt_039
2026-07-13 14:38:10 | RUN | 3939/4858 | vocabulary_match__Bielik-4.5B-v3.0-Instruct-GGUF_Q8_0__attempt_040
2026-07-13 14:38:27 | RUN | 3940/4858 | vocabulary_match__Bielik-4.5B-v3.0-Instruct-GGUF_Q8_0__attempt_041
2026-07-13 14:38:43 | RUN | 3941/4858 | vocabulary_match__Bielik-4.5B-v3.0-Instruct-GGUF_Q8_0__attempt_042
2026-07-13 14:38:52 | RUN | 3942/4858 | vocabulary_match__Bielik-4.5B-v3.0-Instruct-GGUF_Q8_0__attempt_043
2026-07-13 14:39:12 | RUN | 3943/4858 | vocabulary_match__Bielik-4.5B-v3.0-Instruct-GGUF_Q8_0__attempt_044
2026-07-13 14:39:26 | RUN | 3944/4858 | vocabulary_match__Bielik-4.5B-v3.0-Instruct-GGUF_Q8_0__attempt_045
2026-07-13 14:39:35 | RUN | 3945/4858 | vocabulary_match__Bielik-4.5B-v3.0-Instruct-GGUF_Q8_0__attempt_046
2026-07-13 14:39:49 | RUN | 3946/4858 | vocabulary_match__Bielik-4.5B-v3.0-Instruct-GGUF_Q8_0__attempt_048
2026-07-13 14:40:07 | RUN | 3947/4858 | vocabulary_match__Bielik-4.5B-v3.0-Instruct-GGUF_Q8_0__attempt_049
2026-07-13 14:40:21 | RUN | 3948/4858 | vocabulary_match__Bielik-4.5B-v3.0-Instruct-GGUF_Q8_0__attempt_050
2026-07-13 14:40:39 | RUN | 3949/4858 | vocabulary_match__Bielik-4.5B-v3.0-Instruct-GGUF_Q8_0__attempt_051
2026-07-13 14:40:55 | RUN | 3950/4858 | vocabulary_match__Bielik-4.5B-v3.0-Instruct-GGUF_Q8_0__attempt_052
2026-07-13 14:41:12 | RUN | 3951/4858 | vocabulary_match__Bielik-4.5B-v3.0-Instruct-GGUF_Q8_0__attempt_053
2026-07-13 14:41:28 | RUN | 3952/4858 | vocabulary_match__Bielik-4.5B-v3.0-Instruct-GGUF_Q8_0__attempt_054
2026-07-13 14:41:46 | RUN | 3953/4858 | vocabulary_match__Bielik-4.5B-v3.0-Instruct-GGUF_Q8_0__attempt_055
2026-07-13 14:42:01 | RUN | 3954/4858 | vocabulary_match__Bielik-4.5B-v3.0-Instruct-GGUF_Q8_0__attempt_057
2026-07-13 14:42:16 | RUN | 3955/4858 | vocabulary_match__Bielik-4.5B-v3.0-Instruct-GGUF_Q8_0__attempt_058
2026-07-13 14:42:31 | RUN | 3956/4858 | vocabulary_match__Bielik-4.5B-v3.0-Instruct-GGUF_Q8_0__attempt_060
2026-07-13 14:42:45 | RUN | 3957/4858 | vocabulary_match__Bielik-4.5B-v3.0-Instruct-GGUF_Q8_0__attempt_061
2026-07-13 14:42:54 | RUN | 3958/4858 | vocabulary_match__Bielik-4.5B-v3.0-Instruct-GGUF_Q8_0__attempt_062
2026-07-13 14:43:13 | RUN | 3959/4858 | vocabulary_match__Bielik-4.5B-v3.0-Instruct-GGUF_Q8_0__attempt_064
2026-07-13 14:43:29 | RUN | 3960/4858 | vocabulary_match__Bielik-4.5B-v3.0-Instruct-GGUF_Q8_0__attempt_066
2026-07-13 14:43:48 | RUN | 3961/4858 | vocabulary_match__Bielik-4.5B-v3.0-Instruct-GGUF_Q8_0__attempt_067
2026-07-13 14:43:57 | RUN | 3962/4858 | vocabulary_match__Bielik-4.5B-v3.0-Instruct-GGUF_Q8_0__attempt_068
2026-07-13 14:44:10 | RUN | 3963/4858 | vocabulary_match__Bielik-4.5B-v3.0-Instruct-GGUF_Q8_0__attempt_069
2026-07-13 14:44:25 | RUN | 3964/4858 | vocabulary_match__Bielik-4.5B-v3.0-Instruct-GGUF_Q8_0__attempt_071
2026-07-13 14:44:43 | RUN | 3965/4858 | vocabulary_match__Bielik-4.5B-v3.0-Instruct-GGUF_Q8_0__attempt_072
2026-07-13 14:45:02 | RUN | 3966/4858 | vocabulary_match__Bielik-4.5B-v3.0-Instruct-GGUF_Q8_0__attempt_073
2026-07-13 14:45:18 | RUN | 3967/4858 | vocabulary_match__Bielik-4.5B-v3.0-Instruct-GGUF_Q8_0__attempt_076
2026-07-13 14:45:31 | RUN | 3968/4858 | vocabulary_match__Bielik-4.5B-v3.0-Instruct-GGUF_Q8_0__attempt_077
2026-07-13 14:45:47 | RUN | 3969/4858 | vocabulary_match__Bielik-4.5B-v3.0-Instruct-GGUF_Q8_0__attempt_078
2026-07-13 14:46:03 | RUN | 3970/4858 | vocabulary_match__Bielik-4.5B-v3.0-Instruct-GGUF_Q8_0__attempt_079
2026-07-13 14:46:23 | RUN | 3971/4858 | vocabulary_match__Bielik-4.5B-v3.0-Instruct-GGUF_Q8_0__attempt_082
2026-07-13 14:46:41 | RUN | 3972/4858 | vocabulary_match__Bielik-4.5B-v3.0-Instruct-GGUF_Q8_0__attempt_083
2026-07-13 14:46:58 | RUN | 3973/4858 | vocabulary_match__Bielik-4.5B-v3.0-Instruct-GGUF_Q8_0__attempt_084
2026-07-13 14:47:16 | RUN | 3974/4858 | vocabulary_match__Bielik-4.5B-v3.0-Instruct-GGUF_Q8_0__attempt_085
2026-07-13 14:47:26 | RUN | 3975/4858 | vocabulary_match__Bielik-4.5B-v3.0-Instruct-GGUF_Q8_0__attempt_089
2026-07-13 14:47:44 | RUN | 3976/4858 | vocabulary_match__Bielik-4.5B-v3.0-Instruct-GGUF_Q8_0__attempt_091
2026-07-13 14:48:00 | RUN | 3977/4858 | vocabulary_match__Bielik-4.5B-v3.0-Instruct-GGUF_Q8_0__attempt_092
2026-07-13 14:48:14 | RUN | 3978/4858 | vocabulary_match__Bielik-4.5B-v3.0-Instruct-GGUF_Q8_0__attempt_093
2026-07-13 14:48:31 | RUN | 3979/4858 | vocabulary_match__Bielik-4.5B-v3.0-Instruct-GGUF_Q8_0__attempt_094
2026-07-13 14:48:49 | RUN | 3980/4858 | vocabulary_match__Bielik-4.5B-v3.0-Instruct-GGUF_Q8_0__attempt_095
2026-07-13 14:49:05 | RUN | 3981/4858 | vocabulary_match__Bielik-4.5B-v3.0-Instruct-GGUF_Q8_0__attempt_096
2026-07-13 14:49:21 | RUN | 3982/4858 | vocabulary_match__Bielik-4.5B-v3.0-Instruct-GGUF_Q8_0__attempt_097
2026-07-13 14:49:30 | RUN | 3983/4858 | vocabulary_match__Bielik-4.5B-v3.0-Instruct-GGUF_Q8_0__attempt_099
2026-07-13 14:49:40 | RUN | 3984/4858 | vocabulary_match__deepseek-r1_8b__attempt_018
2026-07-13 14:49:58 | RUN | 3985/4858 | vocabulary_match__deepseek-r1_8b__attempt_024
2026-07-13 14:50:15 | RUN | 3986/4858 | vocabulary_match__deepseek-r1_8b__attempt_039
2026-07-13 14:50:34 | RUN | 3987/4858 | vocabulary_match__deepseek-r1_8b__attempt_047
2026-07-13 14:50:48 | RUN | 3988/4858 | vocabulary_match__deepseek-r1_8b__attempt_055
2026-07-13 14:51:05 | RUN | 3989/4858 | vocabulary_match__deepseek-r1_8b__attempt_056
2026-07-13 14:51:22 | RUN | 3990/4858 | vocabulary_match__deepseek-r1_8b__attempt_065
2026-07-13 14:51:39 | RUN | 3991/4858 | vocabulary_match__deepseek-r1_8b__attempt_076
2026-07-13 14:51:53 | RUN | 3992/4858 | vocabulary_match__deepseek-r1_8b__attempt_086
2026-07-13 14:52:09 | RUN | 3993/4858 | vocabulary_match__deepseek-r1_8b__attempt_087
2026-07-13 14:52:23 | RUN | 3994/4858 | vocabulary_match__deepseek-r1_8b__attempt_095
2026-07-13 14:52:37 | RUN | 3995/4858 | vocabulary_match__deepseek-r1_8b__attempt_100
2026-07-13 14:52:54 | RUN | 3996/4858 | vocabulary_match__llama3.1_8b__attempt_002
2026-07-13 14:53:14 | RUN | 3997/4858 | vocabulary_match__llama3.1_8b__attempt_003
2026-07-13 14:53:31 | RUN | 3998/4858 | vocabulary_match__llama3.1_8b__attempt_006
2026-07-13 14:53:54 | RUN | 3999/4858 | vocabulary_match__llama3.1_8b__attempt_007
2026-07-13 14:54:11 | RUN | 4000/4858 | vocabulary_match__llama3.1_8b__attempt_009
2026-07-13 14:54:29 | RUN | 4001/4858 | vocabulary_match__llama3.1_8b__attempt_010
2026-07-13 14:54:46 | RUN | 4002/4858 | vocabulary_match__llama3.1_8b__attempt_013
2026-07-13 14:55:03 | RUN | 4003/4858 | vocabulary_match__llama3.1_8b__attempt_016
2026-07-13 14:55:19 | RUN | 4004/4858 | vocabulary_match__llama3.1_8b__attempt_018
2026-07-13 14:55:37 | RUN | 4005/4858 | vocabulary_match__llama3.1_8b__attempt_021
2026-07-13 14:55:46 | RUN | 4006/4858 | vocabulary_match__llama3.1_8b__attempt_022
2026-07-13 14:56:06 | RUN | 4007/4858 | vocabulary_match__llama3.1_8b__attempt_024
2026-07-13 14:56:24 | RUN | 4008/4858 | vocabulary_match__llama3.1_8b__attempt_025
2026-07-13 14:56:43 | RUN | 4009/4858 | vocabulary_match__llama3.1_8b__attempt_027
2026-07-13 14:57:00 | RUN | 4010/4858 | vocabulary_match__llama3.1_8b__attempt_028
2026-07-13 14:57:09 | RUN | 4011/4858 | vocabulary_match__llama3.1_8b__attempt_029
2026-07-13 14:57:26 | RUN | 4012/4858 | vocabulary_match__llama3.1_8b__attempt_030
2026-07-13 14:57:43 | RUN | 4013/4858 | vocabulary_match__llama3.1_8b__attempt_031
2026-07-13 14:58:03 | RUN | 4014/4858 | vocabulary_match__llama3.1_8b__attempt_032
2026-07-13 14:58:18 | RUN | 4015/4858 | vocabulary_match__llama3.1_8b__attempt_034
2026-07-13 14:58:36 | RUN | 4016/4858 | vocabulary_match__llama3.1_8b__attempt_035
2026-07-13 14:58:55 | RUN | 4017/4858 | vocabulary_match__llama3.1_8b__attempt_036
2026-07-13 14:59:13 | RUN | 4018/4858 | vocabulary_match__llama3.1_8b__attempt_037
2026-07-13 14:59:33 | RUN | 4019/4858 | vocabulary_match__llama3.1_8b__attempt_038
2026-07-13 14:59:53 | RUN | 4020/4858 | vocabulary_match__llama3.1_8b__attempt_041
2026-07-13 15:00:13 | RUN | 4021/4858 | vocabulary_match__llama3.1_8b__attempt_042
2026-07-13 15:00:32 | RUN | 4022/4858 | vocabulary_match__llama3.1_8b__attempt_043
2026-07-13 15:00:49 | RUN | 4023/4858 | vocabulary_match__llama3.1_8b__attempt_044
2026-07-13 15:01:07 | RUN | 4024/4858 | vocabulary_match__llama3.1_8b__attempt_046
2026-07-13 15:01:24 | RUN | 4025/4858 | vocabulary_match__llama3.1_8b__attempt_048
2026-07-13 15:01:42 | RUN | 4026/4858 | vocabulary_match__llama3.1_8b__attempt_049
2026-07-13 15:02:00 | RUN | 4027/4858 | vocabulary_match__llama3.1_8b__attempt_054
2026-07-13 15:02:18 | RUN | 4028/4858 | vocabulary_match__llama3.1_8b__attempt_055
2026-07-13 15:02:35 | RUN | 4029/4858 | vocabulary_match__llama3.1_8b__attempt_056
2026-07-13 15:02:54 | RUN | 4030/4858 | vocabulary_match__llama3.1_8b__attempt_057
2026-07-13 15:03:12 | RUN | 4031/4858 | vocabulary_match__llama3.1_8b__attempt_059
2026-07-13 15:03:34 | RUN | 4032/4858 | vocabulary_match__llama3.1_8b__attempt_060
2026-07-13 15:03:51 | RUN | 4033/4858 | vocabulary_match__llama3.1_8b__attempt_062
2026-07-13 15:04:07 | RUN | 4034/4858 | vocabulary_match__llama3.1_8b__attempt_065
2026-07-13 15:04:25 | RUN | 4035/4858 | vocabulary_match__llama3.1_8b__attempt_066
2026-07-13 15:04:41 | RUN | 4036/4858 | vocabulary_match__llama3.1_8b__attempt_067
2026-07-13 15:05:00 | RUN | 4037/4858 | vocabulary_match__llama3.1_8b__attempt_069
2026-07-13 15:05:18 | RUN | 4038/4858 | vocabulary_match__llama3.1_8b__attempt_071
2026-07-13 15:05:37 | RUN | 4039/4858 | vocabulary_match__llama3.1_8b__attempt_072
2026-07-13 15:05:52 | RUN | 4040/4858 | vocabulary_match__llama3.1_8b__attempt_073
2026-07-13 15:06:08 | RUN | 4041/4858 | vocabulary_match__llama3.1_8b__attempt_075
2026-07-13 15:06:25 | RUN | 4042/4858 | vocabulary_match__llama3.1_8b__attempt_076
2026-07-13 15:06:40 | RUN | 4043/4858 | vocabulary_match__llama3.1_8b__attempt_077
2026-07-13 15:06:56 | RUN | 4044/4858 | vocabulary_match__llama3.1_8b__attempt_078
2026-07-13 15:07:17 | RUN | 4045/4858 | vocabulary_match__llama3.1_8b__attempt_080
2026-07-13 15:07:36 | RUN | 4046/4858 | vocabulary_match__llama3.1_8b__attempt_081
2026-07-13 15:07:55 | RUN | 4047/4858 | vocabulary_match__llama3.1_8b__attempt_082
2026-07-13 15:08:10 | RUN | 4048/4858 | vocabulary_match__llama3.1_8b__attempt_083
2026-07-13 15:08:27 | RUN | 4049/4858 | vocabulary_match__llama3.1_8b__attempt_084
2026-07-13 15:08:41 | RUN | 4050/4858 | vocabulary_match__llama3.1_8b__attempt_086
2026-07-13 15:09:01 | RUN | 4051/4858 | vocabulary_match__llama3.1_8b__attempt_087
2026-07-13 15:09:19 | RUN | 4052/4858 | vocabulary_match__llama3.1_8b__attempt_090
2026-07-13 15:09:36 | RUN | 4053/4858 | vocabulary_match__llama3.1_8b__attempt_091
2026-07-13 15:09:57 | RUN | 4054/4858 | vocabulary_match__llama3.1_8b__attempt_095
2026-07-13 15:10:14 | RUN | 4055/4858 | vocabulary_match__llama3.1_8b__attempt_097
2026-07-13 15:10:30 | RUN | 4056/4858 | vocabulary_match__llama3.1_8b__attempt_098
2026-07-13 15:10:44 | RUN | 4057/4858 | vocabulary_match__llama3.1_8b__attempt_099
2026-07-13 15:10:53 | RUN | 4058/4858 | vocabulary_match__llama3.1_8b__attempt_100
2026-07-13 15:11:10 | RUN | 4059/4858 | vocabulary_match__ministral-3_3b__attempt_001
2026-07-13 15:11:28 | RUN | 4060/4858 | vocabulary_match__ministral-3_3b__attempt_002
2026-07-13 15:11:44 | RUN | 4061/4858 | vocabulary_match__ministral-3_3b__attempt_004
2026-07-13 15:12:00 | RUN | 4062/4858 | vocabulary_match__ministral-3_3b__attempt_005
2026-07-13 15:12:18 | RUN | 4063/4858 | vocabulary_match__ministral-3_3b__attempt_006
2026-07-13 15:12:34 | RUN | 4064/4858 | vocabulary_match__ministral-3_3b__attempt_010
2026-07-13 15:12:53 | RUN | 4065/4858 | vocabulary_match__ministral-3_3b__attempt_015
2026-07-13 15:13:11 | RUN | 4066/4858 | vocabulary_match__ministral-3_3b__attempt_018
2026-07-13 15:13:28 | RUN | 4067/4858 | vocabulary_match__ministral-3_3b__attempt_021
2026-07-13 15:13:45 | RUN | 4068/4858 | vocabulary_match__ministral-3_3b__attempt_022
2026-07-13 15:14:02 | RUN | 4069/4858 | vocabulary_match__ministral-3_3b__attempt_025
2026-07-13 15:14:21 | RUN | 4070/4858 | vocabulary_match__ministral-3_3b__attempt_026
2026-07-13 15:14:39 | RUN | 4071/4858 | vocabulary_match__ministral-3_3b__attempt_027
2026-07-13 15:14:56 | RUN | 4072/4858 | vocabulary_match__ministral-3_3b__attempt_029
2026-07-13 15:15:12 | RUN | 4073/4858 | vocabulary_match__ministral-3_3b__attempt_030
2026-07-13 15:15:28 | RUN | 4074/4858 | vocabulary_match__ministral-3_3b__attempt_031
2026-07-13 15:15:46 | RUN | 4075/4858 | vocabulary_match__ministral-3_3b__attempt_034
2026-07-13 15:16:02 | RUN | 4076/4858 | vocabulary_match__ministral-3_3b__attempt_035
2026-07-13 15:16:20 | RUN | 4077/4858 | vocabulary_match__ministral-3_3b__attempt_037
2026-07-13 15:16:33 | RUN | 4078/4858 | vocabulary_match__ministral-3_3b__attempt_038
2026-07-13 15:16:52 | RUN | 4079/4858 | vocabulary_match__ministral-3_3b__attempt_039
2026-07-13 15:17:10 | RUN | 4080/4858 | vocabulary_match__ministral-3_3b__attempt_041
2026-07-13 15:17:26 | RUN | 4081/4858 | vocabulary_match__ministral-3_3b__attempt_045
2026-07-13 15:17:45 | RUN | 4082/4858 | vocabulary_match__ministral-3_3b__attempt_047
2026-07-13 15:18:05 | RUN | 4083/4858 | vocabulary_match__ministral-3_3b__attempt_049
2026-07-13 15:18:19 | RUN | 4084/4858 | vocabulary_match__ministral-3_3b__attempt_051
2026-07-13 15:18:38 | RUN | 4085/4858 | vocabulary_match__ministral-3_3b__attempt_052
2026-07-13 15:18:55 | RUN | 4086/4858 | vocabulary_match__ministral-3_3b__attempt_053
2026-07-13 15:19:13 | RUN | 4087/4858 | vocabulary_match__ministral-3_3b__attempt_054
2026-07-13 15:19:32 | RUN | 4088/4858 | vocabulary_match__ministral-3_3b__attempt_057
2026-07-13 15:19:49 | RUN | 4089/4858 | vocabulary_match__ministral-3_3b__attempt_060
2026-07-13 15:20:02 | RUN | 4090/4858 | vocabulary_match__ministral-3_3b__attempt_062
2026-07-13 15:20:21 | RUN | 4091/4858 | vocabulary_match__ministral-3_3b__attempt_063
2026-07-13 15:20:38 | RUN | 4092/4858 | vocabulary_match__ministral-3_3b__attempt_064
2026-07-13 15:20:53 | RUN | 4093/4858 | vocabulary_match__ministral-3_3b__attempt_065
2026-07-13 15:21:10 | RUN | 4094/4858 | vocabulary_match__ministral-3_3b__attempt_066
2026-07-13 15:21:27 | RUN | 4095/4858 | vocabulary_match__ministral-3_3b__attempt_069
2026-07-13 15:21:49 | RUN | 4096/4858 | vocabulary_match__ministral-3_3b__attempt_070
2026-07-13 15:22:06 | RUN | 4097/4858 | vocabulary_match__ministral-3_3b__attempt_071
2026-07-13 15:22:22 | RUN | 4098/4858 | vocabulary_match__ministral-3_3b__attempt_072
2026-07-13 15:22:40 | RUN | 4099/4858 | vocabulary_match__ministral-3_3b__attempt_073
2026-07-13 15:22:57 | RUN | 4100/4858 | vocabulary_match__ministral-3_3b__attempt_074
2026-07-13 15:23:13 | RUN | 4101/4858 | vocabulary_match__ministral-3_3b__attempt_075
2026-07-13 15:23:32 | RUN | 4102/4858 | vocabulary_match__ministral-3_3b__attempt_076
2026-07-13 15:23:47 | RUN | 4103/4858 | vocabulary_match__ministral-3_3b__attempt_077
2026-07-13 15:24:05 | RUN | 4104/4858 | vocabulary_match__ministral-3_3b__attempt_079
2026-07-13 15:24:22 | RUN | 4105/4858 | vocabulary_match__ministral-3_3b__attempt_080
2026-07-13 15:24:39 | RUN | 4106/4858 | vocabulary_match__ministral-3_3b__attempt_081
2026-07-13 15:24:56 | RUN | 4107/4858 | vocabulary_match__ministral-3_3b__attempt_085
2026-07-13 15:25:13 | RUN | 4108/4858 | vocabulary_match__ministral-3_3b__attempt_086
2026-07-13 15:25:30 | RUN | 4109/4858 | vocabulary_match__ministral-3_3b__attempt_087
2026-07-13 15:25:45 | RUN | 4110/4858 | vocabulary_match__ministral-3_3b__attempt_088
2026-07-13 15:26:01 | RUN | 4111/4858 | vocabulary_match__ministral-3_3b__attempt_091
2026-07-13 15:26:21 | RUN | 4112/4858 | vocabulary_match__ministral-3_3b__attempt_092
2026-07-13 15:26:41 | RUN | 4113/4858 | vocabulary_match__ministral-3_3b__attempt_094
2026-07-13 15:27:01 | RUN | 4114/4858 | vocabulary_match__ministral-3_3b__attempt_095
2026-07-13 15:27:18 | RUN | 4115/4858 | vocabulary_match__ministral-3_3b__attempt_096
2026-07-13 15:27:37 | RUN | 4116/4858 | vocabulary_match__ministral-3_3b__attempt_097
2026-07-13 15:27:55 | RUN | 4117/4858 | vocabulary_match__ministral-3_3b__attempt_098
2026-07-13 15:28:11 | RUN | 4118/4858 | vocabulary_match__ministral-3_3b__attempt_099
2026-07-13 15:28:28 | RUN | 4119/4858 | vocabulary_match__ministral-3_3b__attempt_100
2026-07-13 15:28:46 | RUN | 4120/4858 | vocabulary_match__qwen3.5_4b__attempt_001
2026-07-13 15:29:05 | RUN | 4121/4858 | vocabulary_match__qwen3.5_4b__attempt_003
2026-07-13 15:29:24 | RUN | 4122/4858 | vocabulary_match__qwen3.5_4b__attempt_005
2026-07-13 15:29:38 | RUN | 4123/4858 | vocabulary_match__qwen3.5_4b__attempt_006
2026-07-13 15:29:57 | RUN | 4124/4858 | vocabulary_match__qwen3.5_4b__attempt_007
2026-07-13 15:30:12 | RUN | 4125/4858 | vocabulary_match__qwen3.5_4b__attempt_008
2026-07-13 15:30:31 | RUN | 4126/4858 | vocabulary_match__qwen3.5_4b__attempt_009
2026-07-13 15:30:46 | RUN | 4127/4858 | vocabulary_match__qwen3.5_4b__attempt_010
2026-07-13 15:30:55 | RUN | 4128/4858 | vocabulary_match__qwen3.5_4b__attempt_012
2026-07-13 15:31:13 | RUN | 4129/4858 | vocabulary_match__qwen3.5_4b__attempt_013
2026-07-13 15:31:28 | RUN | 4130/4858 | vocabulary_match__qwen3.5_4b__attempt_015
2026-07-13 15:31:37 | RUN | 4131/4858 | vocabulary_match__qwen3.5_4b__attempt_016
2026-07-13 15:31:49 | RUN | 4132/4858 | vocabulary_match__qwen3.5_4b__attempt_017
2026-07-13 15:32:04 | RUN | 4133/4858 | vocabulary_match__qwen3.5_4b__attempt_019
2026-07-13 15:32:25 | RUN | 4134/4858 | vocabulary_match__qwen3.5_4b__attempt_020
2026-07-13 15:32:43 | RUN | 4135/4858 | vocabulary_match__qwen3.5_4b__attempt_022
2026-07-13 15:33:00 | RUN | 4136/4858 | vocabulary_match__qwen3.5_4b__attempt_023
2026-07-13 15:33:16 | RUN | 4137/4858 | vocabulary_match__qwen3.5_4b__attempt_024
2026-07-13 15:33:33 | RUN | 4138/4858 | vocabulary_match__qwen3.5_4b__attempt_025
2026-07-13 15:33:51 | RUN | 4139/4858 | vocabulary_match__qwen3.5_4b__attempt_026
2026-07-13 15:34:09 | RUN | 4140/4858 | vocabulary_match__qwen3.5_4b__attempt_027
2026-07-13 15:34:28 | RUN | 4141/4858 | vocabulary_match__qwen3.5_4b__attempt_028
2026-07-13 15:34:48 | RUN | 4142/4858 | vocabulary_match__qwen3.5_4b__attempt_029
2026-07-13 15:35:06 | RUN | 4143/4858 | vocabulary_match__qwen3.5_4b__attempt_030
2026-07-13 15:35:22 | RUN | 4144/4858 | vocabulary_match__qwen3.5_4b__attempt_031
2026-07-13 15:35:38 | RUN | 4145/4858 | vocabulary_match__qwen3.5_4b__attempt_032
2026-07-13 15:35:56 | RUN | 4146/4858 | vocabulary_match__qwen3.5_4b__attempt_033
2026-07-13 15:36:13 | RUN | 4147/4858 | vocabulary_match__qwen3.5_4b__attempt_034
2026-07-13 15:36:33 | RUN | 4148/4858 | vocabulary_match__qwen3.5_4b__attempt_035
2026-07-13 15:36:49 | RUN | 4149/4858 | vocabulary_match__qwen3.5_4b__attempt_036
2026-07-13 15:37:05 | RUN | 4150/4858 | vocabulary_match__qwen3.5_4b__attempt_037
2026-07-13 15:37:24 | RUN | 4151/4858 | vocabulary_match__qwen3.5_4b__attempt_038
2026-07-13 15:37:40 | RUN | 4152/4858 | vocabulary_match__qwen3.5_4b__attempt_040
2026-07-13 15:37:57 | RUN | 4153/4858 | vocabulary_match__qwen3.5_4b__attempt_041
2026-07-13 15:38:14 | RUN | 4154/4858 | vocabulary_match__qwen3.5_4b__attempt_042
2026-07-13 15:38:34 | RUN | 4155/4858 | vocabulary_match__qwen3.5_4b__attempt_043
2026-07-13 15:38:48 | RUN | 4156/4858 | vocabulary_match__qwen3.5_4b__attempt_044
2026-07-13 15:39:06 | RUN | 4157/4858 | vocabulary_match__qwen3.5_4b__attempt_045
2026-07-13 15:39:14 | RUN | 4158/4858 | vocabulary_match__qwen3.5_4b__attempt_046
2026-07-13 15:39:31 | RUN | 4159/4858 | vocabulary_match__qwen3.5_4b__attempt_047
2026-07-13 15:39:42 | RUN | 4160/4858 | vocabulary_match__qwen3.5_4b__attempt_048
2026-07-13 15:39:59 | RUN | 4161/4858 | vocabulary_match__qwen3.5_4b__attempt_050
2026-07-13 15:40:17 | RUN | 4162/4858 | vocabulary_match__qwen3.5_4b__attempt_052
2026-07-13 15:40:38 | RUN | 4163/4858 | vocabulary_match__qwen3.5_4b__attempt_054
2026-07-13 15:40:52 | RUN | 4164/4858 | vocabulary_match__qwen3.5_4b__attempt_055
2026-07-13 15:41:09 | RUN | 4165/4858 | vocabulary_match__qwen3.5_4b__attempt_056
2026-07-13 15:41:28 | RUN | 4166/4858 | vocabulary_match__qwen3.5_4b__attempt_057
2026-07-13 15:41:46 | RUN | 4167/4858 | vocabulary_match__qwen3.5_4b__attempt_058
2026-07-13 15:42:05 | RUN | 4168/4858 | vocabulary_match__qwen3.5_4b__attempt_059
2026-07-13 15:42:26 | RUN | 4169/4858 | vocabulary_match__qwen3.5_4b__attempt_060
2026-07-13 15:42:46 | RUN | 4170/4858 | vocabulary_match__qwen3.5_4b__attempt_061
2026-07-13 15:43:04 | RUN | 4171/4858 | vocabulary_match__qwen3.5_4b__attempt_063
2026-07-13 15:43:21 | RUN | 4172/4858 | vocabulary_match__qwen3.5_4b__attempt_065
2026-07-13 15:43:37 | RUN | 4173/4858 | vocabulary_match__qwen3.5_4b__attempt_066
2026-07-13 15:43:55 | RUN | 4174/4858 | vocabulary_match__qwen3.5_4b__attempt_068
2026-07-13 15:44:13 | RUN | 4175/4858 | vocabulary_match__qwen3.5_4b__attempt_069
2026-07-13 15:44:31 | RUN | 4176/4858 | vocabulary_match__qwen3.5_4b__attempt_071
2026-07-13 15:44:51 | RUN | 4177/4858 | vocabulary_match__qwen3.5_4b__attempt_072
2026-07-13 15:45:05 | RUN | 4178/4858 | vocabulary_match__qwen3.5_4b__attempt_074
2026-07-13 15:45:17 | RUN | 4179/4858 | vocabulary_match__qwen3.5_4b__attempt_075
2026-07-13 15:45:35 | RUN | 4180/4858 | vocabulary_match__qwen3.5_4b__attempt_076
2026-07-13 15:45:52 | RUN | 4181/4858 | vocabulary_match__qwen3.5_4b__attempt_078
2026-07-13 15:46:11 | RUN | 4182/4858 | vocabulary_match__qwen3.5_4b__attempt_079
2026-07-13 15:46:26 | RUN | 4183/4858 | vocabulary_match__qwen3.5_4b__attempt_080
2026-07-13 15:46:40 | RUN | 4184/4858 | vocabulary_match__qwen3.5_4b__attempt_081
2026-07-13 15:46:58 | RUN | 4185/4858 | vocabulary_match__qwen3.5_4b__attempt_082
2026-07-13 15:47:13 | RUN | 4186/4858 | vocabulary_match__qwen3.5_4b__attempt_083
2026-07-13 15:47:27 | RUN | 4187/4858 | vocabulary_match__qwen3.5_4b__attempt_084
2026-07-13 15:47:46 | RUN | 4188/4858 | vocabulary_match__qwen3.5_4b__attempt_085
2026-07-13 15:48:04 | RUN | 4189/4858 | vocabulary_match__qwen3.5_4b__attempt_086
2026-07-13 15:48:22 | RUN | 4190/4858 | vocabulary_match__qwen3.5_4b__attempt_087
2026-07-13 15:48:42 | RUN | 4191/4858 | vocabulary_match__qwen3.5_4b__attempt_088
2026-07-13 15:48:58 | RUN | 4192/4858 | vocabulary_match__qwen3.5_4b__attempt_089
2026-07-13 15:49:14 | RUN | 4193/4858 | vocabulary_match__qwen3.5_4b__attempt_090
2026-07-13 15:49:29 | RUN | 4194/4858 | vocabulary_match__qwen3.5_4b__attempt_091
2026-07-13 15:49:47 | RUN | 4195/4858 | vocabulary_match__qwen3.5_4b__attempt_093
2026-07-13 15:50:00 | RUN | 4196/4858 | vocabulary_match__qwen3.5_4b__attempt_094
2026-07-13 15:50:20 | RUN | 4197/4858 | vocabulary_match__qwen3.5_4b__attempt_095
2026-07-13 15:50:35 | RUN | 4198/4858 | vocabulary_match__qwen3.5_4b__attempt_096
2026-07-13 15:50:56 | RUN | 4199/4858 | vocabulary_match__qwen3.5_4b__attempt_097
2026-07-13 15:51:08 | RUN | 4200/4858 | vocabulary_match__qwen3.5_4b__attempt_098
2026-07-13 15:51:29 | RUN | 4201/4858 | vocabulary_match__qwen3.5_4b__attempt_100
2026-07-13 15:51:47 | RUN | 4202/4858 | vocabulary_synonym__Bielik-4.5B-v3.0-Instruct-GGUF_Q8_0__attempt_001
2026-07-13 15:52:01 | RUN | 4203/4858 | vocabulary_synonym__Bielik-4.5B-v3.0-Instruct-GGUF_Q8_0__attempt_002
2026-07-13 15:52:15 | RUN | 4204/4858 | vocabulary_synonym__Bielik-4.5B-v3.0-Instruct-GGUF_Q8_0__attempt_003
2026-07-13 15:52:29 | RUN | 4205/4858 | vocabulary_synonym__Bielik-4.5B-v3.0-Instruct-GGUF_Q8_0__attempt_004
2026-07-13 15:52:43 | RUN | 4206/4858 | vocabulary_synonym__Bielik-4.5B-v3.0-Instruct-GGUF_Q8_0__attempt_005
2026-07-13 15:52:58 | RUN | 4207/4858 | vocabulary_synonym__Bielik-4.5B-v3.0-Instruct-GGUF_Q8_0__attempt_006
2026-07-13 15:53:12 | RUN | 4208/4858 | vocabulary_synonym__Bielik-4.5B-v3.0-Instruct-GGUF_Q8_0__attempt_007
2026-07-13 15:53:28 | RUN | 4209/4858 | vocabulary_synonym__Bielik-4.5B-v3.0-Instruct-GGUF_Q8_0__attempt_008
2026-07-13 15:53:37 | RUN | 4210/4858 | vocabulary_synonym__Bielik-4.5B-v3.0-Instruct-GGUF_Q8_0__attempt_009
2026-07-13 15:53:52 | RUN | 4211/4858 | vocabulary_synonym__Bielik-4.5B-v3.0-Instruct-GGUF_Q8_0__attempt_010
2026-07-13 15:54:05 | RUN | 4212/4858 | vocabulary_synonym__Bielik-4.5B-v3.0-Instruct-GGUF_Q8_0__attempt_012
2026-07-13 15:54:20 | RUN | 4213/4858 | vocabulary_synonym__Bielik-4.5B-v3.0-Instruct-GGUF_Q8_0__attempt_013
2026-07-13 15:54:34 | RUN | 4214/4858 | vocabulary_synonym__Bielik-4.5B-v3.0-Instruct-GGUF_Q8_0__attempt_014
2026-07-13 15:54:51 | RUN | 4215/4858 | vocabulary_synonym__Bielik-4.5B-v3.0-Instruct-GGUF_Q8_0__attempt_015
2026-07-13 15:55:05 | RUN | 4216/4858 | vocabulary_synonym__Bielik-4.5B-v3.0-Instruct-GGUF_Q8_0__attempt_016
2026-07-13 15:55:19 | RUN | 4217/4858 | vocabulary_synonym__Bielik-4.5B-v3.0-Instruct-GGUF_Q8_0__attempt_017
2026-07-13 15:55:35 | RUN | 4218/4858 | vocabulary_synonym__Bielik-4.5B-v3.0-Instruct-GGUF_Q8_0__attempt_018
2026-07-13 15:55:48 | RUN | 4219/4858 | vocabulary_synonym__Bielik-4.5B-v3.0-Instruct-GGUF_Q8_0__attempt_020
2026-07-13 15:56:05 | RUN | 4220/4858 | vocabulary_synonym__Bielik-4.5B-v3.0-Instruct-GGUF_Q8_0__attempt_021
2026-07-13 15:56:17 | RUN | 4221/4858 | vocabulary_synonym__Bielik-4.5B-v3.0-Instruct-GGUF_Q8_0__attempt_022
2026-07-13 15:56:33 | RUN | 4222/4858 | vocabulary_synonym__Bielik-4.5B-v3.0-Instruct-GGUF_Q8_0__attempt_023
2026-07-13 15:56:48 | RUN | 4223/4858 | vocabulary_synonym__Bielik-4.5B-v3.0-Instruct-GGUF_Q8_0__attempt_024
2026-07-13 15:57:02 | RUN | 4224/4858 | vocabulary_synonym__Bielik-4.5B-v3.0-Instruct-GGUF_Q8_0__attempt_026
2026-07-13 15:57:16 | RUN | 4225/4858 | vocabulary_synonym__Bielik-4.5B-v3.0-Instruct-GGUF_Q8_0__attempt_027
2026-07-13 15:57:30 | RUN | 4226/4858 | vocabulary_synonym__Bielik-4.5B-v3.0-Instruct-GGUF_Q8_0__attempt_030
2026-07-13 15:57:43 | RUN | 4227/4858 | vocabulary_synonym__Bielik-4.5B-v3.0-Instruct-GGUF_Q8_0__attempt_031
2026-07-13 15:57:57 | RUN | 4228/4858 | vocabulary_synonym__Bielik-4.5B-v3.0-Instruct-GGUF_Q8_0__attempt_032
2026-07-13 15:58:11 | RUN | 4229/4858 | vocabulary_synonym__Bielik-4.5B-v3.0-Instruct-GGUF_Q8_0__attempt_033
2026-07-13 15:58:23 | RUN | 4230/4858 | vocabulary_synonym__Bielik-4.5B-v3.0-Instruct-GGUF_Q8_0__attempt_034
2026-07-13 15:58:37 | RUN | 4231/4858 | vocabulary_synonym__Bielik-4.5B-v3.0-Instruct-GGUF_Q8_0__attempt_035
2026-07-13 15:58:51 | RUN | 4232/4858 | vocabulary_synonym__Bielik-4.5B-v3.0-Instruct-GGUF_Q8_0__attempt_036
2026-07-13 15:59:05 | RUN | 4233/4858 | vocabulary_synonym__Bielik-4.5B-v3.0-Instruct-GGUF_Q8_0__attempt_037
2026-07-13 15:59:19 | RUN | 4234/4858 | vocabulary_synonym__Bielik-4.5B-v3.0-Instruct-GGUF_Q8_0__attempt_038
2026-07-13 15:59:36 | RUN | 4235/4858 | vocabulary_synonym__Bielik-4.5B-v3.0-Instruct-GGUF_Q8_0__attempt_039
2026-07-13 15:59:51 | RUN | 4236/4858 | vocabulary_synonym__Bielik-4.5B-v3.0-Instruct-GGUF_Q8_0__attempt_040
2026-07-13 16:00:04 | RUN | 4237/4858 | vocabulary_synonym__Bielik-4.5B-v3.0-Instruct-GGUF_Q8_0__attempt_041
2026-07-13 16:00:19 | RUN | 4238/4858 | vocabulary_synonym__Bielik-4.5B-v3.0-Instruct-GGUF_Q8_0__attempt_042
2026-07-13 16:00:32 | RUN | 4239/4858 | vocabulary_synonym__Bielik-4.5B-v3.0-Instruct-GGUF_Q8_0__attempt_043
2026-07-13 16:00:48 | RUN | 4240/4858 | vocabulary_synonym__Bielik-4.5B-v3.0-Instruct-GGUF_Q8_0__attempt_045
2026-07-13 16:01:01 | RUN | 4241/4858 | vocabulary_synonym__Bielik-4.5B-v3.0-Instruct-GGUF_Q8_0__attempt_046
2026-07-13 16:01:14 | RUN | 4242/4858 | vocabulary_synonym__Bielik-4.5B-v3.0-Instruct-GGUF_Q8_0__attempt_048
2026-07-13 16:01:28 | RUN | 4243/4858 | vocabulary_synonym__Bielik-4.5B-v3.0-Instruct-GGUF_Q8_0__attempt_049
2026-07-13 16:01:41 | RUN | 4244/4858 | vocabulary_synonym__Bielik-4.5B-v3.0-Instruct-GGUF_Q8_0__attempt_050
2026-07-13 16:01:56 | RUN | 4245/4858 | vocabulary_synonym__Bielik-4.5B-v3.0-Instruct-GGUF_Q8_0__attempt_052
2026-07-13 16:02:12 | RUN | 4246/4858 | vocabulary_synonym__Bielik-4.5B-v3.0-Instruct-GGUF_Q8_0__attempt_054
2026-07-13 16:02:26 | RUN | 4247/4858 | vocabulary_synonym__Bielik-4.5B-v3.0-Instruct-GGUF_Q8_0__attempt_055
2026-07-13 16:02:39 | RUN | 4248/4858 | vocabulary_synonym__Bielik-4.5B-v3.0-Instruct-GGUF_Q8_0__attempt_056
2026-07-13 16:02:55 | RUN | 4249/4858 | vocabulary_synonym__Bielik-4.5B-v3.0-Instruct-GGUF_Q8_0__attempt_057
2026-07-13 16:03:10 | RUN | 4250/4858 | vocabulary_synonym__Bielik-4.5B-v3.0-Instruct-GGUF_Q8_0__attempt_058
2026-07-13 16:03:23 | RUN | 4251/4858 | vocabulary_synonym__Bielik-4.5B-v3.0-Instruct-GGUF_Q8_0__attempt_059
2026-07-13 16:03:37 | RUN | 4252/4858 | vocabulary_synonym__Bielik-4.5B-v3.0-Instruct-GGUF_Q8_0__attempt_060
2026-07-13 16:03:48 | RUN | 4253/4858 | vocabulary_synonym__Bielik-4.5B-v3.0-Instruct-GGUF_Q8_0__attempt_061
2026-07-13 16:04:03 | RUN | 4254/4858 | vocabulary_synonym__Bielik-4.5B-v3.0-Instruct-GGUF_Q8_0__attempt_063
2026-07-13 16:04:17 | RUN | 4255/4858 | vocabulary_synonym__Bielik-4.5B-v3.0-Instruct-GGUF_Q8_0__attempt_064
2026-07-13 16:04:30 | RUN | 4256/4858 | vocabulary_synonym__Bielik-4.5B-v3.0-Instruct-GGUF_Q8_0__attempt_065
2026-07-13 16:04:49 | RUN | 4257/4858 | vocabulary_synonym__Bielik-4.5B-v3.0-Instruct-GGUF_Q8_0__attempt_066
2026-07-13 16:05:02 | RUN | 4258/4858 | vocabulary_synonym__Bielik-4.5B-v3.0-Instruct-GGUF_Q8_0__attempt_067
2026-07-13 16:05:16 | RUN | 4259/4858 | vocabulary_synonym__Bielik-4.5B-v3.0-Instruct-GGUF_Q8_0__attempt_068
2026-07-13 16:05:31 | RUN | 4260/4858 | vocabulary_synonym__Bielik-4.5B-v3.0-Instruct-GGUF_Q8_0__attempt_069
2026-07-13 16:05:47 | RUN | 4261/4858 | vocabulary_synonym__Bielik-4.5B-v3.0-Instruct-GGUF_Q8_0__attempt_070
2026-07-13 16:06:01 | RUN | 4262/4858 | vocabulary_synonym__Bielik-4.5B-v3.0-Instruct-GGUF_Q8_0__attempt_071
2026-07-13 16:06:17 | RUN | 4263/4858 | vocabulary_synonym__Bielik-4.5B-v3.0-Instruct-GGUF_Q8_0__attempt_072
2026-07-13 16:06:31 | RUN | 4264/4858 | vocabulary_synonym__Bielik-4.5B-v3.0-Instruct-GGUF_Q8_0__attempt_073
2026-07-13 16:06:45 | RUN | 4265/4858 | vocabulary_synonym__Bielik-4.5B-v3.0-Instruct-GGUF_Q8_0__attempt_074
2026-07-13 16:06:55 | RUN | 4266/4858 | vocabulary_synonym__Bielik-4.5B-v3.0-Instruct-GGUF_Q8_0__attempt_075
2026-07-13 16:07:09 | RUN | 4267/4858 | vocabulary_synonym__Bielik-4.5B-v3.0-Instruct-GGUF_Q8_0__attempt_076
2026-07-13 16:07:23 | RUN | 4268/4858 | vocabulary_synonym__Bielik-4.5B-v3.0-Instruct-GGUF_Q8_0__attempt_077
2026-07-13 16:07:39 | RUN | 4269/4858 | vocabulary_synonym__Bielik-4.5B-v3.0-Instruct-GGUF_Q8_0__attempt_078
2026-07-13 16:07:54 | RUN | 4270/4858 | vocabulary_synonym__Bielik-4.5B-v3.0-Instruct-GGUF_Q8_0__attempt_079
2026-07-13 16:08:09 | RUN | 4271/4858 | vocabulary_synonym__Bielik-4.5B-v3.0-Instruct-GGUF_Q8_0__attempt_080
2026-07-13 16:08:23 | RUN | 4272/4858 | vocabulary_synonym__Bielik-4.5B-v3.0-Instruct-GGUF_Q8_0__attempt_082
2026-07-13 16:08:39 | RUN | 4273/4858 | vocabulary_synonym__Bielik-4.5B-v3.0-Instruct-GGUF_Q8_0__attempt_083
2026-07-13 16:08:53 | RUN | 4274/4858 | vocabulary_synonym__Bielik-4.5B-v3.0-Instruct-GGUF_Q8_0__attempt_084
2026-07-13 16:09:09 | RUN | 4275/4858 | vocabulary_synonym__Bielik-4.5B-v3.0-Instruct-GGUF_Q8_0__attempt_085
2026-07-13 16:09:24 | RUN | 4276/4858 | vocabulary_synonym__Bielik-4.5B-v3.0-Instruct-GGUF_Q8_0__attempt_087
2026-07-13 16:09:39 | RUN | 4277/4858 | vocabulary_synonym__Bielik-4.5B-v3.0-Instruct-GGUF_Q8_0__attempt_088
2026-07-13 16:09:52 | RUN | 4278/4858 | vocabulary_synonym__Bielik-4.5B-v3.0-Instruct-GGUF_Q8_0__attempt_089
2026-07-13 16:10:08 | RUN | 4279/4858 | vocabulary_synonym__Bielik-4.5B-v3.0-Instruct-GGUF_Q8_0__attempt_090
2026-07-13 16:10:21 | RUN | 4280/4858 | vocabulary_synonym__Bielik-4.5B-v3.0-Instruct-GGUF_Q8_0__attempt_091
2026-07-13 16:10:35 | RUN | 4281/4858 | vocabulary_synonym__Bielik-4.5B-v3.0-Instruct-GGUF_Q8_0__attempt_092
2026-07-13 16:10:50 | RUN | 4282/4858 | vocabulary_synonym__Bielik-4.5B-v3.0-Instruct-GGUF_Q8_0__attempt_093
2026-07-13 16:11:04 | RUN | 4283/4858 | vocabulary_synonym__Bielik-4.5B-v3.0-Instruct-GGUF_Q8_0__attempt_094
2026-07-13 16:11:16 | RUN | 4284/4858 | vocabulary_synonym__Bielik-4.5B-v3.0-Instruct-GGUF_Q8_0__attempt_095
2026-07-13 16:11:31 | RUN | 4285/4858 | vocabulary_synonym__Bielik-4.5B-v3.0-Instruct-GGUF_Q8_0__attempt_096
2026-07-13 16:11:45 | RUN | 4286/4858 | vocabulary_synonym__Bielik-4.5B-v3.0-Instruct-GGUF_Q8_0__attempt_097
2026-07-13 16:11:59 | RUN | 4287/4858 | vocabulary_synonym__Bielik-4.5B-v3.0-Instruct-GGUF_Q8_0__attempt_099
2026-07-13 16:12:13 | RUN | 4288/4858 | vocabulary_synonym__Bielik-4.5B-v3.0-Instruct-GGUF_Q8_0__attempt_100
2026-07-13 16:12:26 | RUN | 4289/4858 | vocabulary_synonym__deepseek-r1_8b__attempt_001
2026-07-13 16:12:35 | RUN | 4290/4858 | vocabulary_synonym__deepseek-r1_8b__attempt_002
2026-07-13 16:12:44 | RUN | 4291/4858 | vocabulary_synonym__deepseek-r1_8b__attempt_003
2026-07-13 16:12:53 | RUN | 4292/4858 | vocabulary_synonym__deepseek-r1_8b__attempt_004
2026-07-13 16:13:10 | RUN | 4293/4858 | vocabulary_synonym__deepseek-r1_8b__attempt_005
2026-07-13 16:13:19 | RUN | 4294/4858 | vocabulary_synonym__deepseek-r1_8b__attempt_006
2026-07-13 16:13:27 | RUN | 4295/4858 | vocabulary_synonym__deepseek-r1_8b__attempt_007
2026-07-13 16:13:36 | RUN | 4296/4858 | vocabulary_synonym__deepseek-r1_8b__attempt_008
2026-07-13 16:13:51 | RUN | 4297/4858 | vocabulary_synonym__deepseek-r1_8b__attempt_009
2026-07-13 16:14:00 | RUN | 4298/4858 | vocabulary_synonym__deepseek-r1_8b__attempt_010
2026-07-13 16:14:18 | RUN | 4299/4858 | vocabulary_synonym__deepseek-r1_8b__attempt_011
2026-07-13 16:14:27 | RUN | 4300/4858 | vocabulary_synonym__deepseek-r1_8b__attempt_012
2026-07-13 16:14:47 | RUN | 4301/4858 | vocabulary_synonym__deepseek-r1_8b__attempt_013
2026-07-13 16:14:56 | RUN | 4302/4858 | vocabulary_synonym__deepseek-r1_8b__attempt_014
2026-07-13 16:15:05 | RUN | 4303/4858 | vocabulary_synonym__deepseek-r1_8b__attempt_015
2026-07-13 16:15:20 | RUN | 4304/4858 | vocabulary_synonym__deepseek-r1_8b__attempt_016
2026-07-13 16:15:29 | RUN | 4305/4858 | vocabulary_synonym__deepseek-r1_8b__attempt_017
2026-07-13 16:15:44 | RUN | 4306/4858 | vocabulary_synonym__deepseek-r1_8b__attempt_018
2026-07-13 16:15:52 | RUN | 4307/4858 | vocabulary_synonym__deepseek-r1_8b__attempt_019
2026-07-13 16:16:12 | RUN | 4308/4858 | vocabulary_synonym__deepseek-r1_8b__attempt_020
2026-07-13 16:16:20 | RUN | 4309/4858 | vocabulary_synonym__deepseek-r1_8b__attempt_022
2026-07-13 16:16:36 | RUN | 4310/4858 | vocabulary_synonym__deepseek-r1_8b__attempt_023
2026-07-13 16:16:50 | RUN | 4311/4858 | vocabulary_synonym__deepseek-r1_8b__attempt_024
2026-07-13 16:17:06 | RUN | 4312/4858 | vocabulary_synonym__deepseek-r1_8b__attempt_025
2026-07-13 16:17:17 | RUN | 4313/4858 | vocabulary_synonym__deepseek-r1_8b__attempt_026
2026-07-13 16:17:26 | RUN | 4314/4858 | vocabulary_synonym__deepseek-r1_8b__attempt_027
2026-07-13 16:17:37 | RUN | 4315/4858 | vocabulary_synonym__deepseek-r1_8b__attempt_028
2026-07-13 16:17:46 | RUN | 4316/4858 | vocabulary_synonym__deepseek-r1_8b__attempt_029
2026-07-13 16:18:03 | RUN | 4317/4858 | vocabulary_synonym__deepseek-r1_8b__attempt_030
2026-07-13 16:18:12 | RUN | 4318/4858 | vocabulary_synonym__deepseek-r1_8b__attempt_031
2026-07-13 16:18:20 | RUN | 4319/4858 | vocabulary_synonym__deepseek-r1_8b__attempt_032
2026-07-13 16:18:29 | RUN | 4320/4858 | vocabulary_synonym__deepseek-r1_8b__attempt_033
2026-07-13 16:18:39 | RUN | 4321/4858 | vocabulary_synonym__deepseek-r1_8b__attempt_034
2026-07-13 16:18:48 | RUN | 4322/4858 | vocabulary_synonym__deepseek-r1_8b__attempt_035
2026-07-13 16:18:56 | RUN | 4323/4858 | vocabulary_synonym__deepseek-r1_8b__attempt_036
2026-07-13 16:19:14 | RUN | 4324/4858 | vocabulary_synonym__deepseek-r1_8b__attempt_037
2026-07-13 16:19:23 | RUN | 4325/4858 | vocabulary_synonym__deepseek-r1_8b__attempt_038
2026-07-13 16:19:32 | RUN | 4326/4858 | vocabulary_synonym__deepseek-r1_8b__attempt_039
2026-07-13 16:19:41 | RUN | 4327/4858 | vocabulary_synonym__deepseek-r1_8b__attempt_040
2026-07-13 16:19:49 | RUN | 4328/4858 | vocabulary_synonym__deepseek-r1_8b__attempt_041
2026-07-13 16:19:58 | RUN | 4329/4858 | vocabulary_synonym__deepseek-r1_8b__attempt_042
2026-07-13 16:20:13 | RUN | 4330/4858 | vocabulary_synonym__deepseek-r1_8b__attempt_043
2026-07-13 16:20:33 | RUN | 4331/4858 | vocabulary_synonym__deepseek-r1_8b__attempt_044
2026-07-13 16:20:41 | RUN | 4332/4858 | vocabulary_synonym__deepseek-r1_8b__attempt_045
2026-07-13 16:20:58 | RUN | 4333/4858 | vocabulary_synonym__deepseek-r1_8b__attempt_046
2026-07-13 16:21:07 | RUN | 4334/4858 | vocabulary_synonym__deepseek-r1_8b__attempt_047
2026-07-13 16:21:23 | RUN | 4335/4858 | vocabulary_synonym__deepseek-r1_8b__attempt_048
2026-07-13 16:21:32 | RUN | 4336/4858 | vocabulary_synonym__deepseek-r1_8b__attempt_049
2026-07-13 16:21:41 | RUN | 4337/4858 | vocabulary_synonym__deepseek-r1_8b__attempt_050
2026-07-13 16:21:59 | RUN | 4338/4858 | vocabulary_synonym__deepseek-r1_8b__attempt_051
2026-07-13 16:22:08 | RUN | 4339/4858 | vocabulary_synonym__deepseek-r1_8b__attempt_052
2026-07-13 16:22:16 | RUN | 4340/4858 | vocabulary_synonym__deepseek-r1_8b__attempt_053
2026-07-13 16:22:33 | RUN | 4341/4858 | vocabulary_synonym__deepseek-r1_8b__attempt_054
2026-07-13 16:22:42 | RUN | 4342/4858 | vocabulary_synonym__deepseek-r1_8b__attempt_055
2026-07-13 16:22:51 | RUN | 4343/4858 | vocabulary_synonym__deepseek-r1_8b__attempt_056
2026-07-13 16:23:00 | RUN | 4344/4858 | vocabulary_synonym__deepseek-r1_8b__attempt_057
2026-07-13 16:23:10 | RUN | 4345/4858 | vocabulary_synonym__deepseek-r1_8b__attempt_058
2026-07-13 16:23:19 | RUN | 4346/4858 | vocabulary_synonym__deepseek-r1_8b__attempt_059
2026-07-13 16:23:31 | RUN | 4347/4858 | vocabulary_synonym__deepseek-r1_8b__attempt_060
2026-07-13 16:23:40 | RUN | 4348/4858 | vocabulary_synonym__deepseek-r1_8b__attempt_061
2026-07-13 16:23:49 | RUN | 4349/4858 | vocabulary_synonym__deepseek-r1_8b__attempt_062
2026-07-13 16:24:05 | RUN | 4350/4858 | vocabulary_synonym__deepseek-r1_8b__attempt_063
2026-07-13 16:24:14 | RUN | 4351/4858 | vocabulary_synonym__deepseek-r1_8b__attempt_064
2026-07-13 16:24:23 | RUN | 4352/4858 | vocabulary_synonym__deepseek-r1_8b__attempt_065
2026-07-13 16:24:36 | RUN | 4353/4858 | vocabulary_synonym__deepseek-r1_8b__attempt_066
2026-07-13 16:24:45 | RUN | 4354/4858 | vocabulary_synonym__deepseek-r1_8b__attempt_067
2026-07-13 16:24:55 | RUN | 4355/4858 | vocabulary_synonym__deepseek-r1_8b__attempt_068
2026-07-13 16:25:04 | RUN | 4356/4858 | vocabulary_synonym__deepseek-r1_8b__attempt_069
2026-07-13 16:25:13 | RUN | 4357/4858 | vocabulary_synonym__deepseek-r1_8b__attempt_070
2026-07-13 16:25:31 | RUN | 4358/4858 | vocabulary_synonym__deepseek-r1_8b__attempt_071
2026-07-13 16:25:40 | RUN | 4359/4858 | vocabulary_synonym__deepseek-r1_8b__attempt_072
2026-07-13 16:25:49 | RUN | 4360/4858 | vocabulary_synonym__deepseek-r1_8b__attempt_073
2026-07-13 16:26:04 | RUN | 4361/4858 | vocabulary_synonym__deepseek-r1_8b__attempt_074
2026-07-13 16:26:20 | RUN | 4362/4858 | vocabulary_synonym__deepseek-r1_8b__attempt_076
2026-07-13 16:26:29 | RUN | 4363/4858 | vocabulary_synonym__deepseek-r1_8b__attempt_077
2026-07-13 16:26:37 | RUN | 4364/4858 | vocabulary_synonym__deepseek-r1_8b__attempt_078
2026-07-13 16:26:46 | RUN | 4365/4858 | vocabulary_synonym__deepseek-r1_8b__attempt_079
2026-07-13 16:27:02 | RUN | 4366/4858 | vocabulary_synonym__deepseek-r1_8b__attempt_080
2026-07-13 16:27:18 | RUN | 4367/4858 | vocabulary_synonym__deepseek-r1_8b__attempt_081
2026-07-13 16:27:27 | RUN | 4368/4858 | vocabulary_synonym__deepseek-r1_8b__attempt_082
2026-07-13 16:27:36 | RUN | 4369/4858 | vocabulary_synonym__deepseek-r1_8b__attempt_083
2026-07-13 16:27:45 | RUN | 4370/4858 | vocabulary_synonym__deepseek-r1_8b__attempt_084
2026-07-13 16:27:53 | RUN | 4371/4858 | vocabulary_synonym__deepseek-r1_8b__attempt_085
2026-07-13 16:28:02 | RUN | 4372/4858 | vocabulary_synonym__deepseek-r1_8b__attempt_086
2026-07-13 16:28:11 | RUN | 4373/4858 | vocabulary_synonym__deepseek-r1_8b__attempt_087
2026-07-13 16:28:20 | RUN | 4374/4858 | vocabulary_synonym__deepseek-r1_8b__attempt_088
2026-07-13 16:28:29 | RUN | 4375/4858 | vocabulary_synonym__deepseek-r1_8b__attempt_089
2026-07-13 16:28:37 | RUN | 4376/4858 | vocabulary_synonym__deepseek-r1_8b__attempt_091
2026-07-13 16:28:46 | RUN | 4377/4858 | vocabulary_synonym__deepseek-r1_8b__attempt_092
2026-07-13 16:28:55 | RUN | 4378/4858 | vocabulary_synonym__deepseek-r1_8b__attempt_093
2026-07-13 16:29:06 | RUN | 4379/4858 | vocabulary_synonym__deepseek-r1_8b__attempt_094
2026-07-13 16:29:16 | RUN | 4380/4858 | vocabulary_synonym__deepseek-r1_8b__attempt_095
2026-07-13 16:29:26 | RUN | 4381/4858 | vocabulary_synonym__deepseek-r1_8b__attempt_096
2026-07-13 16:29:34 | RUN | 4382/4858 | vocabulary_synonym__deepseek-r1_8b__attempt_097
2026-07-13 16:29:51 | RUN | 4383/4858 | vocabulary_synonym__deepseek-r1_8b__attempt_098
2026-07-13 16:30:00 | RUN | 4384/4858 | vocabulary_synonym__deepseek-r1_8b__attempt_099
2026-07-13 16:30:09 | RUN | 4385/4858 | vocabulary_synonym__deepseek-r1_8b__attempt_100
2026-07-13 16:30:18 | RUN | 4386/4858 | vocabulary_synonym__llama3.1_8b__attempt_001
2026-07-13 16:30:27 | RUN | 4387/4858 | vocabulary_synonym__llama3.1_8b__attempt_002
2026-07-13 16:30:41 | RUN | 4388/4858 | vocabulary_synonym__llama3.1_8b__attempt_003
2026-07-13 16:30:56 | RUN | 4389/4858 | vocabulary_synonym__llama3.1_8b__attempt_004
2026-07-13 16:31:11 | RUN | 4390/4858 | vocabulary_synonym__llama3.1_8b__attempt_005
2026-07-13 16:31:19 | RUN | 4391/4858 | vocabulary_synonym__llama3.1_8b__attempt_006
2026-07-13 16:31:33 | RUN | 4392/4858 | vocabulary_synonym__llama3.1_8b__attempt_007
2026-07-13 16:31:53 | RUN | 4393/4858 | vocabulary_synonym__llama3.1_8b__attempt_008
2026-07-13 16:32:03 | RUN | 4394/4858 | vocabulary_synonym__llama3.1_8b__attempt_009
2026-07-13 16:32:18 | RUN | 4395/4858 | vocabulary_synonym__llama3.1_8b__attempt_010
2026-07-13 16:32:27 | RUN | 4396/4858 | vocabulary_synonym__llama3.1_8b__attempt_011
2026-07-13 16:32:43 | RUN | 4397/4858 | vocabulary_synonym__llama3.1_8b__attempt_013
2026-07-13 16:32:52 | RUN | 4398/4858 | vocabulary_synonym__llama3.1_8b__attempt_014
2026-07-13 16:33:00 | RUN | 4399/4858 | vocabulary_synonym__llama3.1_8b__attempt_015
2026-07-13 16:33:19 | RUN | 4400/4858 | vocabulary_synonym__llama3.1_8b__attempt_016
2026-07-13 16:33:27 | RUN | 4401/4858 | vocabulary_synonym__llama3.1_8b__attempt_017
2026-07-13 16:33:43 | RUN | 4402/4858 | vocabulary_synonym__llama3.1_8b__attempt_018
2026-07-13 16:33:52 | RUN | 4403/4858 | vocabulary_synonym__llama3.1_8b__attempt_019
2026-07-13 16:34:07 | RUN | 4404/4858 | vocabulary_synonym__llama3.1_8b__attempt_021
2026-07-13 16:34:24 | RUN | 4405/4858 | vocabulary_synonym__llama3.1_8b__attempt_022
2026-07-13 16:34:40 | RUN | 4406/4858 | vocabulary_synonym__llama3.1_8b__attempt_023
2026-07-13 16:34:48 | RUN | 4407/4858 | vocabulary_synonym__llama3.1_8b__attempt_024
2026-07-13 16:34:59 | RUN | 4408/4858 | vocabulary_synonym__llama3.1_8b__attempt_025
2026-07-13 16:35:23 | RUN | 4409/4858 | vocabulary_synonym__llama3.1_8b__attempt_026
2026-07-13 16:35:32 | RUN | 4410/4858 | vocabulary_synonym__llama3.1_8b__attempt_027
2026-07-13 16:35:49 | RUN | 4411/4858 | vocabulary_synonym__llama3.1_8b__attempt_028
2026-07-13 16:36:06 | RUN | 4412/4858 | vocabulary_synonym__llama3.1_8b__attempt_029
2026-07-13 16:36:17 | RUN | 4413/4858 | vocabulary_synonym__llama3.1_8b__attempt_030
2026-07-13 16:36:35 | RUN | 4414/4858 | vocabulary_synonym__llama3.1_8b__attempt_031
2026-07-13 16:36:44 | RUN | 4415/4858 | vocabulary_synonym__llama3.1_8b__attempt_032
2026-07-13 16:36:52 | RUN | 4416/4858 | vocabulary_synonym__llama3.1_8b__attempt_033
2026-07-13 16:37:12 | RUN | 4417/4858 | vocabulary_synonym__llama3.1_8b__attempt_034
2026-07-13 16:37:22 | RUN | 4418/4858 | vocabulary_synonym__llama3.1_8b__attempt_035
2026-07-13 16:37:38 | RUN | 4419/4858 | vocabulary_synonym__llama3.1_8b__attempt_036
2026-07-13 16:37:55 | RUN | 4420/4858 | vocabulary_synonym__llama3.1_8b__attempt_037
2026-07-13 16:38:11 | RUN | 4421/4858 | vocabulary_synonym__llama3.1_8b__attempt_038
2026-07-13 16:38:27 | RUN | 4422/4858 | vocabulary_synonym__llama3.1_8b__attempt_039
2026-07-13 16:38:36 | RUN | 4423/4858 | vocabulary_synonym__llama3.1_8b__attempt_040
2026-07-13 16:38:52 | RUN | 4424/4858 | vocabulary_synonym__llama3.1_8b__attempt_041
2026-07-13 16:39:00 | RUN | 4425/4858 | vocabulary_synonym__llama3.1_8b__attempt_042
2026-07-13 16:39:18 | RUN | 4426/4858 | vocabulary_synonym__llama3.1_8b__attempt_043
2026-07-13 16:39:42 | RUN | 4427/4858 | vocabulary_synonym__llama3.1_8b__attempt_044
2026-07-13 16:39:51 | RUN | 4428/4858 | vocabulary_synonym__llama3.1_8b__attempt_045
2026-07-13 16:39:59 | RUN | 4429/4858 | vocabulary_synonym__llama3.1_8b__attempt_046
2026-07-13 16:40:14 | RUN | 4430/4858 | vocabulary_synonym__llama3.1_8b__attempt_047
2026-07-13 16:40:23 | RUN | 4431/4858 | vocabulary_synonym__llama3.1_8b__attempt_048
2026-07-13 16:40:32 | RUN | 4432/4858 | vocabulary_synonym__llama3.1_8b__attempt_049
2026-07-13 16:40:46 | RUN | 4433/4858 | vocabulary_synonym__llama3.1_8b__attempt_050
2026-07-13 16:40:55 | RUN | 4434/4858 | vocabulary_synonym__llama3.1_8b__attempt_051
2026-07-13 16:41:04 | RUN | 4435/4858 | vocabulary_synonym__llama3.1_8b__attempt_052
2026-07-13 16:41:23 | RUN | 4436/4858 | vocabulary_synonym__llama3.1_8b__attempt_053
2026-07-13 16:41:31 | RUN | 4437/4858 | vocabulary_synonym__llama3.1_8b__attempt_054
2026-07-13 16:41:48 | RUN | 4438/4858 | vocabulary_synonym__llama3.1_8b__attempt_055
2026-07-13 16:42:07 | RUN | 4439/4858 | vocabulary_synonym__llama3.1_8b__attempt_056
2026-07-13 16:42:22 | RUN | 4440/4858 | vocabulary_synonym__llama3.1_8b__attempt_057
2026-07-13 16:42:31 | RUN | 4441/4858 | vocabulary_synonym__llama3.1_8b__attempt_058
2026-07-13 16:42:47 | RUN | 4442/4858 | vocabulary_synonym__llama3.1_8b__attempt_060
2026-07-13 16:43:03 | RUN | 4443/4858 | vocabulary_synonym__llama3.1_8b__attempt_061
2026-07-13 16:43:19 | RUN | 4444/4858 | vocabulary_synonym__llama3.1_8b__attempt_063
2026-07-13 16:43:36 | RUN | 4445/4858 | vocabulary_synonym__llama3.1_8b__attempt_064
2026-07-13 16:43:48 | RUN | 4446/4858 | vocabulary_synonym__llama3.1_8b__attempt_066
2026-07-13 16:44:05 | RUN | 4447/4858 | vocabulary_synonym__llama3.1_8b__attempt_067
2026-07-13 16:44:20 | RUN | 4448/4858 | vocabulary_synonym__llama3.1_8b__attempt_068
2026-07-13 16:44:29 | RUN | 4449/4858 | vocabulary_synonym__llama3.1_8b__attempt_069
2026-07-13 16:44:45 | RUN | 4450/4858 | vocabulary_synonym__llama3.1_8b__attempt_070
2026-07-13 16:44:59 | RUN | 4451/4858 | vocabulary_synonym__llama3.1_8b__attempt_071
2026-07-13 16:45:17 | RUN | 4452/4858 | vocabulary_synonym__llama3.1_8b__attempt_072
2026-07-13 16:45:26 | RUN | 4453/4858 | vocabulary_synonym__llama3.1_8b__attempt_073
2026-07-13 16:45:42 | RUN | 4454/4858 | vocabulary_synonym__llama3.1_8b__attempt_074
2026-07-13 16:45:57 | RUN | 4455/4858 | vocabulary_synonym__llama3.1_8b__attempt_075
2026-07-13 16:46:10 | RUN | 4456/4858 | vocabulary_synonym__llama3.1_8b__attempt_076
2026-07-13 16:46:28 | RUN | 4457/4858 | vocabulary_synonym__llama3.1_8b__attempt_077
2026-07-13 16:46:40 | RUN | 4458/4858 | vocabulary_synonym__llama3.1_8b__attempt_078
2026-07-13 16:46:52 | RUN | 4459/4858 | vocabulary_synonym__llama3.1_8b__attempt_079
2026-07-13 16:47:06 | RUN | 4460/4858 | vocabulary_synonym__llama3.1_8b__attempt_080
2026-07-13 16:47:17 | RUN | 4461/4858 | vocabulary_synonym__llama3.1_8b__attempt_081
2026-07-13 16:47:33 | RUN | 4462/4858 | vocabulary_synonym__llama3.1_8b__attempt_082
2026-07-13 16:47:49 | RUN | 4463/4858 | vocabulary_synonym__llama3.1_8b__attempt_083
2026-07-13 16:48:06 | RUN | 4464/4858 | vocabulary_synonym__llama3.1_8b__attempt_084
2026-07-13 16:48:15 | RUN | 4465/4858 | vocabulary_synonym__llama3.1_8b__attempt_085
2026-07-13 16:48:23 | RUN | 4466/4858 | vocabulary_synonym__llama3.1_8b__attempt_086
2026-07-13 16:48:34 | RUN | 4467/4858 | vocabulary_synonym__llama3.1_8b__attempt_087
2026-07-13 16:48:51 | RUN | 4468/4858 | vocabulary_synonym__llama3.1_8b__attempt_088
2026-07-13 16:49:06 | RUN | 4469/4858 | vocabulary_synonym__llama3.1_8b__attempt_089
2026-07-13 16:49:21 | RUN | 4470/4858 | vocabulary_synonym__llama3.1_8b__attempt_090
2026-07-13 16:49:36 | RUN | 4471/4858 | vocabulary_synonym__llama3.1_8b__attempt_091
2026-07-13 16:49:55 | RUN | 4472/4858 | vocabulary_synonym__llama3.1_8b__attempt_092
2026-07-13 16:50:04 | RUN | 4473/4858 | vocabulary_synonym__llama3.1_8b__attempt_093
2026-07-13 16:50:18 | RUN | 4474/4858 | vocabulary_synonym__llama3.1_8b__attempt_094
2026-07-13 16:50:35 | RUN | 4475/4858 | vocabulary_synonym__llama3.1_8b__attempt_095
2026-07-13 16:50:44 | RUN | 4476/4858 | vocabulary_synonym__llama3.1_8b__attempt_096
2026-07-13 16:51:03 | RUN | 4477/4858 | vocabulary_synonym__llama3.1_8b__attempt_097
2026-07-13 16:51:16 | RUN | 4478/4858 | vocabulary_synonym__llama3.1_8b__attempt_098
2026-07-13 16:51:31 | RUN | 4479/4858 | vocabulary_synonym__llama3.1_8b__attempt_099
2026-07-13 16:51:40 | RUN | 4480/4858 | vocabulary_synonym__ministral-3_3b__attempt_001
2026-07-13 16:51:58 | RUN | 4481/4858 | vocabulary_synonym__ministral-3_3b__attempt_002
2026-07-13 16:52:08 | RUN | 4482/4858 | vocabulary_synonym__ministral-3_3b__attempt_003
2026-07-13 16:52:26 | RUN | 4483/4858 | vocabulary_synonym__ministral-3_3b__attempt_004
2026-07-13 16:52:37 | RUN | 4484/4858 | vocabulary_synonym__ministral-3_3b__attempt_005
2026-07-13 16:52:53 | RUN | 4485/4858 | vocabulary_synonym__ministral-3_3b__attempt_006
2026-07-13 16:53:08 | RUN | 4486/4858 | vocabulary_synonym__ministral-3_3b__attempt_007
2026-07-13 16:53:17 | RUN | 4487/4858 | vocabulary_synonym__ministral-3_3b__attempt_008
2026-07-13 16:53:31 | RUN | 4488/4858 | vocabulary_synonym__ministral-3_3b__attempt_009
2026-07-13 16:53:39 | RUN | 4489/4858 | vocabulary_synonym__ministral-3_3b__attempt_010
2026-07-13 16:53:56 | RUN | 4490/4858 | vocabulary_synonym__ministral-3_3b__attempt_011
2026-07-13 16:54:13 | RUN | 4491/4858 | vocabulary_synonym__ministral-3_3b__attempt_012
2026-07-13 16:54:21 | RUN | 4492/4858 | vocabulary_synonym__ministral-3_3b__attempt_013
2026-07-13 16:54:37 | RUN | 4493/4858 | vocabulary_synonym__ministral-3_3b__attempt_014
2026-07-13 16:54:46 | RUN | 4494/4858 | vocabulary_synonym__ministral-3_3b__attempt_015
2026-07-13 16:55:03 | RUN | 4495/4858 | vocabulary_synonym__ministral-3_3b__attempt_016
2026-07-13 16:55:17 | RUN | 4496/4858 | vocabulary_synonym__ministral-3_3b__attempt_017
2026-07-13 16:55:32 | RUN | 4497/4858 | vocabulary_synonym__ministral-3_3b__attempt_018
2026-07-13 16:55:41 | RUN | 4498/4858 | vocabulary_synonym__ministral-3_3b__attempt_020
2026-07-13 16:55:51 | RUN | 4499/4858 | vocabulary_synonym__ministral-3_3b__attempt_021
2026-07-13 16:56:02 | RUN | 4500/4858 | vocabulary_synonym__ministral-3_3b__attempt_023
2026-07-13 16:56:20 | RUN | 4501/4858 | vocabulary_synonym__ministral-3_3b__attempt_024
2026-07-13 16:56:35 | RUN | 4502/4858 | vocabulary_synonym__ministral-3_3b__attempt_025
2026-07-13 16:56:50 | RUN | 4503/4858 | vocabulary_synonym__ministral-3_3b__attempt_026
2026-07-13 16:57:08 | RUN | 4504/4858 | vocabulary_synonym__ministral-3_3b__attempt_028
2026-07-13 16:57:17 | RUN | 4505/4858 | vocabulary_synonym__ministral-3_3b__attempt_029
2026-07-13 16:57:35 | RUN | 4506/4858 | vocabulary_synonym__ministral-3_3b__attempt_030
2026-07-13 16:57:43 | RUN | 4507/4858 | vocabulary_synonym__ministral-3_3b__attempt_031
2026-07-13 16:57:52 | RUN | 4508/4858 | vocabulary_synonym__ministral-3_3b__attempt_032
2026-07-13 16:58:02 | RUN | 4509/4858 | vocabulary_synonym__ministral-3_3b__attempt_033
2026-07-13 16:58:18 | RUN | 4510/4858 | vocabulary_synonym__ministral-3_3b__attempt_034
2026-07-13 16:58:27 | RUN | 4511/4858 | vocabulary_synonym__ministral-3_3b__attempt_035
2026-07-13 16:58:42 | RUN | 4512/4858 | vocabulary_synonym__ministral-3_3b__attempt_036
2026-07-13 16:58:51 | RUN | 4513/4858 | vocabulary_synonym__ministral-3_3b__attempt_037
2026-07-13 16:59:08 | RUN | 4514/4858 | vocabulary_synonym__ministral-3_3b__attempt_039
2026-07-13 16:59:22 | RUN | 4515/4858 | vocabulary_synonym__ministral-3_3b__attempt_040
2026-07-13 16:59:31 | RUN | 4516/4858 | vocabulary_synonym__ministral-3_3b__attempt_041
2026-07-13 16:59:46 | RUN | 4517/4858 | vocabulary_synonym__ministral-3_3b__attempt_043
2026-07-13 17:00:02 | RUN | 4518/4858 | vocabulary_synonym__ministral-3_3b__attempt_044
2026-07-13 17:00:18 | RUN | 4519/4858 | vocabulary_synonym__ministral-3_3b__attempt_045
2026-07-13 17:00:36 | RUN | 4520/4858 | vocabulary_synonym__ministral-3_3b__attempt_046
2026-07-13 17:00:52 | RUN | 4521/4858 | vocabulary_synonym__ministral-3_3b__attempt_047
2026-07-13 17:01:03 | RUN | 4522/4858 | vocabulary_synonym__ministral-3_3b__attempt_049
2026-07-13 17:01:12 | RUN | 4523/4858 | vocabulary_synonym__ministral-3_3b__attempt_051
2026-07-13 17:01:28 | RUN | 4524/4858 | vocabulary_synonym__ministral-3_3b__attempt_052
2026-07-13 17:01:38 | RUN | 4525/4858 | vocabulary_synonym__ministral-3_3b__attempt_053
2026-07-13 17:01:47 | RUN | 4526/4858 | vocabulary_synonym__ministral-3_3b__attempt_054
2026-07-13 17:01:58 | RUN | 4527/4858 | vocabulary_synonym__ministral-3_3b__attempt_055
2026-07-13 17:02:15 | RUN | 4528/4858 | vocabulary_synonym__ministral-3_3b__attempt_056
2026-07-13 17:02:24 | RUN | 4529/4858 | vocabulary_synonym__ministral-3_3b__attempt_057
2026-07-13 17:02:40 | RUN | 4530/4858 | vocabulary_synonym__ministral-3_3b__attempt_058
2026-07-13 17:02:49 | RUN | 4531/4858 | vocabulary_synonym__ministral-3_3b__attempt_059
2026-07-13 17:02:58 | RUN | 4532/4858 | vocabulary_synonym__ministral-3_3b__attempt_060
2026-07-13 17:03:13 | RUN | 4533/4858 | vocabulary_synonym__ministral-3_3b__attempt_061
2026-07-13 17:03:29 | RUN | 4534/4858 | vocabulary_synonym__ministral-3_3b__attempt_062
2026-07-13 17:03:38 | RUN | 4535/4858 | vocabulary_synonym__ministral-3_3b__attempt_063
2026-07-13 17:03:55 | RUN | 4536/4858 | vocabulary_synonym__ministral-3_3b__attempt_064
2026-07-13 17:04:04 | RUN | 4537/4858 | vocabulary_synonym__ministral-3_3b__attempt_065
2026-07-13 17:04:23 | RUN | 4538/4858 | vocabulary_synonym__ministral-3_3b__attempt_066
2026-07-13 17:04:40 | RUN | 4539/4858 | vocabulary_synonym__ministral-3_3b__attempt_067
2026-07-13 17:04:54 | RUN | 4540/4858 | vocabulary_synonym__ministral-3_3b__attempt_068
2026-07-13 17:05:05 | RUN | 4541/4858 | vocabulary_synonym__ministral-3_3b__attempt_069
2026-07-13 17:05:22 | RUN | 4542/4858 | vocabulary_synonym__ministral-3_3b__attempt_070
2026-07-13 17:05:31 | RUN | 4543/4858 | vocabulary_synonym__ministral-3_3b__attempt_071
2026-07-13 17:05:39 | RUN | 4544/4858 | vocabulary_synonym__ministral-3_3b__attempt_072
2026-07-13 17:05:51 | RUN | 4545/4858 | vocabulary_synonym__ministral-3_3b__attempt_073
2026-07-13 17:06:03 | RUN | 4546/4858 | vocabulary_synonym__ministral-3_3b__attempt_074
2026-07-13 17:06:27 | RUN | 4547/4858 | vocabulary_synonym__ministral-3_3b__attempt_075
2026-07-13 17:06:36 | RUN | 4548/4858 | vocabulary_synonym__ministral-3_3b__attempt_076
2026-07-13 17:06:52 | RUN | 4549/4858 | vocabulary_synonym__ministral-3_3b__attempt_077
2026-07-13 17:07:02 | RUN | 4550/4858 | vocabulary_synonym__ministral-3_3b__attempt_078
2026-07-13 17:07:11 | RUN | 4551/4858 | vocabulary_synonym__ministral-3_3b__attempt_079
2026-07-13 17:07:26 | RUN | 4552/4858 | vocabulary_synonym__ministral-3_3b__attempt_080
2026-07-13 17:07:35 | RUN | 4553/4858 | vocabulary_synonym__ministral-3_3b__attempt_081
2026-07-13 17:07:46 | RUN | 4554/4858 | vocabulary_synonym__ministral-3_3b__attempt_082
2026-07-13 17:07:54 | RUN | 4555/4858 | vocabulary_synonym__ministral-3_3b__attempt_083
2026-07-13 17:08:05 | RUN | 4556/4858 | vocabulary_synonym__ministral-3_3b__attempt_084
2026-07-13 17:08:14 | RUN | 4557/4858 | vocabulary_synonym__ministral-3_3b__attempt_085
2026-07-13 17:08:31 | RUN | 4558/4858 | vocabulary_synonym__ministral-3_3b__attempt_086
2026-07-13 17:08:40 | RUN | 4559/4858 | vocabulary_synonym__ministral-3_3b__attempt_087
2026-07-13 17:08:50 | RUN | 4560/4858 | vocabulary_synonym__ministral-3_3b__attempt_088
2026-07-13 17:09:08 | RUN | 4561/4858 | vocabulary_synonym__ministral-3_3b__attempt_089
2026-07-13 17:09:16 | RUN | 4562/4858 | vocabulary_synonym__ministral-3_3b__attempt_090
2026-07-13 17:09:25 | RUN | 4563/4858 | vocabulary_synonym__ministral-3_3b__attempt_091
2026-07-13 17:09:38 | RUN | 4564/4858 | vocabulary_synonym__ministral-3_3b__attempt_092
2026-07-13 17:09:47 | RUN | 4565/4858 | vocabulary_synonym__ministral-3_3b__attempt_093
2026-07-13 17:09:58 | RUN | 4566/4858 | vocabulary_synonym__ministral-3_3b__attempt_094
2026-07-13 17:10:07 | RUN | 4567/4858 | vocabulary_synonym__ministral-3_3b__attempt_095
2026-07-13 17:10:16 | RUN | 4568/4858 | vocabulary_synonym__ministral-3_3b__attempt_096
2026-07-13 17:10:27 | RUN | 4569/4858 | vocabulary_synonym__ministral-3_3b__attempt_097
2026-07-13 17:10:46 | RUN | 4570/4858 | vocabulary_synonym__ministral-3_3b__attempt_098
2026-07-13 17:10:54 | RUN | 4571/4858 | vocabulary_synonym__ministral-3_3b__attempt_099
2026-07-13 17:11:10 | RUN | 4572/4858 | vocabulary_synonym__ministral-3_3b__attempt_100
2026-07-13 17:11:19 | RUN | 4573/4858 | vocabulary_synonym__qwen3.5_4b__attempt_001
2026-07-13 17:11:28 | RUN | 4574/4858 | vocabulary_synonym__qwen3.5_4b__attempt_002
2026-07-13 17:11:37 | RUN | 4575/4858 | vocabulary_synonym__qwen3.5_4b__attempt_003
2026-07-13 17:11:47 | RUN | 4576/4858 | vocabulary_synonym__qwen3.5_4b__attempt_004
2026-07-13 17:11:58 | RUN | 4577/4858 | vocabulary_synonym__qwen3.5_4b__attempt_005
2026-07-13 17:12:07 | RUN | 4578/4858 | vocabulary_synonym__qwen3.5_4b__attempt_007
2026-07-13 17:12:17 | RUN | 4579/4858 | vocabulary_synonym__qwen3.5_4b__attempt_008
2026-07-13 17:12:36 | RUN | 4580/4858 | vocabulary_synonym__qwen3.5_4b__attempt_009
2026-07-13 17:12:48 | RUN | 4581/4858 | vocabulary_synonym__qwen3.5_4b__attempt_010
2026-07-13 17:13:00 | RUN | 4582/4858 | vocabulary_synonym__qwen3.5_4b__attempt_012
2026-07-13 17:13:08 | RUN | 4583/4858 | vocabulary_synonym__qwen3.5_4b__attempt_013
2026-07-13 17:13:21 | RUN | 4584/4858 | vocabulary_synonym__qwen3.5_4b__attempt_014
2026-07-13 17:13:30 | RUN | 4585/4858 | vocabulary_synonym__qwen3.5_4b__attempt_015
2026-07-13 17:13:45 | RUN | 4586/4858 | vocabulary_synonym__qwen3.5_4b__attempt_016
2026-07-13 17:13:55 | RUN | 4587/4858 | vocabulary_synonym__qwen3.5_4b__attempt_017
2026-07-13 17:14:04 | RUN | 4588/4858 | vocabulary_synonym__qwen3.5_4b__attempt_019
2026-07-13 17:14:15 | RUN | 4589/4858 | vocabulary_synonym__qwen3.5_4b__attempt_020
2026-07-13 17:14:28 | RUN | 4590/4858 | vocabulary_synonym__qwen3.5_4b__attempt_024
2026-07-13 17:14:44 | RUN | 4591/4858 | vocabulary_synonym__qwen3.5_4b__attempt_025
2026-07-13 17:14:53 | RUN | 4592/4858 | vocabulary_synonym__qwen3.5_4b__attempt_027
2026-07-13 17:15:04 | RUN | 4593/4858 | vocabulary_synonym__qwen3.5_4b__attempt_028
2026-07-13 17:15:25 | RUN | 4594/4858 | vocabulary_synonym__qwen3.5_4b__attempt_030
2026-07-13 17:15:45 | RUN | 4595/4858 | vocabulary_synonym__qwen3.5_4b__attempt_031
2026-07-13 17:15:55 | RUN | 4596/4858 | vocabulary_synonym__qwen3.5_4b__attempt_032
2026-07-13 17:16:05 | RUN | 4597/4858 | vocabulary_synonym__qwen3.5_4b__attempt_033
2026-07-13 17:16:21 | RUN | 4598/4858 | vocabulary_synonym__qwen3.5_4b__attempt_034
2026-07-13 17:16:30 | RUN | 4599/4858 | vocabulary_synonym__qwen3.5_4b__attempt_035
2026-07-13 17:16:49 | RUN | 4600/4858 | vocabulary_synonym__qwen3.5_4b__attempt_036
2026-07-13 17:17:00 | RUN | 4601/4858 | vocabulary_synonym__qwen3.5_4b__attempt_037
2026-07-13 17:17:16 | RUN | 4602/4858 | vocabulary_synonym__qwen3.5_4b__attempt_038
2026-07-13 17:17:25 | RUN | 4603/4858 | vocabulary_synonym__qwen3.5_4b__attempt_039
2026-07-13 17:17:34 | RUN | 4604/4858 | vocabulary_synonym__qwen3.5_4b__attempt_040
2026-07-13 17:17:55 | RUN | 4605/4858 | vocabulary_synonym__qwen3.5_4b__attempt_041
2026-07-13 17:18:10 | RUN | 4606/4858 | vocabulary_synonym__qwen3.5_4b__attempt_042
2026-07-13 17:18:24 | RUN | 4607/4858 | vocabulary_synonym__qwen3.5_4b__attempt_043
2026-07-13 17:18:34 | RUN | 4608/4858 | vocabulary_synonym__qwen3.5_4b__attempt_044
2026-07-13 17:18:43 | RUN | 4609/4858 | vocabulary_synonym__qwen3.5_4b__attempt_045
2026-07-13 17:18:52 | RUN | 4610/4858 | vocabulary_synonym__qwen3.5_4b__attempt_046
2026-07-13 17:19:12 | RUN | 4611/4858 | vocabulary_synonym__qwen3.5_4b__attempt_047
2026-07-13 17:19:21 | RUN | 4612/4858 | vocabulary_synonym__qwen3.5_4b__attempt_048
2026-07-13 17:19:30 | RUN | 4613/4858 | vocabulary_synonym__qwen3.5_4b__attempt_049
2026-07-13 17:19:50 | RUN | 4614/4858 | vocabulary_synonym__qwen3.5_4b__attempt_051
2026-07-13 17:20:06 | RUN | 4615/4858 | vocabulary_synonym__qwen3.5_4b__attempt_052
2026-07-13 17:20:14 | RUN | 4616/4858 | vocabulary_synonym__qwen3.5_4b__attempt_053
2026-07-13 17:20:25 | RUN | 4617/4858 | vocabulary_synonym__qwen3.5_4b__attempt_055
2026-07-13 17:20:40 | RUN | 4618/4858 | vocabulary_synonym__qwen3.5_4b__attempt_056
2026-07-13 17:20:49 | RUN | 4619/4858 | vocabulary_synonym__qwen3.5_4b__attempt_057
2026-07-13 17:20:58 | RUN | 4620/4858 | vocabulary_synonym__qwen3.5_4b__attempt_058
2026-07-13 17:21:07 | RUN | 4621/4858 | vocabulary_synonym__qwen3.5_4b__attempt_059
2026-07-13 17:21:25 | RUN | 4622/4858 | vocabulary_synonym__qwen3.5_4b__attempt_060
2026-07-13 17:21:34 | RUN | 4623/4858 | vocabulary_synonym__qwen3.5_4b__attempt_061
2026-07-13 17:21:43 | RUN | 4624/4858 | vocabulary_synonym__qwen3.5_4b__attempt_062
2026-07-13 17:21:51 | RUN | 4625/4858 | vocabulary_synonym__qwen3.5_4b__attempt_063
2026-07-13 17:22:00 | RUN | 4626/4858 | vocabulary_synonym__qwen3.5_4b__attempt_064
2026-07-13 17:22:09 | RUN | 4627/4858 | vocabulary_synonym__qwen3.5_4b__attempt_065
2026-07-13 17:22:18 | RUN | 4628/4858 | vocabulary_synonym__qwen3.5_4b__attempt_067
2026-07-13 17:22:27 | RUN | 4629/4858 | vocabulary_synonym__qwen3.5_4b__attempt_068
2026-07-13 17:22:36 | RUN | 4630/4858 | vocabulary_synonym__qwen3.5_4b__attempt_069
2026-07-13 17:22:50 | RUN | 4631/4858 | vocabulary_synonym__qwen3.5_4b__attempt_070
2026-07-13 17:23:06 | RUN | 4632/4858 | vocabulary_synonym__qwen3.5_4b__attempt_071
2026-07-13 17:23:15 | RUN | 4633/4858 | vocabulary_synonym__qwen3.5_4b__attempt_072
2026-07-13 17:23:28 | RUN | 4634/4858 | vocabulary_synonym__qwen3.5_4b__attempt_073
2026-07-13 17:23:37 | RUN | 4635/4858 | vocabulary_synonym__qwen3.5_4b__attempt_074
2026-07-13 17:23:50 | RUN | 4636/4858 | vocabulary_synonym__qwen3.5_4b__attempt_075
2026-07-13 17:23:58 | RUN | 4637/4858 | vocabulary_synonym__qwen3.5_4b__attempt_076
2026-07-13 17:24:07 | RUN | 4638/4858 | vocabulary_synonym__qwen3.5_4b__attempt_077
2026-07-13 17:24:16 | RUN | 4639/4858 | vocabulary_synonym__qwen3.5_4b__attempt_078
2026-07-13 17:24:24 | RUN | 4640/4858 | vocabulary_synonym__qwen3.5_4b__attempt_080
2026-07-13 17:24:40 | RUN | 4641/4858 | vocabulary_synonym__qwen3.5_4b__attempt_081
2026-07-13 17:24:56 | RUN | 4642/4858 | vocabulary_synonym__qwen3.5_4b__attempt_082
2026-07-13 17:25:14 | RUN | 4643/4858 | vocabulary_synonym__qwen3.5_4b__attempt_083
2026-07-13 17:25:22 | RUN | 4644/4858 | vocabulary_synonym__qwen3.5_4b__attempt_085
2026-07-13 17:25:31 | RUN | 4645/4858 | vocabulary_synonym__qwen3.5_4b__attempt_086
2026-07-13 17:25:40 | RUN | 4646/4858 | vocabulary_synonym__qwen3.5_4b__attempt_087
2026-07-13 17:25:56 | RUN | 4647/4858 | vocabulary_synonym__qwen3.5_4b__attempt_088
2026-07-13 17:26:05 | RUN | 4648/4858 | vocabulary_synonym__qwen3.5_4b__attempt_089
2026-07-13 17:26:14 | RUN | 4649/4858 | vocabulary_synonym__qwen3.5_4b__attempt_090
2026-07-13 17:26:24 | RUN | 4650/4858 | vocabulary_synonym__qwen3.5_4b__attempt_091
2026-07-13 17:26:38 | RUN | 4651/4858 | vocabulary_synonym__qwen3.5_4b__attempt_092
2026-07-13 17:26:47 | RUN | 4652/4858 | vocabulary_synonym__qwen3.5_4b__attempt_094
2026-07-13 17:26:56 | RUN | 4653/4858 | vocabulary_synonym__qwen3.5_4b__attempt_095
2026-07-13 17:27:05 | RUN | 4654/4858 | vocabulary_synonym__qwen3.5_4b__attempt_096
2026-07-13 17:27:15 | RUN | 4655/4858 | vocabulary_synonym__qwen3.5_4b__attempt_097
2026-07-13 17:27:25 | RUN | 4656/4858 | vocabulary_synonym__qwen3.5_4b__attempt_098
2026-07-13 17:27:36 | RUN | 4657/4858 | vocabulary_synonym__qwen3.5_4b__attempt_099
2026-07-13 17:27:45 | RUN | 4658/4858 | vocabulary_synonym__qwen3.5_4b__attempt_100
2026-07-13 17:27:53 | RUN | 4659/4858 | writing__deepseek-r1_8b__attempt_001
2026-07-13 17:28:11 | RUN | 4660/4858 | writing__deepseek-r1_8b__attempt_002
2026-07-13 17:28:30 | RUN | 4661/4858 | writing__deepseek-r1_8b__attempt_003
2026-07-13 17:28:50 | RUN | 4662/4858 | writing__deepseek-r1_8b__attempt_004
2026-07-13 17:29:09 | RUN | 4663/4858 | writing__deepseek-r1_8b__attempt_005
2026-07-13 17:29:28 | RUN | 4664/4858 | writing__deepseek-r1_8b__attempt_006
2026-07-13 17:29:47 | RUN | 4665/4858 | writing__deepseek-r1_8b__attempt_007
2026-07-13 17:30:07 | RUN | 4666/4858 | writing__deepseek-r1_8b__attempt_008
2026-07-13 17:30:26 | RUN | 4667/4858 | writing__deepseek-r1_8b__attempt_009
2026-07-13 17:30:46 | RUN | 4668/4858 | writing__deepseek-r1_8b__attempt_010
2026-07-13 17:31:05 | RUN | 4669/4858 | writing__deepseek-r1_8b__attempt_011
2026-07-13 17:31:24 | RUN | 4670/4858 | writing__deepseek-r1_8b__attempt_012
2026-07-13 17:31:44 | RUN | 4671/4858 | writing__deepseek-r1_8b__attempt_013
2026-07-13 17:32:03 | RUN | 4672/4858 | writing__deepseek-r1_8b__attempt_014
2026-07-13 17:32:22 | RUN | 4673/4858 | writing__deepseek-r1_8b__attempt_015
2026-07-13 17:32:42 | RUN | 4674/4858 | writing__deepseek-r1_8b__attempt_016
2026-07-13 17:33:01 | RUN | 4675/4858 | writing__deepseek-r1_8b__attempt_017
2026-07-13 17:33:20 | RUN | 4676/4858 | writing__deepseek-r1_8b__attempt_018
2026-07-13 17:33:40 | RUN | 4677/4858 | writing__deepseek-r1_8b__attempt_019
2026-07-13 17:33:59 | RUN | 4678/4858 | writing__deepseek-r1_8b__attempt_020
2026-07-13 17:34:18 | RUN | 4679/4858 | writing__deepseek-r1_8b__attempt_021
2026-07-13 17:34:38 | RUN | 4680/4858 | writing__deepseek-r1_8b__attempt_022
2026-07-13 17:34:57 | RUN | 4681/4858 | writing__deepseek-r1_8b__attempt_023
2026-07-13 17:35:16 | RUN | 4682/4858 | writing__deepseek-r1_8b__attempt_024
2026-07-13 17:35:36 | RUN | 4683/4858 | writing__deepseek-r1_8b__attempt_025
2026-07-13 17:35:55 | RUN | 4684/4858 | writing__deepseek-r1_8b__attempt_026
2026-07-13 17:36:14 | RUN | 4685/4858 | writing__deepseek-r1_8b__attempt_027
2026-07-13 17:36:33 | RUN | 4686/4858 | writing__deepseek-r1_8b__attempt_028
2026-07-13 17:36:53 | RUN | 4687/4858 | writing__deepseek-r1_8b__attempt_029
2026-07-13 17:37:12 | RUN | 4688/4858 | writing__deepseek-r1_8b__attempt_030
2026-07-13 17:37:31 | RUN | 4689/4858 | writing__deepseek-r1_8b__attempt_031
2026-07-13 17:37:51 | RUN | 4690/4858 | writing__deepseek-r1_8b__attempt_032
2026-07-13 17:38:10 | RUN | 4691/4858 | writing__deepseek-r1_8b__attempt_033
2026-07-13 17:38:29 | RUN | 4692/4858 | writing__deepseek-r1_8b__attempt_034
2026-07-13 17:38:48 | RUN | 4693/4858 | writing__deepseek-r1_8b__attempt_035
2026-07-13 17:39:08 | RUN | 4694/4858 | writing__deepseek-r1_8b__attempt_036
2026-07-13 17:39:27 | RUN | 4695/4858 | writing__deepseek-r1_8b__attempt_037
2026-07-13 17:39:46 | RUN | 4696/4858 | writing__deepseek-r1_8b__attempt_038
2026-07-13 17:40:06 | RUN | 4697/4858 | writing__deepseek-r1_8b__attempt_039
2026-07-13 17:40:25 | RUN | 4698/4858 | writing__deepseek-r1_8b__attempt_040
2026-07-13 17:40:44 | RUN | 4699/4858 | writing__deepseek-r1_8b__attempt_041
2026-07-13 17:41:04 | RUN | 4700/4858 | writing__deepseek-r1_8b__attempt_042
2026-07-13 17:41:23 | RUN | 4701/4858 | writing__deepseek-r1_8b__attempt_043
2026-07-13 17:41:42 | RUN | 4702/4858 | writing__deepseek-r1_8b__attempt_044
2026-07-13 17:42:01 | RUN | 4703/4858 | writing__deepseek-r1_8b__attempt_045
2026-07-13 17:42:21 | RUN | 4704/4858 | writing__deepseek-r1_8b__attempt_046
2026-07-13 17:42:40 | RUN | 4705/4858 | writing__deepseek-r1_8b__attempt_047
2026-07-13 17:42:59 | RUN | 4706/4858 | writing__deepseek-r1_8b__attempt_048
2026-07-13 17:43:19 | RUN | 4707/4858 | writing__deepseek-r1_8b__attempt_049
2026-07-13 17:43:38 | RUN | 4708/4858 | writing__deepseek-r1_8b__attempt_050
2026-07-13 17:43:57 | RUN | 4709/4858 | writing__deepseek-r1_8b__attempt_051
2026-07-13 17:44:16 | RUN | 4710/4858 | writing__deepseek-r1_8b__attempt_052
2026-07-13 17:44:36 | RUN | 4711/4858 | writing__deepseek-r1_8b__attempt_053
2026-07-13 17:44:55 | RUN | 4712/4858 | writing__deepseek-r1_8b__attempt_054
2026-07-13 17:45:14 | RUN | 4713/4858 | writing__deepseek-r1_8b__attempt_055
2026-07-13 17:45:34 | RUN | 4714/4858 | writing__deepseek-r1_8b__attempt_056
2026-07-13 17:45:53 | RUN | 4715/4858 | writing__deepseek-r1_8b__attempt_057
2026-07-13 17:46:12 | RUN | 4716/4858 | writing__deepseek-r1_8b__attempt_058
2026-07-13 17:46:32 | RUN | 4717/4858 | writing__deepseek-r1_8b__attempt_059
2026-07-13 17:46:51 | RUN | 4718/4858 | writing__deepseek-r1_8b__attempt_060
2026-07-13 17:47:10 | RUN | 4719/4858 | writing__deepseek-r1_8b__attempt_061
2026-07-13 17:47:30 | RUN | 4720/4858 | writing__deepseek-r1_8b__attempt_062
2026-07-13 17:47:49 | RUN | 4721/4858 | writing__deepseek-r1_8b__attempt_063
2026-07-13 17:48:08 | RUN | 4722/4858 | writing__deepseek-r1_8b__attempt_064
2026-07-13 17:48:28 | RUN | 4723/4858 | writing__deepseek-r1_8b__attempt_065
2026-07-13 17:48:47 | RUN | 4724/4858 | writing__deepseek-r1_8b__attempt_066
2026-07-13 17:49:06 | RUN | 4725/4858 | writing__deepseek-r1_8b__attempt_067
2026-07-13 17:49:26 | RUN | 4726/4858 | writing__deepseek-r1_8b__attempt_068
2026-07-13 17:49:45 | RUN | 4727/4858 | writing__deepseek-r1_8b__attempt_069
2026-07-13 17:50:04 | RUN | 4728/4858 | writing__deepseek-r1_8b__attempt_070
2026-07-13 17:50:23 | RUN | 4729/4858 | writing__deepseek-r1_8b__attempt_071
2026-07-13 17:50:43 | RUN | 4730/4858 | writing__deepseek-r1_8b__attempt_072
2026-07-13 17:51:02 | RUN | 4731/4858 | writing__deepseek-r1_8b__attempt_073
2026-07-13 17:51:21 | RUN | 4732/4858 | writing__deepseek-r1_8b__attempt_074
2026-07-13 17:51:41 | RUN | 4733/4858 | writing__deepseek-r1_8b__attempt_075
2026-07-13 17:52:00 | RUN | 4734/4858 | writing__deepseek-r1_8b__attempt_076
2026-07-13 17:52:19 | RUN | 4735/4858 | writing__deepseek-r1_8b__attempt_077
2026-07-13 17:52:39 | RUN | 4736/4858 | writing__deepseek-r1_8b__attempt_078
2026-07-13 17:52:58 | RUN | 4737/4858 | writing__deepseek-r1_8b__attempt_079
2026-07-13 17:53:17 | RUN | 4738/4858 | writing__deepseek-r1_8b__attempt_080
2026-07-13 17:53:37 | RUN | 4739/4858 | writing__deepseek-r1_8b__attempt_081
2026-07-13 17:53:56 | RUN | 4740/4858 | writing__deepseek-r1_8b__attempt_082
2026-07-13 17:54:15 | RUN | 4741/4858 | writing__deepseek-r1_8b__attempt_083
2026-07-13 17:54:35 | RUN | 4742/4858 | writing__deepseek-r1_8b__attempt_084
2026-07-13 17:54:54 | RUN | 4743/4858 | writing__deepseek-r1_8b__attempt_085
2026-07-13 17:55:13 | RUN | 4744/4858 | writing__deepseek-r1_8b__attempt_086
2026-07-13 17:55:33 | RUN | 4745/4858 | writing__deepseek-r1_8b__attempt_087
2026-07-13 17:55:52 | RUN | 4746/4858 | writing__deepseek-r1_8b__attempt_088
2026-07-13 17:56:11 | RUN | 4747/4858 | writing__deepseek-r1_8b__attempt_089
2026-07-13 17:56:31 | RUN | 4748/4858 | writing__deepseek-r1_8b__attempt_090
2026-07-13 17:56:50 | RUN | 4749/4858 | writing__deepseek-r1_8b__attempt_091
2026-07-13 17:57:09 | RUN | 4750/4858 | writing__deepseek-r1_8b__attempt_092
2026-07-13 17:57:28 | RUN | 4751/4858 | writing__deepseek-r1_8b__attempt_093
2026-07-13 17:57:47 | RUN | 4752/4858 | writing__deepseek-r1_8b__attempt_094
2026-07-13 17:58:06 | RUN | 4753/4858 | writing__deepseek-r1_8b__attempt_095
2026-07-13 17:58:26 | RUN | 4754/4858 | writing__deepseek-r1_8b__attempt_096
2026-07-13 17:58:45 | RUN | 4755/4858 | writing__deepseek-r1_8b__attempt_097
2026-07-13 17:59:04 | RUN | 4756/4858 | writing__deepseek-r1_8b__attempt_098
2026-07-13 17:59:23 | RUN | 4757/4858 | writing__deepseek-r1_8b__attempt_099
2026-07-13 17:59:42 | RUN | 4758/4858 | writing__deepseek-r1_8b__attempt_100
2026-07-13 18:00:01 | RUN | 4759/4858 | writing__llama3.1_8b__attempt_001
2026-07-13 18:00:22 | RUN | 4760/4858 | writing__llama3.1_8b__attempt_002
2026-07-13 18:00:40 | RUN | 4761/4858 | writing__llama3.1_8b__attempt_003
2026-07-13 18:00:58 | RUN | 4762/4858 | writing__llama3.1_8b__attempt_004
2026-07-13 18:01:16 | RUN | 4763/4858 | writing__llama3.1_8b__attempt_005
2026-07-13 18:01:34 | RUN | 4764/4858 | writing__llama3.1_8b__attempt_006
2026-07-13 18:01:52 | RUN | 4765/4858 | writing__llama3.1_8b__attempt_007
2026-07-13 18:02:10 | RUN | 4766/4858 | writing__llama3.1_8b__attempt_008
2026-07-13 18:02:28 | RUN | 4767/4858 | writing__llama3.1_8b__attempt_009
2026-07-13 18:02:46 | RUN | 4768/4858 | writing__llama3.1_8b__attempt_010
2026-07-13 18:03:04 | RUN | 4769/4858 | writing__llama3.1_8b__attempt_011
2026-07-13 18:03:22 | RUN | 4770/4858 | writing__llama3.1_8b__attempt_012
2026-07-13 18:03:40 | RUN | 4771/4858 | writing__llama3.1_8b__attempt_013
2026-07-13 18:03:58 | RUN | 4772/4858 | writing__llama3.1_8b__attempt_014
2026-07-13 18:04:16 | RUN | 4773/4858 | writing__llama3.1_8b__attempt_015
2026-07-13 18:04:34 | RUN | 4774/4858 | writing__llama3.1_8b__attempt_016
2026-07-13 18:04:52 | RUN | 4775/4858 | writing__llama3.1_8b__attempt_017
2026-07-13 18:05:10 | RUN | 4776/4858 | writing__llama3.1_8b__attempt_018
2026-07-13 18:05:28 | RUN | 4777/4858 | writing__llama3.1_8b__attempt_019
2026-07-13 18:05:46 | RUN | 4778/4858 | writing__llama3.1_8b__attempt_020
2026-07-13 18:06:04 | RUN | 4779/4858 | writing__llama3.1_8b__attempt_021
2026-07-13 18:06:23 | RUN | 4780/4858 | writing__llama3.1_8b__attempt_022
2026-07-13 18:06:41 | RUN | 4781/4858 | writing__llama3.1_8b__attempt_023
2026-07-13 18:06:59 | RUN | 4782/4858 | writing__llama3.1_8b__attempt_024
2026-07-13 18:07:17 | RUN | 4783/4858 | writing__llama3.1_8b__attempt_025
2026-07-13 18:07:35 | RUN | 4784/4858 | writing__llama3.1_8b__attempt_026
2026-07-13 18:07:53 | RUN | 4785/4858 | writing__llama3.1_8b__attempt_027
2026-07-13 18:08:11 | RUN | 4786/4858 | writing__llama3.1_8b__attempt_028
2026-07-13 18:08:29 | RUN | 4787/4858 | writing__llama3.1_8b__attempt_029
2026-07-13 18:08:47 | RUN | 4788/4858 | writing__llama3.1_8b__attempt_030
2026-07-13 18:09:05 | RUN | 4789/4858 | writing__llama3.1_8b__attempt_031
2026-07-13 18:09:23 | RUN | 4790/4858 | writing__llama3.1_8b__attempt_032
2026-07-13 18:09:41 | RUN | 4791/4858 | writing__llama3.1_8b__attempt_033
2026-07-13 18:09:59 | RUN | 4792/4858 | writing__llama3.1_8b__attempt_034
2026-07-13 18:10:17 | RUN | 4793/4858 | writing__llama3.1_8b__attempt_035
2026-07-13 18:10:35 | RUN | 4794/4858 | writing__llama3.1_8b__attempt_036
2026-07-13 18:10:53 | RUN | 4795/4858 | writing__llama3.1_8b__attempt_037
2026-07-13 18:11:11 | RUN | 4796/4858 | writing__llama3.1_8b__attempt_038
2026-07-13 18:11:29 | RUN | 4797/4858 | writing__llama3.1_8b__attempt_039
2026-07-13 18:11:47 | RUN | 4798/4858 | writing__llama3.1_8b__attempt_040
2026-07-13 18:12:05 | RUN | 4799/4858 | writing__llama3.1_8b__attempt_041
2026-07-13 18:12:23 | RUN | 4800/4858 | writing__llama3.1_8b__attempt_042
2026-07-13 18:12:41 | RUN | 4801/4858 | writing__llama3.1_8b__attempt_043
2026-07-13 18:12:59 | RUN | 4802/4858 | writing__llama3.1_8b__attempt_044
2026-07-13 18:13:17 | RUN | 4803/4858 | writing__llama3.1_8b__attempt_045
2026-07-13 18:13:35 | RUN | 4804/4858 | writing__llama3.1_8b__attempt_046
2026-07-13 18:13:53 | RUN | 4805/4858 | writing__llama3.1_8b__attempt_047
2026-07-13 18:14:12 | RUN | 4806/4858 | writing__llama3.1_8b__attempt_048
2026-07-13 18:14:30 | RUN | 4807/4858 | writing__llama3.1_8b__attempt_049
2026-07-13 18:14:48 | RUN | 4808/4858 | writing__llama3.1_8b__attempt_050
2026-07-13 18:15:06 | RUN | 4809/4858 | writing__llama3.1_8b__attempt_051
2026-07-13 18:15:24 | RUN | 4810/4858 | writing__llama3.1_8b__attempt_052
2026-07-13 18:15:42 | RUN | 4811/4858 | writing__llama3.1_8b__attempt_053
2026-07-13 18:16:00 | RUN | 4812/4858 | writing__llama3.1_8b__attempt_054
2026-07-13 18:16:18 | RUN | 4813/4858 | writing__llama3.1_8b__attempt_055
2026-07-13 18:16:36 | RUN | 4814/4858 | writing__llama3.1_8b__attempt_056
2026-07-13 18:16:54 | RUN | 4815/4858 | writing__llama3.1_8b__attempt_057
2026-07-13 18:17:12 | RUN | 4816/4858 | writing__llama3.1_8b__attempt_058
2026-07-13 18:17:30 | RUN | 4817/4858 | writing__llama3.1_8b__attempt_059
2026-07-13 18:17:48 | RUN | 4818/4858 | writing__llama3.1_8b__attempt_060
2026-07-13 18:18:06 | RUN | 4819/4858 | writing__llama3.1_8b__attempt_061
2026-07-13 18:18:24 | RUN | 4820/4858 | writing__llama3.1_8b__attempt_062
2026-07-13 18:18:42 | RUN | 4821/4858 | writing__llama3.1_8b__attempt_063
2026-07-13 18:19:00 | RUN | 4822/4858 | writing__llama3.1_8b__attempt_064
2026-07-13 18:19:18 | RUN | 4823/4858 | writing__llama3.1_8b__attempt_065
2026-07-13 18:19:36 | RUN | 4824/4858 | writing__llama3.1_8b__attempt_066
2026-07-13 18:19:54 | RUN | 4825/4858 | writing__llama3.1_8b__attempt_067
2026-07-13 18:20:12 | RUN | 4826/4858 | writing__llama3.1_8b__attempt_068
2026-07-13 18:20:30 | RUN | 4827/4858 | writing__llama3.1_8b__attempt_069
2026-07-13 18:20:48 | RUN | 4828/4858 | writing__llama3.1_8b__attempt_070
2026-07-13 18:21:06 | RUN | 4829/4858 | writing__llama3.1_8b__attempt_071
2026-07-13 18:21:24 | RUN | 4830/4858 | writing__llama3.1_8b__attempt_072
2026-07-13 18:21:42 | RUN | 4831/4858 | writing__llama3.1_8b__attempt_073
2026-07-13 18:22:00 | RUN | 4832/4858 | writing__llama3.1_8b__attempt_074
2026-07-13 18:22:18 | RUN | 4833/4858 | writing__llama3.1_8b__attempt_075
2026-07-13 18:22:36 | RUN | 4834/4858 | writing__llama3.1_8b__attempt_076
2026-07-13 18:22:54 | RUN | 4835/4858 | writing__llama3.1_8b__attempt_077
2026-07-13 18:23:12 | RUN | 4836/4858 | writing__llama3.1_8b__attempt_078
2026-07-13 18:23:30 | RUN | 4837/4858 | writing__llama3.1_8b__attempt_079
2026-07-13 18:23:48 | RUN | 4838/4858 | writing__llama3.1_8b__attempt_080
2026-07-13 18:24:06 | RUN | 4839/4858 | writing__llama3.1_8b__attempt_081
2026-07-13 18:24:24 | RUN | 4840/4858 | writing__llama3.1_8b__attempt_082
2026-07-13 18:24:42 | RUN | 4841/4858 | writing__llama3.1_8b__attempt_083
2026-07-13 18:25:00 | RUN | 4842/4858 | writing__llama3.1_8b__attempt_084
2026-07-13 18:25:19 | RUN | 4843/4858 | writing__llama3.1_8b__attempt_085
2026-07-13 18:25:37 | RUN | 4844/4858 | writing__llama3.1_8b__attempt_086
2026-07-13 18:25:55 | RUN | 4845/4858 | writing__llama3.1_8b__attempt_087
2026-07-13 18:26:13 | RUN | 4846/4858 | writing__llama3.1_8b__attempt_088
2026-07-13 18:26:31 | RUN | 4847/4858 | writing__llama3.1_8b__attempt_089
2026-07-13 18:26:49 | RUN | 4848/4858 | writing__llama3.1_8b__attempt_090
2026-07-13 18:27:07 | RUN | 4849/4858 | writing__llama3.1_8b__attempt_091
2026-07-13 18:27:25 | RUN | 4850/4858 | writing__llama3.1_8b__attempt_092
2026-07-13 18:27:43 | RUN | 4851/4858 | writing__llama3.1_8b__attempt_093
2026-07-13 18:28:01 | RUN | 4852/4858 | writing__llama3.1_8b__attempt_094
2026-07-13 18:28:19 | RUN | 4853/4858 | writing__llama3.1_8b__attempt_095
2026-07-13 18:28:37 | RUN | 4854/4858 | writing__llama3.1_8b__attempt_096
2026-07-13 18:28:55 | RUN | 4855/4858 | writing__llama3.1_8b__attempt_097
2026-07-13 18:29:13 | RUN | 4856/4858 | writing__llama3.1_8b__attempt_098
2026-07-13 18:29:31 | RUN | 4857/4858 | writing__llama3.1_8b__attempt_099
2026-07-13 18:29:49 | RUN | 4858/4858 | writing__llama3.1_8b__attempt_100
2026-07-13 18:30:07 | Processed: 4858
2026-07-13 18:30:07 | Skipped:   0
2026-07-13 18:30:07 | Failed:    0
2026-07-13 18:30:07 | === JUDGE RUN FINISHED ===
